date,shift,airline,flight number,aircraft type,route,loading supervisor id,scheduled arrival time,scheduled departure time,actual arrival time,actual departure time,conveyor belt on,conveyor belt off,h-loader on,h-loader off,cargo doors open,cargo doors closed,first trolley out,last trolley out,baggage at aircraft
01-11-25,Shift A,Air Botswana,BP312,E175,GBE-HRE via LUN,1,8:50:00,9:40:00,8:42:00,9:31:00,8:47:00,9:21:00,,,8:46:00,9:23:00,8:48:00,8:55:00,55
01-11-25,Shift A,Malawian Airlines,ET34,DH8,LLW-HRE via LUN,2,11:45:00,12:20:00,11:36:00,12:44:00,11:39:00,12:28:00,,,11:38:00,12:30:00,11:40:00,11:52:00,28
01-11-25,Shift A,Malawian Airlines,ET35,DH8,HRE-LLW via LUN,3,13:10:00,13:45:00,12:56:00,13:40:00,13:00:00,13:30:00,,,12:59:00,13:32:00,13:01:00,13:14:00,174
01-11-25,Shift A,South African Airways,SA62,A320,JNB-JNB via LUN,4,12:40:00,13:30:00,12:26:00,13:55:00,12:30:00,13:38:00,,,12:29:00,13:40:00,12:31:00,12:44:00,127
01-11-25,Shift A,Air Tanzania,TC212,A220,DAR-HRE via LUN,5,12:20:00,13:10:00,12:19:00,13:28:00,12:24:00,13:21:00,,,12:23:00,13:23:00,12:25:00,12:31:00,198
01-11-25,Shift A,Uganda Airlines,UR722,CRJ900,EBB-HRE via LUN,6,11:45:00,12:30:00,11:57:00,12:41:00,12:02:00,12:32:00,,,12:01:00,12:34:00,12:03:00,12:10:00,106
01-11-25,Shift A,RwandAir,WB112,B737,KGL-HRE via LUN,7,15:00:00,15:50:00,14:51:00,15:45:00,14:57:00,15:37:00,,,14:56:00,15:39:00,14:58:00,15:06:00,108
01-11-25,Shift A,Ethiopian Airways,ET873,B787,ADD-ADD via LUN,1,13:10:00,15:10:00,13:11:00,15:02:00,13:17:00,14:47:00,13:18:00,14:46:00,13:16:00,14:49:00,13:18:00,13:22:00,116
01-11-25,Shift A,Airlink,4Z166,E135,JNB-JNB via LUN,2,9:40:00,10:15:00,9:30:00,10:40:00,9:35:00,10:23:00,,,9:34:00,10:25:00,9:36:00,9:49:00,112
01-11-25,Shift A,Airlink,4Z162,E195,JNB-JNB via LUN,3,13:30:00,14:15:00,13:27:00,14:09:00,13:30:00,13:52:00,,,13:29:00,13:54:00,13:31:00,13:40:00,94
01-11-25,Shift A,Qatar Airways,QR1455,B787,DOH-HRE via LUN,4,7:50:00,9:40:00,7:40:00,9:44:00,7:43:00,9:31:00,7:44:00,9:30:00,7:42:00,9:33:00,7:44:00,7:54:00,136
01-11-25,Shift A,Qatar Airways,QR1456,B787,HRE-DOH via LUN,5,15:00:00,16:30:00,15:08:00,16:30:00,15:13:00,16:18:00,15:14:00,16:17:00,15:12:00,16:20:00,15:14:00,15:21:00,191
01-11-25,Shift A,Turkish Airlines,TK525,B737 Max,IST-IST via LUN,6,1:20:00,2:20:00,1:22:00,2:14:00,1:26:00,1:59:00,,,1:25:00,2:01:00,1:27:00,1:35:00,61
01-11-25,Shift A,Kenya Airways,KQ704,B737,NBO-HRE via LUN,7,17:20:00,18:10:00,17:29:00,18:17:00,17:33:00,18:00:00,,,17:32:00,18:02:00,17:34:00,17:44:00,34
01-11-25,Shift A,Kenya Airways,KQ706,E195,NBO-HRE via LUN,1,9:10:00,10:00:00,8:57:00,10:10:00,9:03:00,9:59:00,,,9:02:00,10:01:00,9:04:00,9:08:00,74
02-11-25,Shift A,Air Botswana,BP312,E175,GBE-HRE via LUN,1,8:50:00,9:40:00,8:55:00,9:43:00,9:01:00,9:30:00,,,9:00:00,9:32:00,9:02:00,9:15:00,137
02-11-25,Shift A,Malawian Airlines,ET34,DH8,LLW-HRE via LUN,2,11:45:00,12:20:00,11:39:00,12:26:00,11:43:00,12:16:00,,,11:42:00,12:18:00,11:44:00,11:57:00,157
02-11-25,Shift A,Malawian Airlines,ET35,DH8,HRE-LLW via LUN,3,13:10:00,13:45:00,13:11:00,14:02:00,13:17:00,13:50:00,,,13:16:00,13:52:00,13:18:00,13:24:00,55
02-11-25,Shift A,South African Airways,SA62,A320,JNB-JNB via LUN,4,12:40:00,13:30:00,12:57:00,13:51:00,13:00:00,13:44:00,,,12:59:00,13:46:00,13:01:00,13:08:00,59
02-11-25,Shift A,Air Tanzania,TC212,A220,DAR-HRE via LUN,5,12:20:00,13:10:00,12:15:00,13:27:00,12:18:00,13:14:00,,,12:17:00,13:16:00,12:19:00,12:31:00,172
02-11-25,Shift A,Uganda Airlines,UR722,CRJ900,EBB-HRE via LUN,6,11:45:00,12:30:00,11:59:00,12:53:00,12:04:00,12:38:00,,,12:03:00,12:40:00,12:05:00,12:09:00,194
02-11-25,Shift A,RwandAir,WB112,B737,KGL-HRE via LUN,7,15:00:00,15:50:00,14:52:00,16:14:00,14:57:00,15:57:00,,,14:56:00,15:59:00,14:58:00,15:07:00,48
02-11-25,Shift A,Ethiopian Airways,ET873,B777,ADD-ADD via LUN,1,13:10:00,15:10:00,13:22:00,15:10:00,13:28:00,15:03:00,13:29:00,15:02:00,13:27:00,15:05:00,13:29:00,13:36:00,148
02-11-25,Shift A,Airlink,4Z166,E135,JNB-JNB via LUN,2,9:40:00,10:15:00,9:36:00,10:37:00,9:39:00,10:20:00,,,9:38:00,10:22:00,9:40:00,9:50:00,183
02-11-25,Shift A,Airlink,4Z162,E195,JNB-JNB via LUN,3,13:30:00,14:15:00,13:47:00,14:17:00,13:51:00,14:05:00,,,13:50:00,14:07:00,13:52:00,13:59:00,158
02-11-25,Shift A,Qatar Airways,QR1455,B787,DOH-HRE via LUN,4,7:50:00,9:40:00,8:08:00,9:30:00,8:13:00,9:16:00,8:14:00,9:15:00,8:12:00,9:18:00,8:14:00,8:18:00,48
02-11-25,Shift A,Qatar Airways,QR1456,B787,HRE-DOH via LUN,5,15:00:00,16:30:00,15:08:00,16:39:00,15:12:00,16:32:00,15:13:00,16:31:00,15:11:00,16:34:00,15:13:00,15:21:00,165
02-11-25,Shift A,Turkish Airlines,TK525,B737 Max,IST-IST via LUN,6,1:20:00,2:20:00,1:10:00,2:15:00,1:16:00,2:07:00,,,1:15:00,2:09:00,1:17:00,1:28:00,52
02-11-25,Shift A,Kenya Airways,KQ704,E195,NBO-HRE via LUN,7,17:20:00,18:10:00,17:35:00,18:35:00,17:39:00,18:24:00,,,17:38:00,18:26:00,17:40:00,17:53:00,175
02-11-25,Shift A,Kenya Airways,KQ706,B737,NBO-HRE via LUN,1,9:10:00,10:00:00,9:08:00,10:24:00,9:12:00,10:13:00,,,9:11:00,10:15:00,9:13:00,9:24:00,191
03-11-25,Shift A,Air Botswana,BP312,E175,GBE-HRE via LUN,1,8:50:00,9:40:00,8:58:00,9:58:00,9:04:00,9:50:00,,,9:03:00,9:52:00,9:05:00,9:11:00,77
03-11-25,Shift A,Malawian Airlines,ET34,DH8,LLW-HRE via LUN,2,11:45:00,12:20:00,11:34:00,12:31:00,11:37:00,12:15:00,,,11:36:00,12:17:00,11:38:00,11:52:00,78
03-11-25,Shift A,Malawian Airlines,ET35,DH8,HRE-LLW via LUN,3,13:10:00,13:45:00,13:09:00,13:35:00,13:12:00,13:18:00,,,13:11:00,13:20:00,13:13:00,13:19:00,78
03-11-25,Shift A,South African Airways,SA62,A320,JNB-JNB via LUN,4,12:40:00,13:30:00,12:29:00,13:22:00,12:34:00,13:14:00,,,12:33:00,13:16:00,12:35:00,12:47:00,80
03-11-25,Shift A,Air Tanzania,TC212,A220,DAR-HRE via LUN,5,12:20:00,13:10:00,12:22:00,13:31:00,12:26:00,13:16:00,,,12:25:00,13:18:00,12:27:00,12:34:00,166
03-11-25,Shift A,Uganda Airlines,UR722,CRJ900,EBB-HRE via LUN,6,11:45:00,12:30:00,12:00:00,12:35:00,12:06:00,12:22:00,,,12:05:00,12:24:00,12:07:00,12:13:00,44
03-11-25,Shift A,RwandAir,WB112,B737,KGL-HRE via LUN,7,15:00:00,15:50:00,14:51:00,16:07:00,14:56:00,15:54:00,,,14:55:00,15:56:00,14:57:00,15:07:00,139
03-11-25,Shift A,Ethiopian Airways,ET873,B787,ADD-ADD via LUN,1,13:10:00,15:10:00,12:58:00,15:06:00,13:01:00,14:53:00,13:02:00,14:52:00,13:00:00,14:55:00,13:02:00,13:13:00,47
03-11-25,Shift A,Airlink,4Z166,E135,JNB-JNB via LUN,2,9:40:00,10:15:00,9:40:00,10:17:00,9:44:00,10:02:00,,,9:43:00,10:04:00,9:45:00,9:57:00,55
03-11-25,Shift A,Airlink,4Z162,E195,JNB-JNB via LUN,3,13:30:00,14:15:00,13:42:00,14:16:00,13:47:00,14:02:00,,,13:46:00,14:04:00,13:48:00,13:55:00,39
03-11-25,Shift A,Qatar Airways,QR1455,B787,DOH-HRE via LUN,4,7:50:00,9:40:00,8:03:00,10:05:00,8:06:00,9:58:00,8:07:00,9:57:00,8:05:00,10:00:00,8:07:00,8:23:00,158
03-11-25,Shift A,Qatar Airways,QR1456,B787,HRE-DOH via LUN,5,15:00:00,16:30:00,14:45:00,16:25:00,14:49:00,16:16:00,14:50:00,16:15:00,14:48:00,16:18:00,14:50:00,15:01:00,144
03-11-25,Shift A,Turkish Airlines,TK525,B737 Max,IST-IST via LUN,6,1:20:00,2:20:00,1:35:00,2:23:00,1:41:00,2:16:00,,,1:40:00,2:18:00,1:42:00,1:47:00,117
03-11-25,Shift A,Kenya Airways,KQ704,E195,NBO-HRE via LUN,7,17:20:00,18:10:00,17:29:00,18:16:00,17:35:00,18:05:00,,,17:34:00,18:07:00,17:36:00,17:45:00,198
03-11-25,Shift A,Kenya Airways,KQ706,B737,NBO-HRE via LUN,1,9:10:00,10:00:00,9:04:00,10:02:00,9:09:00,9:52:00,,,9:08:00,9:54:00,9:10:00,9:14:00,168
04-11-25,Shift A,Air Botswana,BP312,E175,GBE-HRE via LUN,1,8:50:00,9:40:00,9:09:00,9:33:00,9:14:00,9:26:00,,,9:13:00,9:28:00,9:15:00,9:19:00,169
04-11-25,Shift A,Malawian Airlines,ET34,DH8,LLW-HRE via LUN,2,11:45:00,12:20:00,12:00:00,12:42:00,12:04:00,12:35:00,,,12:03:00,12:37:00,12:05:00,12:18:00,40
04-11-25,Shift A,Malawian Airlines,ET35,DH8,HRE-LLW via LUN,3,13:10:00,13:45:00,13:06:00,13:06:00,13:09:00,13:22:00,,,13:08:00,13:24:00,13:10:00,13:19:00,123
04-11-25,Shift A,South African Airways,SA62,A320,JNB-JNB via LUN,4,12:40:00,13:30:00,12:32:00,12:32:00,12:35:00,13:19:00,,,12:34:00,13:21:00,12:36:00,12:43:00,127
04-11-25,Shift A,Air Tanzania,TC212,A220,DAR-HRE via LUN,5,12:20:00,13:10:00,12:38:00,13:20:00,12:43:00,13:10:00,,,12:42:00,13:12:00,12:44:00,12:58:00,100
04-11-25,Shift A,Uganda Airlines,UR722,CRJ900,EBB-HRE via LUN,6,11:45:00,12:30:00,11:45:00,12:36:00,11:51:00,12:27:00,,,11:50:00,12:29:00,11:52:00,12:05:00,185
04-11-25,Shift A,RwandAir,WB112,B737,KGL-HRE via LUN,7,15:00:00,15:50:00,15:04:00,16:09:00,15:09:00,16:01:00,,,15:08:00,16:03:00,15:10:00,15:14:00,137
04-11-25,Shift A,Ethiopian Airways,ET873,B787,ADD-ADD via LUN,1,13:10:00,15:10:00,13:01:00,15:04:00,13:05:00,14:49:00,13:06:00,14:48:00,13:04:00,14:51:00,13:06:00,13:15:00,53
04-11-25,Shift A,Airlink,4Z166,E135,JNB-JNB via LUN,2,9:40:00,10:15:00,9:47:00,10:09:00,9:51:00,9:57:00,,,9:50:00,9:59:00,9:52:00,10:01:00,60
04-11-25,Shift A,Airlink,4Z162,E195,JNB-JNB via LUN,3,13:30:00,14:15:00,13:43:00,14:39:00,13:48:00,14:23:00,,,13:47:00,14:25:00,13:49:00,14:03:00,155
04-11-25,Shift A,Qatar Airways,QR1455,B787,DOH-HRE via LUN,4,7:50:00,9:40:00,7:35:00,10:05:00,7:40:00,9:48:00,7:41:00,9:47:00,7:39:00,9:50:00,7:41:00,7:46:00,54
04-11-25,Shift A,Qatar Airways,QR1456,B787,HRE-DOH via LUN,5,15:00:00,16:30:00,15:01:00,16:27:00,15:04:00,16:12:00,15:05:00,16:11:00,15:03:00,16:14:00,15:05:00,15:13:00,89
04-11-25,Shift A,Turkish Airlines,TK525,B737 Max,IST-IST via LUN,6,1:20:00,2:20:00,1:23:00,2:23:00,1:28:00,2:13:00,,,1:27:00,2:15:00,1:29:00,1:43:00,182
04-11-25,Shift A,Kenya Airways,KQ704,B737,NBO-HRE via LUN,7,17:20:00,18:10:00,17:37:00,18:31:00,17:42:00,18:24:00,,,17:41:00,18:26:00,17:43:00,17:48:00,182
04-11-25,Shift A,Kenya Airways,KQ706,B737,NBO-HRE via LUN,1,9:10:00,10:00:00,9:12:00,9:52:00,9:15:00,9:40:00,,,9:14:00,9:42:00,9:16:00,9:24:00,183
05-11-25,Shift B,Air Botswana,BP312,E175,GBE-HRE via LUN,8,8:50:00,9:40:00,8:51:00,9:40:00,8:57:00,9:25:00,,,8:56:00,9:27:00,8:58:00,9:07:00,163
05-11-25,Shift B,Malawian Airlines,ET34,DH8,LLW-HRE via LUN,9,11:45:00,12:20:00,11:30:00,12:17:00,11:33:00,12:08:00,,,11:32:00,12:10:00,11:34:00,11:48:00,29
05-11-25,Shift B,Malawian Airlines,ET35,DH8,HRE-LLW via LUN,10,13:10:00,13:45:00,13:18:00,14:10:00,13:22:00,13:57:00,,,13:21:00,13:59:00,13:23:00,13:30:00,30
05-11-25,Shift B,South African Airways,SA62,A320,JNB-JNB via LUN,12,12:40:00,13:30:00,12:44:00,13:43:00,12:47:00,13:31:00,,,12:46:00,13:33:00,12:48:00,12:57:00,194
05-11-25,Shift B,Air Tanzania,TC212,A220,DAR-HRE via LUN,13,12:20:00,13:10:00,12:20:00,13:06:00,12:25:00,12:51:00,,,12:24:00,12:53:00,12:26:00,12:36:00,178
05-11-25,Shift B,Uganda Airlines,UR722,CRJ900,EBB-HRE via LUN,14,11:45:00,12:30:00,11:39:00,12:35:00,11:43:00,12:26:00,,,11:42:00,12:28:00,11:44:00,11:55:00,26
05-11-25,Shift B,RwandAir,WB112,B737,KGL-HRE via LUN,8,15:00:00,15:50:00,14:56:00,16:01:00,15:02:00,15:44:00,,,15:01:00,15:46:00,15:03:00,15:09:00,88
05-11-25,Shift B,Ethiopian Airways,ET873,A350,ADD-ADD via LUN,9,13:10:00,15:10:00,13:01:00,15:24:00,13:04:00,15:10:00,13:05:00,15:09:00,13:03:00,15:12:00,13:05:00,13:14:00,71
05-11-25,Shift B,Airlink,4Z166,E135,JNB-JNB via LUN,10,9:40:00,10:15:00,9:54:00,10:27:00,9:59:00,10:17:00,,,9:58:00,10:19:00,10:00:00,10:07:00,26
05-11-25,Shift B,Airlink,4Z162,E195,JNB-JNB via LUN,12,13:30:00,14:15:00,13:27:00,14:30:00,13:32:00,14:19:00,,,13:31:00,14:21:00,13:33:00,13:38:00,91
05-11-25,Shift B,Qatar Airways,QR1455,B787,DOH-HRE via LUN,13,7:50:00,9:40:00,7:57:00,10:02:00,8:03:00,9:45:00,8:04:00,9:44:00,8:02:00,9:47:00,8:04:00,8:15:00,104
05-11-25,Shift B,Qatar Airways,QR1456,B787,HRE-DOH via LUN,14,15:00:00,16:30:00,14:46:00,16:27:00,14:51:00,16:18:00,14:52:00,16:17:00,14:50:00,16:20:00,14:52:00,15:05:00,87
05-11-25,Shift B,Turkish Airlines,TK525,B737 Max,IST-IST via LUN,8,1:20:00,2:20:00,1:07:00,2:16:00,1:13:00,2:04:00,,,1:12:00,2:06:00,1:14:00,1:22:00,131
05-11-25,Shift B,Kenya Airways,KQ704,E195,NBO-HRE via LUN,9,17:20:00,18:10:00,17:29:00,18:12:00,17:34:00,18:05:00,,,17:33:00,18:07:00,17:35:00,17:45:00,20
05-11-25,Shift B,Kenya Airways,KQ706,E195,NBO-HRE via LUN,10,9:10:00,10:00:00,9:18:00,10:17:00,9:21:00,10:00:00,,,9:20:00,10:02:00,9:22:00,9:33:00,179
06-11-25,Shift B,Air Botswana,BP312,E175,GBE-HRE via LUN,8,8:50:00,9:40:00,8:55:00,9:37:00,9:00:00,9:22:00,,,8:59:00,9:24:00,9:01:00,9:09:00,190
06-11-25,Shift B,Malawian Airlines,ET34,DH8,LLW-HRE via LUN,9,11:45:00,12:20:00,11:56:00,12:30:00,12:02:00,12:19:00,,,12:01:00,12:21:00,12:03:00,12:14:00,52
06-11-25,Shift B,Malawian Airlines,ET35,DH8,HRE-LLW via LUN,10,13:10:00,13:45:00,13:07:00,14:01:00,13:13:00,13:44:00,,,13:12:00,13:46:00,13:14:00,13:19:00,177
06-11-25,Shift B,South African Airways,SA62,A320,JNB-JNB via LUN,12,12:40:00,13:30:00,12:44:00,13:45:00,12:47:00,13:34:00,,,12:46:00,13:36:00,12:48:00,12:58:00,73
06-11-25,Shift B,Air Tanzania,TC212,A220,DAR-HRE via LUN,13,12:20:00,13:10:00,12:32:00,13:20:00,12:38:00,13:06:00,,,12:37:00,13:08:00,12:39:00,12:49:00,192
06-11-25,Shift B,Uganda Airlines,UR722,CRJ900,EBB-HRE via LUN,14,11:45:00,12:30:00,11:43:00,12:52:00,11:49:00,12:43:00,,,11:48:00,12:45:00,11:50:00,12:03:00,41
06-11-25,Shift B,RwandAir,WB112,B737,KGL-HRE via LUN,8,15:00:00,15:50:00,15:03:00,16:12:00,15:08:00,16:04:00,,,15:07:00,16:06:00,15:09:00,15:16:00,192
06-11-25,Shift B,Ethiopian Airways,ET873,B777,ADD-ADD via LUN,9,13:10:00,15:10:00,13:09:00,15:12:00,13:13:00,15:05:00,13:14:00,15:04:00,13:12:00,15:07:00,13:14:00,13:19:00,82
06-11-25,Shift B,Airlink,4Z166,E135,JNB-JNB via LUN,10,9:40:00,10:15:00,9:55:00,10:09:00,10:01:00,9:56:00,,,10:00:00,9:58:00,10:02:00,10:15:00,167
06-11-25,Shift B,Airlink,4Z162,E195,JNB-JNB via LUN,12,13:30:00,14:15:00,13:27:00,14:29:00,13:33:00,14:16:00,,,13:32:00,14:18:00,13:34:00,13:40:00,57
06-11-25,Shift B,Qatar Airways,QR1455,B787,DOH-HRE via LUN,13,7:50:00,9:40:00,7:35:00,9:36:00,7:41:00,9:26:00,7:42:00,9:25:00,7:40:00,9:28:00,7:42:00,7:47:00,198
06-11-25,Shift B,Qatar Airways,QR1456,B787,HRE-DOH via LUN,14,15:00:00,16:30:00,15:18:00,16:49:00,15:21:00,16:34:00,15:22:00,16:33:00,15:20:00,16:36:00,15:22:00,15:31:00,51
06-11-25,Shift B,Turkish Airlines,TK525,B737 Max,IST-IST via LUN,8,1:20:00,2:20:00,1:34:00,2:18:00,1:40:00,2:01:00,,,1:39:00,2:03:00,1:41:00,1:52:00,163
06-11-25,Shift B,Kenya Airways,KQ704,B737,NBO-HRE via LUN,9,17:20:00,18:10:00,17:33:00,18:32:00,17:39:00,18:17:00,,,17:38:00,18:19:00,17:40:00,17:50:00,60
06-11-25,Shift B,Kenya Airways,KQ706,B737,NBO-HRE via LUN,10,9:10:00,10:00:00,9:23:00,10:06:00,9:27:00,9:49:00,,,9:26:00,9:51:00,9:28:00,9:37:00,153
07-11-25,Shift B,Air Botswana,BP312,E175,GBE-HRE via LUN,8,8:50:00,9:40:00,9:06:00,9:45:00,9:11:00,9:31:00,,,9:10:00,9:33:00,9:12:00,9:17:00,93
07-11-25,Shift B,Malawian Airlines,ET34,DH8,LLW-HRE via LUN,9,11:45:00,12:20:00,11:45:00,12:27:00,11:50:00,12:15:00,,,11:49:00,12:17:00,11:51:00,12:03:00,40
07-11-25,Shift B,Malawian Airlines,ET35,DH8,HRE-LLW via LUN,10,13:10:00,13:45:00,13:03:00,13:44:00,13:07:00,13:31:00,,,13:06:00,13:33:00,13:08:00,13:15:00,200
07-11-25,Shift B,South African Airways,SA62,A320,JNB-JNB via LUN,12,12:40:00,13:30:00,12:38:00,13:24:00,12:44:00,13:11:00,,,12:43:00,13:13:00,12:45:00,12:53:00,158
07-11-25,Shift B,Air Tanzania,TC212,A220,DAR-HRE via LUN,13,12:20:00,13:10:00,12:34:00,13:26:00,12:37:00,13:16:00,,,12:36:00,13:18:00,12:38:00,12:50:00,119
07-11-25,Shift B,Uganda Airlines,UR722,CRJ900,EBB-HRE via LUN,14,11:45:00,12:30:00,11:31:00,12:44:00,11:37:00,12:37:00,,,11:36:00,12:39:00,11:38:00,11:46:00,96
07-11-25,Shift B,RwandAir,WB112,B737,KGL-HRE via LUN,8,15:00:00,15:50:00,15:09:00,16:06:00,15:13:00,15:52:00,,,15:12:00,15:54:00,15:14:00,15:22:00,89
07-11-25,Shift B,Ethiopian Airways,ET873,B777,ADD-ADD via LUN,9,13:10:00,15:10:00,13:26:00,15:01:00,13:32:00,14:49:00,13:33:00,14:48:00,13:31:00,14:51:00,13:33:00,13:46:00,193
07-11-25,Shift B,Airlink,4Z166,E135,JNB-JNB via LUN,10,9:40:00,10:15:00,9:50:00,10:15:00,9:56:00,10:06:00,,,9:55:00,10:08:00,9:57:00,10:09:00,156
07-11-25,Shift B,Airlink,4Z162,E195,JNB-JNB via LUN,12,13:30:00,14:15:00,13:16:00,14:30:00,13:19:00,14:22:00,,,13:18:00,14:24:00,13:20:00,13:36:00,129
07-11-25,Shift B,Qatar Airways,QR1455,B787,DOH-HRE via LUN,13,7:50:00,9:40:00,7:43:00,9:59:00,7:47:00,9:52:00,7:48:00,9:51:00,7:46:00,9:54:00,7:48:00,7:57:00,117
07-11-25,Shift B,Qatar Airways,QR1456,B787,HRE-DOH via LUN,14,15:00:00,16:30:00,15:05:00,16:33:00,15:11:00,16:21:00,15:12:00,16:20:00,15:10:00,16:23:00,15:12:00,15:20:00,117
07-11-25,Shift B,Turkish Airlines,TK525,B737 Max,IST-IST via LUN,8,1:20:00,2:20:00,1:22:00,1:22:00,1:27:00,2:28:00,,,1:26:00,2:30:00,1:28:00,1:39:00,24
07-11-25,Shift B,Kenya Airways,KQ704,E195,NBO-HRE via LUN,9,17:20:00,18:10:00,17:27:00,18:14:00,17:30:00,17:57:00,,,17:29:00,17:59:00,17:31:00,17:37:00,27
07-11-25,Shift B,Kenya Airways,KQ706,E195,NBO-HRE via LUN,10,9:10:00,10:00:00,9:07:00,9:51:00,9:11:00,9:41:00,,,9:10:00,9:43:00,9:12:00,9:19:00,141
08-11-25,Shift B,Air Botswana,BP312,E175,GBE-HRE via LUN,8,8:50:00,9:40:00,8:42:00,9:43:00,8:48:00,9:32:00,,,8:47:00,9:34:00,8:49:00,8:57:00,62
08-11-25,Shift B,Malawian Airlines,ET34,DH8,LLW-HRE via LUN,9,11:45:00,12:20:00,11:37:00,12:20:00,11:42:00,12:12:00,,,11:41:00,12:14:00,11:43:00,11:56:00,26
08-11-25,Shift B,Malawian Airlines,ET35,DH8,HRE-LLW via LUN,10,13:10:00,13:45:00,13:14:00,13:59:00,13:20:00,13:49:00,,,13:19:00,13:51:00,13:21:00,13:25:00,171
08-11-25,Shift B,South African Airways,SA62,A320,JNB-JNB via LUN,12,12:40:00,13:30:00,12:40:00,13:26:00,12:45:00,13:09:00,,,12:44:00,13:11:00,12:46:00,12:59:00,50
08-11-25,Shift B,Air Tanzania,TC212,A220,DAR-HRE via LUN,13,12:20:00,13:10:00,12:07:00,13:22:00,12:13:00,13:05:00,,,12:12:00,13:07:00,12:14:00,12:22:00,37
08-11-25,Shift B,Uganda Airlines,UR722,CRJ900,EBB-HRE via LUN,14,11:45:00,12:30:00,12:02:00,12:41:00,12:05:00,12:28:00,,,12:04:00,12:30:00,12:06:00,12:19:00,47
08-11-25,Shift B,RwandAir,WB112,B737,KGL-HRE via LUN,8,15:00:00,15:50:00,15:12:00,16:03:00,15:18:00,15:54:00,,,15:17:00,15:56:00,15:19:00,15:28:00,65
08-11-25,Shift B,Ethiopian Airways,ET873,B787,ADD-ADD via LUN,9,13:10:00,15:10:00,13:28:00,15:17:00,13:34:00,15:03:00,13:35:00,15:02:00,13:33:00,15:05:00,13:35:00,13:44:00,171
08-11-25,Shift B,Airlink,4Z166,E135,JNB-JNB via LUN,10,9:40:00,10:15:00,9:42:00,10:25:00,9:46:00,10:17:00,,,9:45:00,10:19:00,9:47:00,9:56:00,135
08-11-25,Shift B,Airlink,4Z162,E195,JNB-JNB via LUN,12,13:30:00,14:15:00,13:30:00,14:34:00,13:36:00,14:22:00,,,13:35:00,14:24:00,13:37:00,13:40:00,146
08-11-25,Shift B,Qatar Airways,QR1455,B787,DOH-HRE via LUN,13,7:50:00,9:40:00,7:55:00,9:41:00,8:01:00,9:31:00,8:02:00,9:30:00,8:00:00,9:33:00,8:02:00,8:10:00,86
08-11-25,Shift B,Qatar Airways,QR1456,B787,HRE-DOH via LUN,14,15:00:00,16:30:00,15:06:00,16:37:00,15:11:00,16:22:00,15:12:00,16:21:00,15:10:00,16:24:00,15:12:00,15:16:00,152
08-11-25,Shift B,Turkish Airlines,TK525,B737 Max,IST-IST via LUN,8,1:20:00,2:20:00,1:17:00,2:15:00,1:21:00,2:02:00,,,1:20:00,2:04:00,1:22:00,1:34:00,162
08-11-25,Shift B,Kenya Airways,KQ704,E195,NBO-HRE via LUN,9,17:20:00,18:10:00,17:35:00,18:31:00,17:41:00,18:24:00,,,17:40:00,18:26:00,17:42:00,17:46:00,95
08-11-25,Shift B,Kenya Airways,KQ706,E195,NBO-HRE via LUN,10,9:10:00,10:00:00,9:20:00,10:05:00,9:25:00,9:48:00,,,9:24:00,9:50:00,9:26:00,9:39:00,114
09-11-25,Shift A,Air Botswana,BP312,E175,GBE-HRE via LUN,1,8:50:00,9:40:00,9:05:00,9:05:00,9:10:00,9:52:00,,,9:09:00,9:54:00,9:11:00,9:23:00,104
09-11-25,Shift A,Malawian Airlines,ET34,DH8,LLW-HRE via LUN,2,11:45:00,12:20:00,11:52:00,12:39:00,11:57:00,12:28:00,,,11:56:00,12:30:00,11:58:00,12:06:00,79
09-11-25,Shift A,Malawian Airlines,ET35,DH8,HRE-LLW via LUN,3,13:10:00,13:45:00,13:02:00,13:47:00,13:07:00,13:39:00,,,13:06:00,13:41:00,13:08:00,13:20:00,196
09-11-25,Shift A,South African Airways,SA62,A320,JNB-JNB via LUN,4,12:40:00,13:30:00,12:36:00,13:32:00,12:40:00,13:18:00,,,12:39:00,13:20:00,12:41:00,12:50:00,170
09-11-25,Shift A,Air Tanzania,TC212,A220,DAR-HRE via LUN,5,12:20:00,13:10:00,12:38:00,13:18:00,12:41:00,13:08:00,,,12:40:00,13:10:00,12:42:00,12:52:00,78
09-11-25,Shift A,Uganda Airlines,UR722,CRJ900,EBB-HRE via LUN,6,11:45:00,12:30:00,11:53:00,12:31:00,11:58:00,12:24:00,,,11:57:00,12:26:00,11:59:00,12:11:00,52
09-11-25,Shift A,RwandAir,WB112,B737,KGL-HRE via LUN,7,15:00:00,15:50:00,15:02:00,15:42:00,15:05:00,15:27:00,,,15:04:00,15:29:00,15:06:00,15:16:00,198
09-11-25,Shift A,Ethiopian Airways,ET873,A350,ADD-ADD via LUN,1,13:10:00,15:10:00,13:26:00,15:06:00,13:29:00,14:50:00,13:30:00,14:49:00,13:28:00,14:52:00,13:30:00,13:40:00,140
09-11-25,Shift A,Airlink,4Z166,E135,JNB-JNB via LUN,2,9:40:00,10:15:00,9:55:00,10:33:00,10:00:00,10:24:00,,,9:59:00,10:26:00,10:01:00,10:05:00,84
09-11-25,Shift A,Airlink,4Z162,E195,JNB-JNB via LUN,3,13:30:00,14:15:00,13:45:00,14:12:00,13:48:00,13:59:00,,,13:47:00,14:01:00,13:49:00,14:02:00,38
09-11-25,Shift A,Qatar Airways,QR1455,B787,DOH-HRE via LUN,4,7:50:00,9:40:00,7:38:00,9:39:00,7:42:00,9:23:00,7:43:00,9:22:00,7:41:00,9:25:00,7:43:00,7:52:00,41
09-11-25,Shift A,Qatar Airways,QR1456,B787,HRE-DOH via LUN,5,15:00:00,16:30:00,15:00:00,16:27:00,15:06:00,16:11:00,15:07:00,16:10:00,15:05:00,16:13:00,15:07:00,15:19:00,178
09-11-25,Shift A,Turkish Airlines,TK525,B737 Max,IST-IST via LUN,6,1:20:00,2:20:00,1:19:00,2:43:00,1:25:00,2:29:00,,,1:24:00,2:31:00,1:26:00,1:36:00,96
09-11-25,Shift A,Kenya Airways,KQ704,B737,NBO-HRE via LUN,7,17:20:00,18:10:00,17:24:00,18:03:00,17:27:00,17:53:00,,,17:26:00,17:55:00,17:28:00,17:44:00,74
09-11-25,Shift A,Kenya Airways,KQ706,B737,NBO-HRE via LUN,1,9:10:00,10:00:00,9:00:00,10:00:00,9:04:00,9:51:00,,,9:03:00,9:53:00,9:05:00,9:18:00,39
10-11-25,Shift A,Air Botswana,BP312,E175,GBE-HRE via LUN,1,8:50:00,9:40:00,8:45:00,9:30:00,8:51:00,9:16:00,,,8:50:00,9:18:00,8:52:00,9:04:00,140
10-11-25,Shift A,Malawian Airlines,ET34,DH8,LLW-HRE via LUN,2,11:45:00,12:20:00,11:48:00,12:12:00,11:52:00,12:01:00,,,11:51:00,12:03:00,11:53:00,12:02:00,199
10-11-25,Shift A,Malawian Airlines,ET35,DH8,HRE-LLW via LUN,3,13:10:00,13:45:00,13:24:00,13:39:00,13:28:00,13:28:00,,,13:27:00,13:30:00,13:29:00,13:44:00,170
10-11-25,Shift A,South African Airways,SA62,A320,JNB-JNB via LUN,4,12:40:00,13:30:00,12:37:00,13:47:00,12:40:00,13:32:00,,,12:39:00,13:34:00,12:41:00,12:50:00,185
10-11-25,Shift A,Air Tanzania,TC212,A220,DAR-HRE via LUN,5,12:20:00,13:10:00,12:14:00,13:17:00,12:18:00,13:09:00,,,12:17:00,13:11:00,12:19:00,12:24:00,62
10-11-25,Shift A,Uganda Airlines,UR722,CRJ900,EBB-HRE via LUN,6,11:45:00,12:30:00,11:49:00,12:38:00,11:55:00,12:30:00,,,11:54:00,12:32:00,11:56:00,12:06:00,196
10-11-25,Shift A,RwandAir,WB112,B737,KGL-HRE via LUN,7,15:00:00,15:50:00,15:04:00,16:05:00,15:09:00,15:50:00,,,15:08:00,15:52:00,15:10:00,15:22:00,146
10-11-25,Shift A,Ethiopian Airways,ET873,B777,ADD-ADD via LUN,1,13:10:00,15:10:00,13:00:00,15:02:00,13:06:00,14:50:00,13:07:00,14:49:00,13:05:00,14:52:00,13:07:00,13:19:00,84
10-11-25,Shift A,Airlink,4Z166,E135,JNB-JNB via LUN,2,9:40:00,10:15:00,9:26:00,10:10:00,9:30:00,9:53:00,,,9:29:00,9:55:00,9:31:00,9:45:00,170
10-11-25,Shift A,Airlink,4Z162,E195,JNB-JNB via LUN,3,13:30:00,14:15:00,13:16:00,14:22:00,13:19:00,14:13:00,,,13:18:00,14:15:00,13:20:00,13:33:00,152
10-11-25,Shift A,Qatar Airways,QR1455,B787,DOH-HRE via LUN,4,7:50:00,9:40:00,8:03:00,9:47:00,8:07:00,9:31:00,8:08:00,9:30:00,8:06:00,9:33:00,8:08:00,8:19:00,182
10-11-25,Shift A,Qatar Airways,QR1456,B787,HRE-DOH via LUN,5,15:00:00,16:30:00,15:16:00,16:25:00,15:22:00,16:13:00,15:23:00,16:12:00,15:21:00,16:15:00,15:23:00,15:32:00,105
10-11-25,Shift A,Turkish Airlines,TK525,B737 Max,IST-IST via LUN,6,1:20:00,2:20:00,1:25:00,2:16:00,1:29:00,2:04:00,,,1:28:00,2:06:00,1:30:00,1:41:00,197
10-11-25,Shift A,Kenya Airways,KQ704,B737,NBO-HRE via LUN,7,17:20:00,18:10:00,17:23:00,18:25:00,17:26:00,18:11:00,,,17:25:00,18:13:00,17:27:00,17:34:00,100
10-11-25,Shift A,Kenya Airways,KQ706,B737,NBO-HRE via LUN,1,9:10:00,10:00:00,9:15:00,9:57:00,9:21:00,9:42:00,,,9:20:00,9:44:00,9:22:00,9:25:00,188
11-11-25,Shift A,Air Botswana,BP312,E175,GBE-HRE via LUN,1,8:50:00,9:40:00,9:09:00,9:59:00,9:15:00,9:52:00,,,9:14:00,9:54:00,9:16:00,9:22:00,152
11-11-25,Shift A,Malawian Airlines,ET34,DH8,LLW-HRE via LUN,2,11:45:00,12:20:00,11:53:00,12:41:00,11:59:00,12:34:00,,,11:58:00,12:36:00,12:00:00,12:06:00,88
11-11-25,Shift A,Malawian Airlines,ET35,DH8,HRE-LLW via LUN,3,13:10:00,13:45:00,13:30:00,13:43:00,13:35:00,13:29:00,,,13:34:00,13:31:00,13:36:00,13:47:00,51
11-11-25,Shift A,South African Airways,SA62,A320,JNB-JNB via LUN,4,12:40:00,13:30:00,12:26:00,13:35:00,12:30:00,13:24:00,,,12:29:00,13:26:00,12:31:00,12:44:00,23
11-11-25,Shift A,Air Tanzania,TC212,A220,DAR-HRE via LUN,5,12:20:00,13:10:00,12:40:00,13:26:00,12:43:00,13:16:00,,,12:42:00,13:18:00,12:44:00,12:51:00,138
11-11-25,Shift A,Uganda Airlines,UR722,CRJ900,EBB-HRE via LUN,6,11:45:00,12:30:00,11:37:00,12:29:00,11:43:00,12:18:00,,,11:42:00,12:20:00,11:44:00,11:55:00,200
11-11-25,Shift A,RwandAir,WB112,B737,KGL-HRE via LUN,7,15:00:00,15:50:00,15:02:00,16:06:00,15:08:00,15:52:00,,,15:07:00,15:54:00,15:09:00,15:15:00,136
11-11-25,Shift A,Ethiopian Airways,ET873,B787,ADD-ADD via LUN,1,13:10:00,15:10:00,13:04:00,15:24:00,13:08:00,15:08:00,13:09:00,15:07:00,13:07:00,15:10:00,13:09:00,13:22:00,54
11-11-25,Shift A,Airlink,4Z166,E135,JNB-JNB via LUN,2,9:40:00,10:15:00,9:29:00,10:22:00,9:35:00,10:10:00,,,9:34:00,10:12:00,9:36:00,9:47:00,88
11-11-25,Shift A,Airlink,4Z162,E195,JNB-JNB via LUN,3,13:30:00,14:15:00,13:15:00,14:23:00,13:20:00,14:07:00,,,13:19:00,14:09:00,13:21:00,13:34:00,188
11-11-25,Shift A,Qatar Airways,QR1455,B787,DOH-HRE via LUN,4,7:50:00,9:40:00,8:06:00,9:39:00,8:12:00,9:24:00,8:13:00,9:23:00,8:11:00,9:26:00,8:13:00,8:23:00,108
11-11-25,Shift A,Qatar Airways,QR1456,B787,HRE-DOH via LUN,5,15:00:00,16:30:00,15:06:00,16:55:00,15:12:00,16:41:00,15:13:00,16:40:00,15:11:00,16:43:00,15:13:00,15:21:00,68
11-11-25,Shift A,Turkish Airlines,TK525,B737 Max,IST-IST via LUN,6,1:20:00,2:20:00,1:20:00,2:34:00,1:24:00,2:21:00,,,1:23:00,2:23:00,1:25:00,1:30:00,101
11-11-25,Shift A,Kenya Airways,KQ704,B737,NBO-HRE via LUN,7,17:20:00,18:10:00,17:29:00,18:24:00,17:33:00,18:10:00,,,17:32:00,18:12:00,17:34:00,17:39:00,52
11-11-25,Shift A,Kenya Airways,KQ706,B737,NBO-HRE via LUN,1,9:10:00,10:00:00,9:01:00,10:18:00,9:04:00,10:03:00,,,9:03:00,10:05:00,9:05:00,9:18:00,23
12-11-25,Shift A,Air Botswana,BP312,E175,GBE-HRE via LUN,1,8:50:00,9:40:00,8:44:00,9:56:00,8:48:00,9:48:00,,,8:47:00,9:50:00,8:49:00,9:01:00,87
12-11-25,Shift A,Malawian Airlines,ET34,DH8,LLW-HRE via LUN,2,11:45:00,12:20:00,11:51:00,12:35:00,11:54:00,12:23:00,,,11:53:00,12:25:00,11:55:00,12:11:00,156
12-11-25,Shift A,Malawian Airlines,ET35,DH8,HRE-LLW via LUN,3,13:10:00,13:45:00,13:19:00,13:55:00,13:25:00,13:40:00,,,13:24:00,13:42:00,13:26:00,13:29:00,178
12-11-25,Shift A,South African Airways,SA62,A320,JNB-JNB via LUN,4,12:40:00,13:30:00,12:29:00,13:35:00,12:34:00,13:25:00,,,12:33:00,13:27:00,12:35:00,12:40:00,131
12-11-25,Shift A,Air Tanzania,TC212,A220,DAR-HRE via LUN,5,12:20:00,13:10:00,12:11:00,13:06:00,12:17:00,12:57:00,,,12:16:00,12:59:00,12:18:00,12:25:00,27
12-11-25,Shift A,Uganda Airlines,UR722,CRJ900,EBB-HRE via LUN,6,11:45:00,12:30:00,11:32:00,12:40:00,11:35:00,12:29:00,,,11:34:00,12:31:00,11:36:00,11:47:00,115
12-11-25,Shift A,RwandAir,WB112,B737,KGL-HRE via LUN,7,15:00:00,15:50:00,15:12:00,15:49:00,15:16:00,15:34:00,,,15:15:00,15:36:00,15:17:00,15:28:00,164
12-11-25,Shift A,Ethiopian Airways,ET873,B787,ADD-ADD via LUN,1,13:10:00,15:10:00,13:06:00,15:10:00,13:10:00,15:02:00,13:11:00,15:01:00,13:09:00,15:04:00,13:11:00,13:25:00,117
12-11-25,Shift A,Airlink,4Z166,E135,JNB-JNB via LUN,2,9:40:00,10:15:00,9:40:00,10:36:00,9:44:00,10:26:00,,,9:43:00,10:28:00,9:45:00,9:57:00,183
12-11-25,Shift A,Airlink,4Z162,E195,JNB-JNB via LUN,3,13:30:00,14:15:00,13:31:00,14:34:00,13:36:00,14:17:00,,,13:35:00,14:19:00,13:37:00,13:41:00,139
12-11-25,Shift A,Qatar Airways,QR1455,B787,DOH-HRE via LUN,4,7:50:00,9:40:00,7:53:00,10:04:00,7:57:00,9:56:00,7:58:00,9:55:00,7:56:00,9:58:00,7:58:00,8:10:00,108
12-11-25,Shift A,Qatar Airways,QR1456,B787,HRE-DOH via LUN,5,15:00:00,16:30:00,15:04:00,16:47:00,15:09:00,16:33:00,15:10:00,16:32:00,15:08:00,16:35:00,15:10:00,15:18:00,70
12-11-25,Shift A,Turkish Airlines,TK525,B737 Max,IST-IST via LUN,6,1:20:00,2:20:00,1:29:00,2:40:00,1:32:00,2:30:00,,,1:31:00,2:32:00,1:33:00,1:45:00,166
12-11-25,Shift A,Kenya Airways,KQ704,B737,NBO-HRE via LUN,7,17:20:00,18:10:00,17:23:00,18:18:00,17:26:00,18:01:00,,,17:25:00,18:03:00,17:27:00,17:39:00,90
12-11-25,Shift A,Kenya Airways,KQ706,E195,NBO-HRE via LUN,1,9:10:00,10:00:00,8:58:00,10:21:00,9:03:00,10:11:00,,,9:02:00,10:13:00,9:04:00,9:17:00,110
13-11-25,Shift B,Air Botswana,BP312,E175,GBE-HRE via LUN,8,8:50:00,9:40:00,8:49:00,9:42:00,8:54:00,9:25:00,,,8:53:00,9:27:00,8:55:00,9:09:00,194
13-11-25,Shift B,Malawian Airlines,ET34,DH8,LLW-HRE via LUN,9,11:45:00,12:20:00,11:38:00,11:38:00,11:41:00,12:05:00,,,11:40:00,12:07:00,11:42:00,11:55:00,28
13-11-25,Shift B,Malawian Airlines,ET35,DH8,HRE-LLW via LUN,10,13:10:00,13:45:00,13:18:00,13:43:00,13:21:00,13:32:00,,,13:20:00,13:34:00,13:22:00,13:33:00,126
13-11-25,Shift B,South African Airways,SA62,A320,JNB-JNB via LUN,12,12:40:00,13:30:00,12:36:00,13:32:00,12:40:00,13:17:00,,,12:39:00,13:19:00,12:41:00,12:51:00,155
13-11-25,Shift B,Air Tanzania,TC212,A220,DAR-HRE via LUN,13,12:20:00,13:10:00,12:37:00,13:17:00,12:41:00,13:06:00,,,12:40:00,13:08:00,12:42:00,12:54:00,95
13-11-25,Shift B,Uganda Airlines,UR722,CRJ900,EBB-HRE via LUN,14,11:45:00,12:30:00,11:51:00,12:27:00,11:57:00,12:19:00,,,11:56:00,12:21:00,11:58:00,12:03:00,77
13-11-25,Shift B,RwandAir,WB112,B737,KGL-HRE via LUN,8,15:00:00,15:50:00,15:10:00,16:15:00,15:15:00,16:07:00,,,15:14:00,16:09:00,15:16:00,15:26:00,23
13-11-25,Shift B,Ethiopian Airways,ET873,B777,ADD-ADD via LUN,9,13:10:00,15:10:00,13:29:00,15:07:00,13:35:00,14:55:00,13:36:00,14:54:00,13:34:00,14:57:00,13:36:00,13:49:00,192
13-11-25,Shift B,Airlink,4Z166,E135,JNB-JNB via LUN,10,9:40:00,10:15:00,9:41:00,10:29:00,9:46:00,10:21:00,,,9:45:00,10:23:00,9:47:00,10:01:00,79
13-11-25,Shift B,Airlink,4Z162,E195,JNB-JNB via LUN,12,13:30:00,14:15:00,13:45:00,14:06:00,13:50:00,13:50:00,,,13:49:00,13:52:00,13:51:00,13:58:00,185
13-11-25,Shift B,Qatar Airways,QR1455,B787,DOH-HRE via LUN,13,7:50:00,9:40:00,7:39:00,9:59:00,7:44:00,9:42:00,7:45:00,9:41:00,7:43:00,9:44:00,7:45:00,7:55:00,49
13-11-25,Shift B,Qatar Airways,QR1456,B787,HRE-DOH via LUN,14,15:00:00,16:30:00,14:53:00,16:22:00,14:56:00,16:11:00,14:57:00,16:10:00,14:55:00,16:13:00,14:57:00,15:10:00,49
13-11-25,Shift B,Turkish Airlines,TK525,B737 Max,IST-IST via LUN,8,1:20:00,2:20:00,1:11:00,2:25:00,1:15:00,2:12:00,,,1:14:00,2:14:00,1:16:00,1:28:00,114
13-11-25,Shift B,Kenya Airways,KQ704,B737,NBO-HRE via LUN,9,17:20:00,18:10:00,17:14:00,18:26:00,17:17:00,18:12:00,,,17:16:00,18:14:00,17:18:00,17:33:00,124
13-11-25,Shift B,Kenya Airways,KQ706,B737,NBO-HRE via LUN,10,9:10:00,10:00:00,8:57:00,8:57:00,9:01:00,9:59:00,,,9:00:00,10:01:00,9:02:00,9:14:00,80
14-11-25,Shift B,Air Botswana,BP312,E175,GBE-HRE via LUN,8,8:50:00,9:40:00,8:58:00,9:36:00,9:03:00,9:21:00,,,9:02:00,9:23:00,9:04:00,9:18:00,111
14-11-25,Shift B,Malawian Airlines,ET34,DH8,LLW-HRE via LUN,9,11:45:00,12:20:00,11:33:00,12:35:00,11:38:00,12:25:00,,,11:37:00,12:27:00,11:39:00,11:44:00,136
14-11-25,Shift B,Malawian Airlines,ET35,DH8,HRE-LLW via LUN,10,13:10:00,13:45:00,13:00:00,13:48:00,13:03:00,13:41:00,,,13:02:00,13:43:00,13:04:00,13:15:00,82
14-11-25,Shift B,South African Airways,SA62,A320,JNB-JNB via LUN,12,12:40:00,13:30:00,12:33:00,13:33:00,12:36:00,13:18:00,,,12:35:00,13:20:00,12:37:00,12:46:00,170
14-11-25,Shift B,Air Tanzania,TC212,A220,DAR-HRE via LUN,13,12:20:00,13:10:00,12:18:00,13:14:00,12:23:00,13:05:00,,,12:22:00,13:07:00,12:24:00,12:37:00,20
14-11-25,Shift B,Uganda Airlines,UR722,CRJ900,EBB-HRE via LUN,14,11:45:00,12:30:00,11:47:00,12:29:00,11:51:00,12:14:00,,,11:50:00,12:16:00,11:52:00,12:01:00,64
14-11-25,Shift B,RwandAir,WB112,B737,KGL-HRE via LUN,8,15:00:00,15:50:00,14:52:00,15:41:00,14:56:00,15:34:00,,,14:55:00,15:36:00,14:57:00,15:07:00,80
14-11-25,Shift B,Ethiopian Airways,ET873,B787,ADD-ADD via LUN,9,13:10:00,15:10:00,13:15:00,15:01:00,13:19:00,14:50:00,13:20:00,14:49:00,13:18:00,14:52:00,13:20:00,13:25:00,52
14-11-25,Shift B,Airlink,4Z166,E135,JNB-JNB via LUN,10,9:40:00,10:15:00,9:51:00,10:38:00,9:54:00,10:30:00,,,9:53:00,10:32:00,9:55:00,10:08:00,134
14-11-25,Shift B,Airlink,4Z162,E195,JNB-JNB via LUN,12,13:30:00,14:15:00,13:38:00,14:37:00,13:41:00,14:23:00,,,13:40:00,14:25:00,13:42:00,13:56:00,76
14-11-25,Shift B,Qatar Airways,QR1455,B787,DOH-HRE via LUN,13,7:50:00,9:40:00,7:37:00,10:03:00,7:42:00,9:49:00,7:43:00,9:48:00,7:41:00,9:51:00,7:43:00,7:57:00,27
14-11-25,Shift B,Qatar Airways,QR1456,B787,HRE-DOH via LUN,14,15:00:00,16:30:00,14:48:00,16:50:00,14:54:00,16:37:00,14:55:00,16:36:00,14:53:00,16:39:00,14:55:00,15:08:00,47
14-11-25,Shift B,Turkish Airlines,TK525,B737 Max,IST-IST via LUN,8,1:20:00,2:20:00,1:36:00,2:38:00,1:39:00,2:30:00,,,1:38:00,2:32:00,1:40:00,1:51:00,175
14-11-25,Shift B,Kenya Airways,KQ704,E195,NBO-HRE via LUN,9,17:20:00,18:10:00,17:09:00,18:08:00,17:14:00,17:52:00,,,17:13:00,17:54:00,17:15:00,17:29:00,169
14-11-25,Shift B,Kenya Airways,KQ706,B737,NBO-HRE via LUN,10,9:10:00,10:00:00,9:19:00,10:23:00,9:24:00,10:09:00,,,9:23:00,10:11:00,9:25:00,9:37:00,174
15-11-25,Shift B,Air Botswana,BP312,E175,GBE-HRE via LUN,8,8:50:00,9:40:00,9:02:00,9:36:00,9:05:00,9:19:00,,,9:04:00,9:21:00,9:06:00,9:22:00,161
15-11-25,Shift B,Malawian Airlines,ET34,DH8,LLW-HRE via LUN,9,11:45:00,12:20:00,11:43:00,12:37:00,11:49:00,12:27:00,,,11:48:00,12:29:00,11:50:00,11:59:00,106
15-11-25,Shift B,Malawian Airlines,ET35,DH8,HRE-LLW via LUN,10,13:10:00,13:45:00,13:24:00,14:00:00,13:30:00,13:52:00,,,13:29:00,13:54:00,13:31:00,13:39:00,129
15-11-25,Shift B,South African Airways,SA62,A320,JNB-JNB via LUN,12,12:40:00,13:30:00,12:45:00,13:36:00,12:50:00,13:27:00,,,12:49:00,13:29:00,12:51:00,13:05:00,141
15-11-25,Shift B,Air Tanzania,TC212,A220,DAR-HRE via LUN,13,12:20:00,13:10:00,12:09:00,13:05:00,12:12:00,12:57:00,,,12:11:00,12:59:00,12:13:00,12:25:00,44
15-11-25,Shift B,Uganda Airlines,UR722,CRJ900,EBB-HRE via LUN,14,11:45:00,12:30:00,11:53:00,12:28:00,11:56:00,12:12:00,,,11:55:00,12:14:00,11:57:00,12:11:00,163
15-11-25,Shift B,RwandAir,WB112,B737,KGL-HRE via LUN,8,15:00:00,15:50:00,15:06:00,15:47:00,15:12:00,15:35:00,,,15:11:00,15:37:00,15:13:00,15:26:00,128
15-11-25,Shift B,Ethiopian Airways,ET873,B787,ADD-ADD via LUN,9,13:10:00,15:10:00,12:58:00,15:18:00,13:03:00,15:06:00,13:04:00,15:05:00,13:02:00,15:08:00,13:04:00,13:09:00,167
15-11-25,Shift B,Airlink,4Z166,E135,JNB-JNB via LUN,10,9:40:00,10:15:00,9:57:00,10:18:00,10:01:00,10:01:00,,,10:00:00,10:03:00,10:02:00,10:14:00,77
15-11-25,Shift B,Airlink,4Z162,E195,JNB-JNB via LUN,12,13:30:00,14:15:00,13:21:00,14:27:00,13:26:00,14:19:00,,,13:25:00,14:21:00,13:27:00,13:35:00,166
15-11-25,Shift B,Qatar Airways,QR1455,B787,DOH-HRE via LUN,13,7:50:00,9:40:00,7:49:00,9:57:00,7:52:00,9:41:00,7:53:00,9:40:00,7:51:00,9:43:00,7:53:00,8:09:00,197
15-11-25,Shift B,Qatar Airways,QR1456,B787,HRE-DOH via LUN,14,15:00:00,16:30:00,15:02:00,16:21:00,15:06:00,16:10:00,15:07:00,16:09:00,15:05:00,16:12:00,15:07:00,15:16:00,106
15-11-25,Shift B,Turkish Airlines,TK525,B737 Max,IST-IST via LUN,8,1:20:00,2:20:00,1:27:00,2:10:00,1:31:00,2:01:00,,,1:30:00,2:03:00,1:32:00,1:46:00,188
15-11-25,Shift B,Kenya Airways,KQ704,B737,NBO-HRE via LUN,9,17:20:00,18:10:00,17:09:00,17:09:00,17:12:00,18:01:00,,,17:11:00,18:03:00,17:13:00,17:27:00,75
15-11-25,Shift B,Kenya Airways,KQ706,B737,NBO-HRE via LUN,10,9:10:00,10:00:00,9:21:00,10:19:00,9:26:00,10:10:00,,,9:25:00,10:12:00,9:27:00,9:36:00,99
16-11-25,Shift B,Air Botswana,BP312,E175,GBE-HRE via LUN,8,8:50:00,9:40:00,8:55:00,9:35:00,8:58:00,9:26:00,,,8:57:00,9:28:00,8:59:00,9:07:00,178
16-11-25,Shift B,Malawian Airlines,ET34,DH8,LLW-HRE via LUN,9,11:45:00,12:20:00,11:33:00,12:15:00,11:38:00,12:01:00,,,11:37:00,12:03:00,11:39:00,11:53:00,128
16-11-25,Shift B,Malawian Airlines,ET35,DH8,HRE-LLW via LUN,10,13:10:00,13:45:00,13:26:00,14:03:00,13:32:00,13:52:00,,,13:31:00,13:54:00,13:33:00,13:39:00,151
16-11-25,Shift B,South African Airways,SA62,A320,JNB-JNB via LUN,12,12:40:00,13:30:00,12:32:00,13:42:00,12:38:00,13:34:00,,,12:37:00,13:36:00,12:39:00,12:46:00,193
16-11-25,Shift B,Air Tanzania,TC212,A220,DAR-HRE via LUN,13,12:20:00,13:10:00,12:36:00,13:33:00,12:41:00,13:26:00,,,12:40:00,13:28:00,12:42:00,12:49:00,121
16-11-25,Shift B,Uganda Airlines,UR722,CRJ900,EBB-HRE via LUN,14,11:45:00,12:30:00,11:33:00,12:20:00,11:37:00,12:09:00,,,11:36:00,12:11:00,11:38:00,11:46:00,55
16-11-25,Shift B,RwandAir,WB112,B737,KGL-HRE via LUN,8,15:00:00,15:50:00,15:01:00,15:58:00,15:06:00,15:50:00,,,15:05:00,15:52:00,15:07:00,15:11:00,147
16-11-25,Shift B,Ethiopian Airways,ET873,B787,ADD-ADD via LUN,9,13:10:00,15:10:00,13:22:00,15:11:00,13:26:00,14:58:00,13:27:00,14:57:00,13:25:00,15:00:00,13:27:00,13:40:00,200
16-11-25,Shift B,Airlink,4Z166,E135,JNB-JNB via LUN,10,9:40:00,10:15:00,9:39:00,10:37:00,9:44:00,10:29:00,,,9:43:00,10:31:00,9:45:00,9:55:00,30
16-11-25,Shift B,Airlink,4Z162,E195,JNB-JNB via LUN,12,13:30:00,14:15:00,13:42:00,14:06:00,13:48:00,13:58:00,,,13:47:00,14:00:00,13:49:00,13:57:00,167
16-11-25,Shift B,Qatar Airways,QR1455,B787,DOH-HRE via LUN,13,7:50:00,9:40:00,8:02:00,9:55:00,8:08:00,9:44:00,8:09:00,9:43:00,8:07:00,9:46:00,8:09:00,8:13:00,123
16-11-25,Shift B,Qatar Airways,QR1456,B787,HRE-DOH via LUN,14,15:00:00,16:30:00,14:46:00,16:40:00,14:50:00,16:24:00,14:51:00,16:23:00,14:49:00,16:26:00,14:51:00,15:03:00,196
16-11-25,Shift B,Turkish Airlines,TK525,B737 Max,IST-IST via LUN,8,1:20:00,2:20:00,1:28:00,2:15:00,1:34:00,2:07:00,,,1:33:00,2:09:00,1:35:00,1:41:00,131
16-11-25,Shift B,Kenya Airways,KQ704,B737,NBO-HRE via LUN,9,17:20:00,18:10:00,17:38:00,18:05:00,17:44:00,17:54:00,,,17:43:00,17:56:00,17:45:00,17:53:00,76
16-11-25,Shift B,Kenya Airways,KQ706,B737,NBO-HRE via LUN,10,9:10:00,10:00:00,9:05:00,9:54:00,9:08:00,9:39:00,,,9:07:00,9:41:00,9:09:00,9:23:00,69
17-11-25,Shift A,Air Botswana,BP312,E175,GBE-HRE via LUN,1,8:50:00,9:40:00,8:57:00,9:52:00,9:01:00,9:42:00,,,9:00:00,9:44:00,9:02:00,9:08:00,57
17-11-25,Shift A,Malawian Airlines,ET34,DH8,LLW-HRE via LUN,2,11:45:00,12:20:00,11:46:00,12:22:00,11:50:00,12:06:00,,,11:49:00,12:08:00,11:51:00,11:58:00,187
17-11-25,Shift A,Malawian Airlines,ET35,DH8,HRE-LLW via LUN,3,13:10:00,13:45:00,12:59:00,13:46:00,13:05:00,13:32:00,,,13:04:00,13:34:00,13:06:00,13:18:00,168
17-11-25,Shift A,South African Airways,SA62,A320,JNB-JNB via LUN,4,12:40:00,13:30:00,12:53:00,13:40:00,12:58:00,13:31:00,,,12:57:00,13:33:00,12:59:00,13:10:00,37
17-11-25,Shift A,Air Tanzania,TC212,A220,DAR-HRE via LUN,5,12:20:00,13:10:00,12:35:00,13:28:00,12:40:00,13:17:00,,,12:39:00,13:19:00,12:41:00,12:54:00,34
17-11-25,Shift A,Uganda Airlines,UR722,CRJ900,EBB-HRE via LUN,6,11:45:00,12:30:00,11:52:00,12:52:00,11:55:00,12:41:00,,,11:54:00,12:43:00,11:56:00,12:09:00,135
17-11-25,Shift A,RwandAir,WB112,B737,KGL-HRE via LUN,7,15:00:00,15:50:00,14:47:00,15:43:00,14:52:00,15:32:00,,,14:51:00,15:34:00,14:53:00,14:58:00,185
17-11-25,Shift A,Ethiopian Airways,ET873,A350,ADD-ADD via LUN,1,13:10:00,15:10:00,13:27:00,15:24:00,13:33:00,15:08:00,13:34:00,15:07:00,13:32:00,15:10:00,13:34:00,13:45:00,30
17-11-25,Shift A,Airlink,4Z166,E135,JNB-JNB via LUN,2,9:40:00,10:15:00,9:53:00,9:53:00,9:58:00,10:01:00,,,9:57:00,10:03:00,9:59:00,10:10:00,148
17-11-25,Shift A,Airlink,4Z162,E195,JNB-JNB via LUN,3,13:30:00,14:15:00,13:24:00,14:08:00,13:30:00,14:00:00,,,13:29:00,14:02:00,13:31:00,13:39:00,41
17-11-25,Shift A,Qatar Airways,QR1455,B787,DOH-HRE via LUN,4,7:50:00,9:40:00,8:07:00,9:41:00,8:10:00,9:31:00,8:11:00,9:30:00,8:09:00,9:33:00,8:11:00,8:24:00,132
17-11-25,Shift A,Qatar Airways,QR1456,B787,HRE-DOH via LUN,5,15:00:00,16:30:00,15:18:00,16:53:00,15:22:00,16:41:00,15:23:00,16:40:00,15:21:00,16:43:00,15:23:00,15:33:00,92
17-11-25,Shift A,Turkish Airlines,TK525,B737 Max,IST-IST via LUN,6,1:20:00,2:20:00,1:29:00,2:36:00,1:34:00,2:19:00,,,1:33:00,2:21:00,1:35:00,1:48:00,33
17-11-25,Shift A,Kenya Airways,KQ704,B737,NBO-HRE via LUN,7,17:20:00,18:10:00,17:09:00,18:21:00,17:12:00,18:06:00,,,17:11:00,18:08:00,17:13:00,17:29:00,118
17-11-25,Shift A,Kenya Airways,KQ706,B737,NBO-HRE via LUN,1,9:10:00,10:00:00,9:11:00,9:59:00,9:16:00,9:51:00,,,9:15:00,9:53:00,9:17:00,9:30:00,189
18-11-25,Shift A,Air Botswana,BP312,E175,GBE-HRE via LUN,1,8:50:00,9:40:00,8:44:00,9:52:00,8:49:00,9:35:00,,,8:48:00,9:37:00,8:50:00,9:04:00,120
18-11-25,Shift A,Malawian Airlines,ET34,DH8,LLW-HRE via LUN,2,11:45:00,12:20:00,11:38:00,12:15:00,11:43:00,12:00:00,,,11:42:00,12:02:00,11:44:00,11:54:00,184
18-11-25,Shift A,Malawian Airlines,ET35,DH8,HRE-LLW via LUN,3,13:10:00,13:45:00,13:16:00,13:43:00,13:19:00,13:26:00,,,13:18:00,13:28:00,13:20:00,13:36:00,128
18-11-25,Shift A,South African Airways,SA62,A320,JNB-JNB via LUN,4,12:40:00,13:30:00,12:57:00,12:57:00,13:00:00,13:31:00,,,12:59:00,13:33:00,13:01:00,13:11:00,66
18-11-25,Shift A,Air Tanzania,TC212,A220,DAR-HRE via LUN,5,12:20:00,13:10:00,12:18:00,13:21:00,12:24:00,13:11:00,,,12:23:00,13:13:00,12:25:00,12:31:00,55
18-11-25,Shift A,Uganda Airlines,UR722,CRJ900,EBB-HRE via LUN,6,11:45:00,12:30:00,11:39:00,12:24:00,11:44:00,12:16:00,,,11:43:00,12:18:00,11:45:00,11:57:00,158
18-11-25,Shift A,RwandAir,WB112,B737,KGL-HRE via LUN,7,15:00:00,15:50:00,15:18:00,15:42:00,15:23:00,15:26:00,,,15:22:00,15:28:00,15:24:00,15:30:00,172
18-11-25,Shift A,Ethiopian Airways,ET873,B777,ADD-ADD via LUN,1,13:10:00,15:10:00,13:04:00,15:10:00,13:08:00,14:54:00,13:09:00,14:53:00,13:07:00,14:56:00,13:09:00,13:16:00,132
18-11-25,Shift A,Airlink,4Z166,E135,JNB-JNB via LUN,2,9:40:00,10:15:00,9:27:00,10:31:00,9:32:00,10:14:00,,,9:31:00,10:16:00,9:33:00,9:40:00,133
18-11-25,Shift A,Airlink,4Z162,E195,JNB-JNB via LUN,3,13:30:00,14:15:00,13:33:00,13:33:00,13:37:00,14:18:00,,,13:36:00,14:20:00,13:38:00,13:46:00,99
18-11-25,Shift A,Qatar Airways,QR1455,B787,DOH-HRE via LUN,4,7:50:00,9:40:00,8:05:00,9:42:00,8:10:00,9:25:00,8:11:00,9:24:00,8:09:00,9:27:00,8:11:00,8:24:00,132
18-11-25,Shift A,Qatar Airways,QR1456,B787,HRE-DOH via LUN,5,15:00:00,16:30:00,15:14:00,16:38:00,15:20:00,16:23:00,15:21:00,16:22:00,15:19:00,16:25:00,15:21:00,15:32:00,127
18-11-25,Shift A,Turkish Airlines,TK525,B737 Max,IST-IST via LUN,6,1:20:00,2:20:00,1:15:00,2:22:00,1:19:00,2:11:00,,,1:18:00,2:13:00,1:20:00,1:25:00,184
18-11-25,Shift A,Kenya Airways,KQ704,B737,NBO-HRE via LUN,7,17:20:00,18:10:00,17:28:00,18:35:00,17:31:00,18:20:00,,,17:30:00,18:22:00,17:32:00,17:39:00,92
18-11-25,Shift A,Kenya Airways,KQ706,E195,NBO-HRE via LUN,1,9:10:00,10:00:00,9:05:00,10:07:00,9:11:00,9:52:00,,,9:10:00,9:54:00,9:12:00,9:17:00,131
19-11-25,Shift A,Air Botswana,BP312,E175,GBE-HRE via LUN,1,8:50:00,9:40:00,8:40:00,9:44:00,8:46:00,9:32:00,,,8:45:00,9:34:00,8:47:00,8:50:00,126
19-11-25,Shift A,Malawian Airlines,ET34,DH8,LLW-HRE via LUN,2,11:45:00,12:20:00,11:33:00,12:35:00,11:38:00,12:25:00,,,11:37:00,12:27:00,11:39:00,11:49:00,40
19-11-25,Shift A,Malawian Airlines,ET35,DH8,HRE-LLW via LUN,3,13:10:00,13:45:00,13:18:00,13:49:00,13:21:00,13:37:00,,,13:20:00,13:39:00,13:22:00,13:29:00,186
19-11-25,Shift A,South African Airways,SA62,A320,JNB-JNB via LUN,4,12:40:00,13:30:00,12:46:00,13:29:00,12:50:00,13:22:00,,,12:49:00,13:24:00,12:51:00,13:00:00,140
19-11-25,Shift A,Air Tanzania,TC212,A220,DAR-HRE via LUN,5,12:20:00,13:10:00,12:13:00,13:30:00,12:19:00,13:14:00,,,12:18:00,13:16:00,12:20:00,12:23:00,40
19-11-25,Shift A,Uganda Airlines,UR722,CRJ900,EBB-HRE via LUN,6,11:45:00,12:30:00,11:31:00,12:36:00,11:35:00,12:27:00,,,11:34:00,12:29:00,11:36:00,11:49:00,175
19-11-25,Shift A,RwandAir,WB112,B737,KGL-HRE via LUN,7,15:00:00,15:50:00,15:18:00,16:07:00,15:21:00,15:56:00,,,15:20:00,15:58:00,15:22:00,15:31:00,97
19-11-25,Shift A,Ethiopian Airways,ET873,A350,ADD-ADD via LUN,1,13:10:00,15:10:00,12:58:00,15:15:00,13:04:00,14:58:00,13:05:00,14:57:00,13:03:00,15:00:00,13:05:00,13:17:00,137
19-11-25,Shift A,Airlink,4Z166,E135,JNB-JNB via LUN,2,9:40:00,10:15:00,9:29:00,10:12:00,9:35:00,9:56:00,,,9:34:00,9:58:00,9:36:00,9:47:00,24
19-11-25,Shift A,Airlink,4Z162,E195,JNB-JNB via LUN,3,13:30:00,14:15:00,13:47:00,14:20:00,13:51:00,14:09:00,,,13:50:00,14:11:00,13:52:00,14:03:00,20
19-11-25,Shift A,Qatar Airways,QR1455,B787,DOH-HRE via LUN,4,7:50:00,9:40:00,7:57:00,9:45:00,8:03:00,9:36:00,8:04:00,9:35:00,8:02:00,9:38:00,8:04:00,8:17:00,191
19-11-25,Shift A,Qatar Airways,QR1456,B787,HRE-DOH via LUN,5,15:00:00,16:30:00,14:50:00,16:53:00,14:55:00,16:45:00,14:56:00,16:44:00,14:54:00,16:47:00,14:56:00,15:08:00,159
19-11-25,Shift A,Turkish Airlines,TK525,B737 Max,IST-IST via LUN,6,1:20:00,2:20:00,1:37:00,2:42:00,1:40:00,2:29:00,,,1:39:00,2:31:00,1:41:00,1:54:00,31
19-11-25,Shift A,Kenya Airways,KQ704,B737,NBO-HRE via LUN,7,17:20:00,18:10:00,17:28:00,18:16:00,17:31:00,18:04:00,,,17:30:00,18:06:00,17:32:00,17:39:00,108
19-11-25,Shift A,Kenya Airways,KQ706,E195,NBO-HRE via LUN,1,9:10:00,10:00:00,9:01:00,10:11:00,9:05:00,10:04:00,,,9:04:00,10:06:00,9:06:00,9:16:00,159
20-11-25,Shift A,Air Botswana,BP312,E175,GBE-HRE via LUN,1,8:50:00,9:40:00,8:56:00,9:41:00,9:02:00,9:27:00,,,9:01:00,9:29:00,9:03:00,9:16:00,66
20-11-25,Shift A,Malawian Airlines,ET34,DH8,LLW-HRE via LUN,2,11:45:00,12:20:00,11:38:00,12:14:00,11:44:00,12:07:00,,,11:43:00,12:09:00,11:45:00,11:52:00,71
20-11-25,Shift A,Malawian Airlines,ET35,DH8,HRE-LLW via LUN,3,13:10:00,13:45:00,12:57:00,13:47:00,13:00:00,13:35:00,,,12:59:00,13:37:00,13:01:00,13:11:00,151
20-11-25,Shift A,South African Airways,SA62,A320,JNB-JNB via LUN,4,12:40:00,13:30:00,12:50:00,13:54:00,12:56:00,13:43:00,,,12:55:00,13:45:00,12:57:00,13:00:00,185
20-11-25,Shift A,Air Tanzania,TC212,A220,DAR-HRE via LUN,5,12:20:00,13:10:00,12:17:00,13:18:00,12:22:00,13:11:00,,,12:21:00,13:13:00,12:23:00,12:37:00,104
20-11-25,Shift A,Uganda Airlines,UR722,CRJ900,EBB-HRE via LUN,6,11:45:00,12:30:00,11:47:00,12:27:00,11:52:00,12:14:00,,,11:51:00,12:16:00,11:53:00,12:03:00,132
20-11-25,Shift A,RwandAir,WB112,B737,KGL-HRE via LUN,7,15:00:00,15:50:00,15:09:00,16:01:00,15:13:00,15:47:00,,,15:12:00,15:49:00,15:14:00,15:26:00,114
20-11-25,Shift A,Ethiopian Airways,ET873,B787,ADD-ADD via LUN,1,13:10:00,15:10:00,13:12:00,15:05:00,13:18:00,14:57:00,13:19:00,14:56:00,13:17:00,14:59:00,13:19:00,13:28:00,174
20-11-25,Shift A,Airlink,4Z166,E135,JNB-JNB via LUN,2,9:40:00,10:15:00,9:36:00,10:39:00,9:41:00,10:27:00,,,9:40:00,10:29:00,9:42:00,9:47:00,40
20-11-25,Shift A,Airlink,4Z162,E195,JNB-JNB via LUN,3,13:30:00,14:15:00,13:35:00,14:23:00,13:40:00,14:09:00,,,13:39:00,14:11:00,13:41:00,13:54:00,129
20-11-25,Shift A,Qatar Airways,QR1455,B787,DOH-HRE via LUN,4,7:50:00,9:40:00,7:45:00,9:58:00,7:50:00,9:44:00,7:51:00,9:43:00,7:49:00,9:46:00,7:51:00,7:55:00,110
20-11-25,Shift A,Qatar Airways,QR1456,B787,HRE-DOH via LUN,5,15:00:00,16:30:00,15:12:00,16:37:00,15:15:00,16:29:00,15:16:00,16:28:00,15:14:00,16:31:00,15:16:00,15:32:00,183
20-11-25,Shift A,Turkish Airlines,TK525,B737 Max,IST-IST via LUN,6,1:20:00,2:20:00,1:30:00,1:30:00,1:34:00,2:26:00,,,1:33:00,2:28:00,1:35:00,1:42:00,175
20-11-25,Shift A,Kenya Airways,KQ704,B737,NBO-HRE via LUN,7,17:20:00,18:10:00,17:07:00,18:08:00,17:10:00,17:58:00,,,17:09:00,18:00:00,17:11:00,17:27:00,113
20-11-25,Shift A,Kenya Airways,KQ706,B737,NBO-HRE via LUN,1,9:10:00,10:00:00,9:19:00,9:52:00,9:23:00,9:35:00,,,9:22:00,9:37:00,9:24:00,9:36:00,114
21-11-25,Shift B,Air Botswana,BP312,E175,GBE-HRE via LUN,8,8:50:00,9:40:00,8:58:00,9:58:00,9:01:00,9:42:00,,,9:00:00,9:44:00,9:02:00,9:10:00,155
21-11-25,Shift B,Malawian Airlines,ET34,DH8,LLW-HRE via LUN,9,11:45:00,12:20:00,11:53:00,12:35:00,11:58:00,12:18:00,,,11:57:00,12:20:00,11:59:00,12:07:00,83
21-11-25,Shift B,Malawian Airlines,ET35,DH8,HRE-LLW via LUN,10,13:10:00,13:45:00,13:02:00,13:36:00,13:06:00,13:22:00,,,13:05:00,13:24:00,13:07:00,13:20:00,119
21-11-25,Shift B,South African Airways,SA62,A320,JNB-JNB via LUN,12,12:40:00,13:30:00,13:00:00,13:27:00,13:05:00,13:16:00,,,13:04:00,13:18:00,13:06:00,13:17:00,74
21-11-25,Shift B,Air Tanzania,TC212,A220,DAR-HRE via LUN,13,12:20:00,13:10:00,12:23:00,13:31:00,12:27:00,13:23:00,,,12:26:00,13:25:00,12:28:00,12:35:00,38
21-11-25,Shift B,Uganda Airlines,UR722,CRJ900,EBB-HRE via LUN,14,11:45:00,12:30:00,11:58:00,11:58:00,12:04:00,12:23:00,,,12:03:00,12:25:00,12:05:00,12:18:00,101
21-11-25,Shift B,RwandAir,WB112,B737,KGL-HRE via LUN,8,15:00:00,15:50:00,15:07:00,15:44:00,15:12:00,15:33:00,,,15:11:00,15:35:00,15:13:00,15:19:00,199
21-11-25,Shift B,Ethiopian Airways,ET873,B787,ADD-ADD via LUN,9,13:10:00,15:10:00,13:06:00,15:23:00,13:10:00,15:15:00,13:11:00,15:14:00,13:09:00,15:17:00,13:11:00,13:19:00,55
21-11-25,Shift B,Airlink,4Z166,E135,JNB-JNB via LUN,10,9:40:00,10:15:00,9:40:00,10:36:00,9:43:00,10:24:00,,,9:42:00,10:26:00,9:44:00,9:58:00,166
21-11-25,Shift B,Airlink,4Z162,E195,JNB-JNB via LUN,12,13:30:00,14:15:00,13:38:00,14:34:00,13:42:00,14:18:00,,,13:41:00,14:20:00,13:43:00,13:49:00,36
21-11-25,Shift B,Qatar Airways,QR1455,B787,DOH-HRE via LUN,13,7:50:00,9:40:00,7:54:00,9:55:00,8:00:00,9:40:00,8:01:00,9:39:00,7:59:00,9:42:00,8:01:00,8:10:00,124
21-11-25,Shift B,Qatar Airways,QR1456,B787,HRE-DOH via LUN,14,15:00:00,16:30:00,14:49:00,16:28:00,14:54:00,16:11:00,14:55:00,16:10:00,14:53:00,16:13:00,14:55:00,15:00:00,135
21-11-25,Shift B,Turkish Airlines,TK525,B737 Max,IST-IST via LUN,8,1:20:00,2:20:00,1:34:00,2:43:00,1:39:00,2:34:00,,,1:38:00,2:36:00,1:40:00,1:52:00,183
21-11-25,Shift B,Kenya Airways,KQ704,E195,NBO-HRE via LUN,9,17:20:00,18:10:00,17:13:00,18:27:00,17:16:00,18:19:00,,,17:15:00,18:21:00,17:17:00,17:31:00,59
21-11-25,Shift B,Kenya Airways,KQ706,B737,NBO-HRE via LUN,10,9:10:00,10:00:00,9:05:00,10:00:00,9:10:00,9:50:00,,,9:09:00,9:52:00,9:11:00,9:20:00,152
22-11-25,Shift B,Air Botswana,BP312,E175,GBE-HRE via LUN,8,8:50:00,9:40:00,8:53:00,9:35:00,8:58:00,9:25:00,,,8:57:00,9:27:00,8:59:00,9:13:00,161
22-11-25,Shift B,Malawian Airlines,ET34,DH8,LLW-HRE via LUN,9,11:45:00,12:20:00,11:47:00,12:18:00,11:52:00,12:02:00,,,11:51:00,12:04:00,11:53:00,12:05:00,43
22-11-25,Shift B,Malawian Airlines,ET35,DH8,HRE-LLW via LUN,10,13:10:00,13:45:00,13:27:00,13:45:00,13:31:00,13:36:00,,,13:30:00,13:38:00,13:32:00,13:47:00,179
22-11-25,Shift B,South African Airways,SA62,A320,JNB-JNB via LUN,12,12:40:00,13:30:00,12:46:00,13:22:00,12:49:00,13:14:00,,,12:48:00,13:16:00,12:50:00,12:56:00,184
22-11-25,Shift B,Air Tanzania,TC212,A220,DAR-HRE via LUN,13,12:20:00,13:10:00,12:21:00,13:13:00,12:27:00,12:57:00,,,12:26:00,12:59:00,12:28:00,12:41:00,27
22-11-25,Shift B,Uganda Airlines,UR722,CRJ900,EBB-HRE via LUN,14,11:45:00,12:30:00,12:01:00,12:54:00,12:06:00,12:37:00,,,12:05:00,12:39:00,12:07:00,12:15:00,143
22-11-25,Shift B,RwandAir,WB112,B737,KGL-HRE via LUN,8,15:00:00,15:50:00,15:00:00,16:05:00,15:05:00,15:51:00,,,15:04:00,15:53:00,15:06:00,15:11:00,196
22-11-25,Shift B,Ethiopian Airways,ET873,A350,ADD-ADD via LUN,9,13:10:00,15:10:00,13:05:00,15:28:00,13:11:00,15:14:00,13:12:00,15:13:00,13:10:00,15:16:00,13:12:00,13:22:00,72
22-11-25,Shift B,Airlink,4Z166,E135,JNB-JNB via LUN,10,9:40:00,10:15:00,9:46:00,10:14:00,9:51:00,10:02:00,,,9:50:00,10:04:00,9:52:00,10:01:00,122
22-11-25,Shift B,Airlink,4Z162,E195,JNB-JNB via LUN,12,13:30:00,14:15:00,13:23:00,14:28:00,13:26:00,14:16:00,,,13:25:00,14:18:00,13:27:00,13:36:00,139
22-11-25,Shift B,Qatar Airways,QR1455,B787,DOH-HRE via LUN,13,7:50:00,9:40:00,7:42:00,9:47:00,7:48:00,9:37:00,7:49:00,9:36:00,7:47:00,9:39:00,7:49:00,7:54:00,44
22-11-25,Shift B,Qatar Airways,QR1456,B787,HRE-DOH via LUN,14,15:00:00,16:30:00,14:48:00,16:38:00,14:54:00,16:22:00,14:55:00,16:21:00,14:53:00,16:24:00,14:55:00,15:04:00,83
22-11-25,Shift B,Turkish Airlines,TK525,B737 Max,IST-IST via LUN,8,1:20:00,2:20:00,1:15:00,2:30:00,1:20:00,2:20:00,,,1:19:00,2:22:00,1:21:00,1:27:00,147
22-11-25,Shift B,Kenya Airways,KQ704,B737,NBO-HRE via LUN,9,17:20:00,18:10:00,17:36:00,18:19:00,17:42:00,18:12:00,,,17:41:00,18:14:00,17:43:00,17:47:00,120
22-11-25,Shift B,Kenya Airways,KQ706,B737,NBO-HRE via LUN,10,9:10:00,10:00:00,9:10:00,10:03:00,9:15:00,9:56:00,,,9:14:00,9:58:00,9:16:00,9:20:00,92
23-11-25,Shift B,Air Botswana,BP312,E175,GBE-HRE via LUN,8,8:50:00,9:40:00,9:06:00,10:00:00,9:11:00,9:45:00,,,9:10:00,9:47:00,9:12:00,9:16:00,47
23-11-25,Shift B,Malawian Airlines,ET34,DH8,LLW-HRE via LUN,9,11:45:00,12:20:00,11:57:00,12:18:00,12:02:00,12:06:00,,,12:01:00,12:08:00,12:03:00,12:13:00,113
23-11-25,Shift B,Malawian Airlines,ET35,DH8,HRE-LLW via LUN,10,13:10:00,13:45:00,12:57:00,14:00:00,13:00:00,13:44:00,,,12:59:00,13:46:00,13:01:00,13:15:00,69
23-11-25,Shift B,South African Airways,SA62,A320,JNB-JNB via LUN,12,12:40:00,13:30:00,12:48:00,13:55:00,12:53:00,13:47:00,,,12:52:00,13:49:00,12:54:00,13:04:00,149
23-11-25,Shift B,Air Tanzania,TC212,A220,DAR-HRE via LUN,13,12:20:00,13:10:00,12:33:00,13:35:00,12:38:00,13:19:00,,,12:37:00,13:21:00,12:39:00,12:53:00,176
23-11-25,Shift B,Uganda Airlines,UR722,CRJ900,EBB-HRE via LUN,14,11:45:00,12:30:00,11:37:00,12:28:00,11:40:00,12:15:00,,,11:39:00,12:17:00,11:41:00,11:52:00,106
23-11-25,Shift B,RwandAir,WB112,B737,KGL-HRE via LUN,8,15:00:00,15:50:00,15:20:00,15:20:00,15:24:00,15:53:00,,,15:23:00,15:55:00,15:25:00,15:39:00,150
23-11-25,Shift B,Ethiopian Airways,ET873,B777,ADD-ADD via LUN,9,13:10:00,15:10:00,13:27:00,15:02:00,13:30:00,14:55:00,13:31:00,14:54:00,13:29:00,14:57:00,13:31:00,13:39:00,105
23-11-25,Shift B,Airlink,4Z166,E135,JNB-JNB via LUN,10,9:40:00,10:15:00,9:55:00,10:38:00,10:01:00,10:29:00,,,10:00:00,10:31:00,10:02:00,10:14:00,151
23-11-25,Shift B,Airlink,4Z162,E195,JNB-JNB via LUN,12,13:30:00,14:15:00,13:23:00,14:25:00,13:28:00,14:16:00,,,13:27:00,14:18:00,13:29:00,13:39:00,177
23-11-25,Shift B,Qatar Airways,QR1455,B787,DOH-HRE via LUN,13,7:50:00,9:40:00,7:54:00,9:51:00,8:00:00,9:35:00,8:01:00,9:34:00,7:59:00,9:37:00,8:01:00,8:08:00,141
23-11-25,Shift B,Qatar Airways,QR1456,B787,HRE-DOH via LUN,14,15:00:00,16:30:00,14:46:00,16:43:00,14:51:00,16:26:00,14:52:00,16:25:00,14:50:00,16:28:00,14:52:00,14:57:00,126
23-11-25,Shift B,Turkish Airlines,TK525,B737 Max,IST-IST via LUN,8,1:20:00,2:20:00,1:24:00,2:11:00,1:30:00,2:00:00,,,1:29:00,2:02:00,1:31:00,1:44:00,168
23-11-25,Shift B,Kenya Airways,KQ704,E195,NBO-HRE via LUN,9,17:20:00,18:10:00,17:08:00,18:30:00,17:12:00,18:15:00,,,17:11:00,18:17:00,17:13:00,17:28:00,178
23-11-25,Shift B,Kenya Airways,KQ706,B737,NBO-HRE via LUN,10,9:10:00,10:00:00,9:04:00,10:05:00,9:07:00,9:49:00,,,9:06:00,9:51:00,9:08:00,9:15:00,68
24-11-25,Shift B,Air Botswana,BP312,E175,GBE-HRE via LUN,8,8:50:00,9:40:00,8:36:00,9:58:00,8:41:00,9:45:00,,,8:40:00,9:47:00,8:42:00,8:48:00,125
24-11-25,Shift B,Malawian Airlines,ET34,DH8,LLW-HRE via LUN,9,11:45:00,12:20:00,11:43:00,12:36:00,11:49:00,12:29:00,,,11:48:00,12:31:00,11:50:00,11:55:00,152
24-11-25,Shift B,Malawian Airlines,ET35,DH8,HRE-LLW via LUN,10,13:10:00,13:45:00,13:08:00,14:10:00,13:13:00,13:53:00,,,13:12:00,13:55:00,13:14:00,13:25:00,154
24-11-25,Shift B,South African Airways,SA62,A320,JNB-JNB via LUN,12,12:40:00,13:30:00,12:49:00,13:40:00,12:53:00,13:26:00,,,12:52:00,13:28:00,12:54:00,13:07:00,107
24-11-25,Shift B,Air Tanzania,TC212,A220,DAR-HRE via LUN,13,12:20:00,13:10:00,12:39:00,13:22:00,12:44:00,13:06:00,,,12:43:00,13:08:00,12:45:00,12:56:00,69
24-11-25,Shift B,Uganda Airlines,UR722,CRJ900,EBB-HRE via LUN,14,11:45:00,12:30:00,11:45:00,12:37:00,11:50:00,12:27:00,,,11:49:00,12:29:00,11:51:00,11:59:00,93
24-11-25,Shift B,RwandAir,WB112,B737,KGL-HRE via LUN,8,15:00:00,15:50:00,14:58:00,16:11:00,15:03:00,15:57:00,,,15:02:00,15:59:00,15:04:00,15:13:00,163
24-11-25,Shift B,Ethiopian Airways,ET873,B787,ADD-ADD via LUN,9,13:10:00,15:10:00,13:12:00,15:18:00,13:15:00,15:02:00,13:16:00,15:01:00,13:14:00,15:04:00,13:16:00,13:32:00,159
24-11-25,Shift B,Airlink,4Z166,E135,JNB-JNB via LUN,10,9:40:00,10:15:00,9:49:00,10:30:00,9:54:00,10:21:00,,,9:53:00,10:23:00,9:55:00,10:03:00,30
24-11-25,Shift B,Airlink,4Z162,E195,JNB-JNB via LUN,12,13:30:00,14:15:00,13:33:00,14:10:00,13:38:00,13:56:00,,,13:37:00,13:58:00,13:39:00,13:53:00,85
24-11-25,Shift B,Qatar Airways,QR1455,B787,DOH-HRE via LUN,13,7:50:00,9:40:00,8:05:00,9:43:00,8:09:00,9:28:00,8:10:00,9:27:00,8:08:00,9:30:00,8:10:00,8:19:00,163
24-11-25,Shift B,Qatar Airways,QR1456,B787,HRE-DOH via LUN,14,15:00:00,16:30:00,15:02:00,16:28:00,15:05:00,16:12:00,15:06:00,16:11:00,15:04:00,16:14:00,15:06:00,15:21:00,81
24-11-25,Shift B,Turkish Airlines,TK525,B737 Max,IST-IST via LUN,8,1:20:00,2:20:00,1:20:00,2:13:00,1:24:00,1:56:00,,,1:23:00,1:58:00,1:25:00,1:33:00,33
24-11-25,Shift B,Kenya Airways,KQ704,E195,NBO-HRE via LUN,9,17:20:00,18:10:00,17:31:00,18:21:00,17:37:00,18:13:00,,,17:36:00,18:15:00,17:38:00,17:51:00,55
24-11-25,Shift B,Kenya Airways,KQ706,E195,NBO-HRE via LUN,10,9:10:00,10:00:00,9:30:00,10:00:00,9:36:00,9:43:00,,,9:35:00,9:45:00,9:37:00,9:47:00,142
25-11-25,Shift A,Air Botswana,BP312,E175,GBE-HRE via LUN,1,8:50:00,9:40:00,8:47:00,9:48:00,8:52:00,9:37:00,,,8:51:00,9:39:00,8:53:00,9:07:00,35
25-11-25,Shift A,Malawian Airlines,ET34,DH8,LLW-HRE via LUN,2,11:45:00,12:20:00,11:35:00,12:24:00,11:38:00,12:15:00,,,11:37:00,12:17:00,11:39:00,11:51:00,65
25-11-25,Shift A,Malawian Airlines,ET35,DH8,HRE-LLW via LUN,3,13:10:00,13:45:00,12:57:00,14:00:00,13:03:00,13:51:00,,,13:02:00,13:53:00,13:04:00,13:11:00,29
25-11-25,Shift A,South African Airways,SA62,A320,JNB-JNB via LUN,4,12:40:00,13:30:00,12:25:00,13:39:00,12:28:00,13:27:00,,,12:27:00,13:29:00,12:29:00,12:39:00,136
25-11-25,Shift A,Air Tanzania,TC212,A220,DAR-HRE via LUN,5,12:20:00,13:10:00,12:39:00,13:33:00,12:45:00,13:24:00,,,12:44:00,13:26:00,12:46:00,12:57:00,139
25-11-25,Shift A,Uganda Airlines,UR722,CRJ900,EBB-HRE via LUN,6,11:45:00,12:30:00,11:47:00,12:32:00,11:50:00,12:20:00,,,11:49:00,12:22:00,11:51:00,11:59:00,137
25-11-25,Shift A,RwandAir,WB112,B737,KGL-HRE via LUN,7,15:00:00,15:50:00,15:01:00,15:51:00,15:04:00,15:39:00,,,15:03:00,15:41:00,15:05:00,15:15:00,165
25-11-25,Shift A,Ethiopian Airways,ET873,B787,ADD-ADD via LUN,1,13:10:00,15:10:00,13:07:00,15:11:00,13:13:00,14:58:00,13:14:00,14:57:00,13:12:00,15:00:00,13:14:00,13:25:00,103
25-11-25,Shift A,Airlink,4Z166,E135,JNB-JNB via LUN,2,9:40:00,10:15:00,9:30:00,10:30:00,9:33:00,10:21:00,,,9:32:00,10:23:00,9:34:00,9:42:00,142
25-11-25,Shift A,Airlink,4Z162,E195,JNB-JNB via LUN,3,13:30:00,14:15:00,13:35:00,14:20:00,13:38:00,14:09:00,,,13:37:00,14:11:00,13:39:00,13:51:00,80
25-11-25,Shift A,Qatar Airways,QR1455,B787,DOH-HRE via LUN,4,7:50:00,9:40:00,8:03:00,9:47:00,8:08:00,9:36:00,8:09:00,9:35:00,8:07:00,9:38:00,8:09:00,8:22:00,166
25-11-25,Shift A,Qatar Airways,QR1456,B787,HRE-DOH via LUN,5,15:00:00,16:30:00,14:45:00,16:36:00,14:50:00,16:26:00,14:51:00,16:25:00,14:49:00,16:28:00,14:51:00,14:55:00,190
25-11-25,Shift A,Turkish Airlines,TK525,B737 Max,IST-IST via LUN,6,1:20:00,2:20:00,1:12:00,2:39:00,1:17:00,2:30:00,,,1:16:00,2:32:00,1:18:00,1:28:00,195
25-11-25,Shift A,Kenya Airways,KQ704,B737,NBO-HRE via LUN,7,17:20:00,18:10:00,17:12:00,18:18:00,17:17:00,18:02:00,,,17:16:00,18:04:00,17:18:00,17:25:00,76
25-11-25,Shift A,Kenya Airways,KQ706,E195,NBO-HRE via LUN,1,9:10:00,10:00:00,9:25:00,9:59:00,9:31:00,9:43:00,,,9:30:00,9:45:00,9:32:00,9:40:00,126
26-11-25,Shift A,Air Botswana,BP312,E175,GBE-HRE via LUN,1,8:50:00,9:40:00,9:10:00,9:10:00,9:14:00,9:50:00,,,9:13:00,9:52:00,9:15:00,9:30:00,172
26-11-25,Shift A,Malawian Airlines,ET34,DH8,LLW-HRE via LUN,2,11:45:00,12:20:00,11:35:00,12:43:00,11:41:00,12:28:00,,,11:40:00,12:30:00,11:42:00,11:50:00,39
26-11-25,Shift A,Malawian Airlines,ET35,DH8,HRE-LLW via LUN,3,13:10:00,13:45:00,13:02:00,13:38:00,13:06:00,13:22:00,,,13:05:00,13:24:00,13:07:00,13:20:00,58
26-11-25,Shift A,South African Airways,SA62,A320,JNB-JNB via LUN,4,12:40:00,13:30:00,12:35:00,13:40:00,12:41:00,13:32:00,,,12:40:00,13:34:00,12:42:00,12:55:00,72
26-11-25,Shift A,Air Tanzania,TC212,A220,DAR-HRE via LUN,5,12:20:00,13:10:00,12:36:00,13:05:00,12:42:00,12:58:00,,,12:41:00,13:00:00,12:43:00,12:53:00,53
26-11-25,Shift A,Uganda Airlines,UR722,CRJ900,EBB-HRE via LUN,6,11:45:00,12:30:00,12:02:00,12:46:00,12:08:00,12:30:00,,,12:07:00,12:32:00,12:09:00,12:12:00,163
26-11-25,Shift A,RwandAir,WB112,B737,KGL-HRE via LUN,7,15:00:00,15:50:00,15:14:00,15:59:00,15:17:00,15:46:00,,,15:16:00,15:48:00,15:18:00,15:28:00,20
26-11-25,Shift A,Ethiopian Airways,ET873,B787,ADD-ADD via LUN,1,13:10:00,15:10:00,13:08:00,15:04:00,13:11:00,14:51:00,13:12:00,14:50:00,13:10:00,14:53:00,13:12:00,13:23:00,199
26-11-25,Shift A,Airlink,4Z166,E135,JNB-JNB via LUN,2,9:40:00,10:15:00,9:29:00,10:39:00,9:32:00,10:31:00,,,9:31:00,10:33:00,9:33:00,9:46:00,28
26-11-25,Shift A,Airlink,4Z162,E195,JNB-JNB via LUN,3,13:30:00,14:15:00,13:33:00,14:31:00,13:37:00,14:22:00,,,13:36:00,14:24:00,13:38:00,13:53:00,185
26-11-25,Shift A,Qatar Airways,QR1455,B787,DOH-HRE via LUN,4,7:50:00,9:40:00,8:01:00,9:53:00,8:07:00,9:39:00,8:08:00,9:38:00,8:06:00,9:41:00,8:08:00,8:17:00,116
26-11-25,Shift A,Qatar Airways,QR1456,B787,HRE-DOH via LUN,5,15:00:00,16:30:00,14:50:00,16:54:00,14:54:00,16:37:00,14:55:00,16:36:00,14:53:00,16:39:00,14:55:00,15:05:00,50
26-11-25,Shift A,Turkish Airlines,TK525,B737 Max,IST-IST via LUN,6,1:20:00,2:20:00,1:16:00,2:44:00,1:22:00,2:29:00,,,1:21:00,2:31:00,1:23:00,1:28:00,77
26-11-25,Shift A,Kenya Airways,KQ704,E195,NBO-HRE via LUN,7,17:20:00,18:10:00,17:06:00,18:19:00,17:12:00,18:02:00,,,17:11:00,18:04:00,17:13:00,17:24:00,128
26-11-25,Shift A,Kenya Airways,KQ706,B737,NBO-HRE via LUN,1,9:10:00,10:00:00,9:09:00,10:05:00,9:15:00,9:53:00,,,9:14:00,9:55:00,9:16:00,9:21:00,90
27-11-25,Shift A,Air Botswana,BP312,E175,GBE-HRE via LUN,1,8:50:00,9:40:00,8:47:00,9:37:00,8:50:00,9:20:00,,,8:49:00,9:22:00,8:51:00,9:03:00,177
27-11-25,Shift A,Malawian Airlines,ET34,DH8,LLW-HRE via LUN,2,11:45:00,12:20:00,11:31:00,12:25:00,11:35:00,12:17:00,,,11:34:00,12:19:00,11:36:00,11:42:00,172
27-11-25,Shift A,Malawian Airlines,ET35,DH8,HRE-LLW via LUN,3,13:10:00,13:45:00,12:57:00,14:03:00,13:00:00,13:53:00,,,12:59:00,13:55:00,13:01:00,13:07:00,122
27-11-25,Shift A,South African Airways,SA62,A320,JNB-JNB via LUN,4,12:40:00,13:30:00,12:53:00,13:34:00,12:57:00,13:27:00,,,12:56:00,13:29:00,12:58:00,13:05:00,148
27-11-25,Shift A,Air Tanzania,TC212,A220,DAR-HRE via LUN,5,12:20:00,13:10:00,12:23:00,13:14:00,12:28:00,12:58:00,,,12:27:00,13:00:00,12:29:00,12:42:00,192
27-11-25,Shift A,Uganda Airlines,UR722,CRJ900,EBB-HRE via LUN,6,11:45:00,12:30:00,11:50:00,12:35:00,11:55:00,12:26:00,,,11:54:00,12:28:00,11:56:00,12:10:00,153
27-11-25,Shift A,RwandAir,WB112,B737,KGL-HRE via LUN,7,15:00:00,15:50:00,14:59:00,16:06:00,15:04:00,15:55:00,,,15:03:00,15:57:00,15:05:00,15:09:00,162
27-11-25,Shift A,Ethiopian Airways,ET873,B787,ADD-ADD via LUN,1,13:10:00,15:10:00,13:06:00,15:27:00,13:12:00,15:20:00,13:13:00,15:19:00,13:11:00,15:22:00,13:13:00,13:21:00,184
27-11-25,Shift A,Airlink,4Z166,E135,JNB-JNB via LUN,2,9:40:00,10:15:00,9:49:00,10:38:00,9:54:00,10:25:00,,,9:53:00,10:27:00,9:55:00,10:05:00,58
27-11-25,Shift A,Airlink,4Z162,E195,JNB-JNB via LUN,3,13:30:00,14:15:00,13:34:00,14:29:00,13:38:00,14:14:00,,,13:37:00,14:16:00,13:39:00,13:51:00,81
27-11-25,Shift A,Qatar Airways,QR1455,B787,DOH-HRE via LUN,4,7:50:00,9:40:00,7:49:00,9:49:00,7:53:00,9:35:00,7:54:00,9:34:00,7:52:00,9:37:00,7:54:00,7:59:00,163
27-11-25,Shift A,Qatar Airways,QR1456,B787,HRE-DOH via LUN,5,15:00:00,16:30:00,15:11:00,16:46:00,15:15:00,16:33:00,15:16:00,16:32:00,15:14:00,16:35:00,15:16:00,15:24:00,85
27-11-25,Shift A,Turkish Airlines,TK525,B737 Max,IST-IST via LUN,6,1:20:00,2:20:00,1:18:00,2:31:00,1:21:00,2:17:00,,,1:20:00,2:19:00,1:22:00,1:33:00,43
27-11-25,Shift A,Kenya Airways,KQ704,E195,NBO-HRE via LUN,7,17:20:00,18:10:00,17:08:00,18:17:00,17:14:00,18:00:00,,,17:13:00,18:02:00,17:15:00,17:27:00,174
27-11-25,Shift A,Kenya Airways,KQ706,E195,NBO-HRE via LUN,1,9:10:00,10:00:00,8:59:00,10:02:00,9:03:00,9:48:00,,,9:02:00,9:50:00,9:04:00,9:12:00,105
28-11-25,Shift A,Air Botswana,BP312,E175,GBE-HRE via LUN,1,8:50:00,9:40:00,8:54:00,9:30:00,8:58:00,9:20:00,,,8:57:00,9:22:00,8:59:00,9:05:00,142
28-11-25,Shift A,Malawian Airlines,ET34,DH8,LLW-HRE via LUN,2,11:45:00,12:20:00,11:45:00,12:23:00,11:51:00,12:13:00,,,11:50:00,12:15:00,11:52:00,12:03:00,102
28-11-25,Shift A,Malawian Airlines,ET35,DH8,HRE-LLW via LUN,3,13:10:00,13:45:00,13:13:00,13:59:00,13:19:00,13:44:00,,,13:18:00,13:46:00,13:20:00,13:33:00,111
28-11-25,Shift A,South African Airways,SA62,A320,JNB-JNB via LUN,4,12:40:00,13:30:00,12:44:00,13:36:00,12:49:00,13:21:00,,,12:48:00,13:23:00,12:50:00,13:01:00,139
28-11-25,Shift A,Air Tanzania,TC212,A220,DAR-HRE via LUN,5,12:20:00,13:10:00,12:11:00,13:30:00,12:16:00,13:20:00,,,12:15:00,13:22:00,12:17:00,12:26:00,100
28-11-25,Shift A,Uganda Airlines,UR722,CRJ900,EBB-HRE via LUN,6,11:45:00,12:30:00,11:56:00,12:22:00,12:00:00,12:13:00,,,11:59:00,12:15:00,12:01:00,12:06:00,86
28-11-25,Shift A,RwandAir,WB112,B737,KGL-HRE via LUN,7,15:00:00,15:50:00,15:20:00,16:06:00,15:25:00,15:57:00,,,15:24:00,15:59:00,15:26:00,15:33:00,104
28-11-25,Shift A,Ethiopian Airways,ET873,A350,ADD-ADD via LUN,1,13:10:00,15:10:00,13:19:00,15:15:00,13:25:00,15:00:00,13:26:00,14:59:00,13:24:00,15:02:00,13:26:00,13:39:00,195
28-11-25,Shift A,Airlink,4Z166,E135,JNB-JNB via LUN,2,9:40:00,10:15:00,9:46:00,10:21:00,9:52:00,10:04:00,,,9:51:00,10:06:00,9:53:00,10:03:00,137
28-11-25,Shift A,Airlink,4Z162,E195,JNB-JNB via LUN,3,13:30:00,14:15:00,13:25:00,14:27:00,13:29:00,14:18:00,,,13:28:00,14:20:00,13:30:00,13:43:00,145
28-11-25,Shift A,Qatar Airways,QR1455,B787,DOH-HRE via LUN,4,7:50:00,9:40:00,7:46:00,10:04:00,7:49:00,9:49:00,7:50:00,9:48:00,7:48:00,9:51:00,7:50:00,7:56:00,39
28-11-25,Shift A,Qatar Airways,QR1456,B787,HRE-DOH via LUN,5,15:00:00,16:30:00,14:48:00,16:20:00,14:54:00,16:11:00,14:55:00,16:10:00,14:53:00,16:13:00,14:55:00,15:08:00,79
28-11-25,Shift A,Turkish Airlines,TK525,B737 Max,IST-IST via LUN,6,1:20:00,2:20:00,1:09:00,2:19:00,1:12:00,2:09:00,,,1:11:00,2:11:00,1:13:00,1:27:00,136
28-11-25,Shift A,Kenya Airways,KQ704,B737,NBO-HRE via LUN,7,17:20:00,18:10:00,17:08:00,18:30:00,17:14:00,18:23:00,,,17:13:00,18:25:00,17:15:00,17:18:00,156
28-11-25,Shift A,Kenya Airways,KQ706,B737,NBO-HRE via LUN,1,9:10:00,10:00:00,8:55:00,9:51:00,9:00:00,9:36:00,,,8:59:00,9:38:00,9:01:00,9:09:00,24
29-11-25,Shift B,Air Botswana,BP312,E175,GBE-HRE via LUN,8,8:50:00,9:40:00,9:07:00,9:57:00,9:11:00,9:49:00,,,9:10:00,9:51:00,9:12:00,9:18:00,154
29-11-25,Shift B,Malawian Airlines,ET34,DH8,LLW-HRE via LUN,9,11:45:00,12:20:00,11:39:00,12:25:00,11:43:00,12:09:00,,,11:42:00,12:11:00,11:44:00,11:57:00,84
29-11-25,Shift B,Malawian Airlines,ET35,DH8,HRE-LLW via LUN,10,13:10:00,13:45:00,13:17:00,13:52:00,13:23:00,13:44:00,,,13:22:00,13:46:00,13:24:00,13:32:00,123
29-11-25,Shift B,South African Airways,SA62,A320,JNB-JNB via LUN,12,12:40:00,13:30:00,12:54:00,13:35:00,12:58:00,13:24:00,,,12:57:00,13:26:00,12:59:00,13:14:00,40
29-11-25,Shift B,Air Tanzania,TC212,A220,DAR-HRE via LUN,13,12:20:00,13:10:00,12:07:00,13:05:00,12:13:00,12:52:00,,,12:12:00,12:54:00,12:14:00,12:23:00,161
29-11-25,Shift B,Uganda Airlines,UR722,CRJ900,EBB-HRE via LUN,14,11:45:00,12:30:00,12:00:00,12:23:00,12:03:00,12:14:00,,,12:02:00,12:16:00,12:04:00,12:11:00,147
29-11-25,Shift B,RwandAir,WB112,B737,KGL-HRE via LUN,8,15:00:00,15:50:00,15:12:00,16:01:00,15:15:00,15:46:00,,,15:14:00,15:48:00,15:16:00,15:22:00,78
29-11-25,Shift B,Ethiopian Airways,ET873,A350,ADD-ADD via LUN,9,13:10:00,15:10:00,13:25:00,15:17:00,13:28:00,15:09:00,13:29:00,15:08:00,13:27:00,15:11:00,13:29:00,13:45:00,91
29-11-25,Shift B,Airlink,4Z166,E135,JNB-JNB via LUN,10,9:40:00,10:15:00,9:59:00,10:07:00,10:03:00,9:55:00,,,10:02:00,9:57:00,10:04:00,10:09:00,73
29-11-25,Shift B,Airlink,4Z162,E195,JNB-JNB via LUN,12,13:30:00,14:15:00,13:24:00,14:30:00,13:27:00,14:19:00,,,13:26:00,14:21:00,13:28:00,13:36:00,164
29-11-25,Shift B,Qatar Airways,QR1455,B787,DOH-HRE via LUN,13,7:50:00,9:40:00,7:50:00,9:54:00,7:55:00,9:41:00,7:56:00,9:40:00,7:54:00,9:43:00,7:56:00,8:02:00,196
29-11-25,Shift B,Qatar Airways,QR1456,B787,HRE-DOH via LUN,14,15:00:00,16:30:00,14:50:00,16:52:00,14:55:00,16:45:00,14:56:00,16:44:00,14:54:00,16:47:00,14:56:00,15:01:00,131
29-11-25,Shift B,Turkish Airlines,TK525,B737 Max,IST-IST via LUN,8,1:20:00,2:20:00,1:19:00,2:14:00,1:24:00,1:58:00,,,1:23:00,2:00:00,1:25:00,1:38:00,172
29-11-25,Shift B,Kenya Airways,KQ704,B737,NBO-HRE via LUN,9,17:20:00,18:10:00,17:25:00,18:01:00,17:30:00,17:47:00,,,17:29:00,17:49:00,17:31:00,17:42:00,78
29-11-25,Shift B,Kenya Airways,KQ706,B737,NBO-HRE via LUN,10,9:10:00,10:00:00,9:30:00,9:30:00,9:36:00,10:05:00,,,9:35:00,10:07:00,9:37:00,9:50:00,169
30-11-25,Shift B,Air Botswana,BP312,E175,GBE-HRE via LUN,8,8:50:00,9:40:00,8:59:00,9:35:00,9:04:00,9:25:00,,,9:03:00,9:27:00,9:05:00,9:10:00,41
30-11-25,Shift B,Malawian Airlines,ET34,DH8,LLW-HRE via LUN,9,11:45:00,12:20:00,11:47:00,12:19:00,11:53:00,12:02:00,,,11:52:00,12:04:00,11:54:00,11:59:00,119
30-11-25,Shift B,Malawian Airlines,ET35,DH8,HRE-LLW via LUN,10,13:10:00,13:45:00,13:15:00,13:58:00,13:18:00,13:50:00,,,13:17:00,13:52:00,13:19:00,13:25:00,98
30-11-25,Shift B,South African Airways,SA62,A320,JNB-JNB via LUN,12,12:40:00,13:30:00,12:53:00,13:43:00,12:58:00,13:35:00,,,12:57:00,13:37:00,12:59:00,13:05:00,42
30-11-25,Shift B,Air Tanzania,TC212,A220,DAR-HRE via LUN,13,12:20:00,13:10:00,12:16:00,13:27:00,12:22:00,13:12:00,,,12:21:00,13:14:00,12:23:00,12:34:00,151
30-11-25,Shift B,Uganda Airlines,UR722,CRJ900,EBB-HRE via LUN,14,11:45:00,12:30:00,11:56:00,12:26:00,11:59:00,12:18:00,,,11:58:00,12:20:00,12:00:00,12:11:00,161
30-11-25,Shift B,RwandAir,WB112,B737,KGL-HRE via LUN,8,15:00:00,15:50:00,14:50:00,16:00:00,14:56:00,15:53:00,,,14:55:00,15:55:00,14:57:00,15:04:00,125
30-11-25,Shift B,Ethiopian Airways,ET873,B777,ADD-ADD via LUN,9,13:10:00,15:10:00,13:00:00,15:35:00,13:04:00,15:19:00,13:05:00,15:18:00,13:03:00,15:21:00,13:05:00,13:18:00,63
30-11-25,Shift B,Airlink,4Z166,E135,JNB-JNB via LUN,10,9:40:00,10:15:00,9:49:00,10:15:00,9:53:00,10:04:00,,,9:52:00,10:06:00,9:54:00,10:03:00,88
30-11-25,Shift B,Airlink,4Z162,E195,JNB-JNB via LUN,12,13:30:00,14:15:00,13:46:00,14:14:00,13:49:00,14:05:00,,,13:48:00,14:07:00,13:50:00,14:02:00,90
30-11-25,Shift B,Qatar Airways,QR1455,B787,DOH-HRE via LUN,13,7:50:00,9:40:00,8:01:00,9:49:00,8:07:00,9:41:00,8:08:00,9:40:00,8:06:00,9:43:00,8:08:00,8:16:00,84
30-11-25,Shift B,Qatar Airways,QR1456,B787,HRE-DOH via LUN,14,15:00:00,16:30:00,15:00:00,16:51:00,15:04:00,16:37:00,15:05:00,16:36:00,15:03:00,16:39:00,15:05:00,15:11:00,54
30-11-25,Shift B,Turkish Airlines,TK525,B737 Max,IST-IST via LUN,8,1:20:00,2:20:00,1:24:00,2:10:00,1:30:00,1:58:00,,,1:29:00,2:00:00,1:31:00,1:43:00,117
30-11-25,Shift B,Kenya Airways,KQ704,B737,NBO-HRE via LUN,9,17:20:00,18:10:00,17:33:00,18:21:00,17:39:00,18:04:00,,,17:38:00,18:06:00,17:40:00,17:52:00,54
30-11-25,Shift B,Kenya Airways,KQ706,B737,NBO-HRE via LUN,10,9:10:00,10:00:00,9:15:00,10:02:00,9:21:00,9:50:00,,,9:20:00,9:52:00,9:22:00,9:27:00,121
01-12-25,Shift B,Air Botswana,BP312,E175,GBE-HRE via LUN,8,8:50:00,9:40:00,8:55:00,9:48:00,9:01:00,9:32:00,,,9:00:00,9:34:00,9:02:00,9:08:00,103
01-12-25,Shift B,Malawian Airlines,ET34,DH8,LLW-HRE via LUN,9,11:45:00,12:20:00,11:54:00,12:27:00,12:00:00,12:15:00,,,11:59:00,12:17:00,12:01:00,12:05:00,164
01-12-25,Shift B,Malawian Airlines,ET35,DH8,HRE-LLW via LUN,10,13:10:00,13:45:00,13:07:00,14:09:00,13:11:00,13:52:00,,,13:10:00,13:54:00,13:12:00,13:25:00,26
01-12-25,Shift B,South African Airways,SA62,A320,JNB-JNB via LUN,12,12:40:00,13:30:00,12:54:00,12:54:00,13:00:00,13:22:00,,,12:59:00,13:24:00,13:01:00,13:05:00,124
01-12-25,Shift B,Air Tanzania,TC212,A220,DAR-HRE via LUN,13,12:20:00,13:10:00,12:36:00,13:08:00,12:41:00,12:58:00,,,12:40:00,13:00:00,12:42:00,12:50:00,188
01-12-25,Shift B,Uganda Airlines,UR722,CRJ900,EBB-HRE via LUN,14,11:45:00,12:30:00,11:39:00,12:47:00,11:45:00,12:39:00,,,11:44:00,12:41:00,11:46:00,11:56:00,173
01-12-25,Shift B,RwandAir,WB112,B737,KGL-HRE via LUN,8,15:00:00,15:50:00,15:15:00,16:05:00,15:21:00,15:50:00,,,15:20:00,15:52:00,15:22:00,15:25:00,112
01-12-25,Shift B,Ethiopian Airways,ET873,B787,ADD-ADD via LUN,9,13:10:00,15:10:00,13:29:00,15:05:00,13:32:00,14:55:00,13:33:00,14:54:00,13:31:00,14:57:00,13:33:00,13:49:00,190
01-12-25,Shift B,Airlink,4Z166,E135,JNB-JNB via LUN,10,9:40:00,10:15:00,9:47:00,10:15:00,9:50:00,9:59:00,,,9:49:00,10:01:00,9:51:00,10:07:00,193
01-12-25,Shift B,Airlink,4Z162,E195,JNB-JNB via LUN,12,13:30:00,14:15:00,13:40:00,14:26:00,13:46:00,14:18:00,,,13:45:00,14:20:00,13:47:00,13:50:00,45
01-12-25,Shift B,Qatar Airways,QR1455,B787,DOH-HRE via LUN,13,7:50:00,9:40:00,7:51:00,9:44:00,7:55:00,9:30:00,7:56:00,9:29:00,7:54:00,9:32:00,7:56:00,8:06:00,120
01-12-25,Shift B,Qatar Airways,QR1456,B787,HRE-DOH via LUN,14,15:00:00,16:30:00,15:14:00,16:52:00,15:18:00,16:40:00,15:19:00,16:39:00,15:17:00,16:42:00,15:19:00,15:24:00,143
01-12-25,Shift B,Turkish Airlines,TK525,B737 Max,IST-IST via LUN,8,1:20:00,2:20:00,1:11:00,1:11:00,1:17:00,2:20:00,,,1:16:00,2:22:00,1:18:00,1:22:00,56
01-12-25,Shift B,Kenya Airways,KQ704,B737,NBO-HRE via LUN,9,17:20:00,18:10:00,17:24:00,18:21:00,17:30:00,18:11:00,,,17:29:00,18:13:00,17:31:00,17:42:00,143
01-12-25,Shift B,Kenya Airways,KQ706,B737,NBO-HRE via LUN,10,9:10:00,10:00:00,9:25:00,9:25:00,9:31:00,9:42:00,,,9:30:00,9:44:00,9:32:00,9:40:00,37
02-12-25,Shift B,Air Botswana,BP312,E175,GBE-HRE via LUN,8,8:50:00,9:40:00,8:54:00,9:32:00,8:57:00,9:25:00,,,8:56:00,9:27:00,8:58:00,9:09:00,185
02-12-25,Shift B,Malawian Airlines,ET34,DH8,LLW-HRE via LUN,9,11:45:00,12:20:00,11:36:00,12:20:00,11:40:00,12:05:00,,,11:39:00,12:07:00,11:41:00,11:48:00,161
02-12-25,Shift B,Malawian Airlines,ET35,DH8,HRE-LLW via LUN,10,13:10:00,13:45:00,13:05:00,13:56:00,13:11:00,13:42:00,,,13:10:00,13:44:00,13:12:00,13:18:00,123
02-12-25,Shift B,South African Airways,SA62,A320,JNB-JNB via LUN,12,12:40:00,13:30:00,12:36:00,13:31:00,12:42:00,13:18:00,,,12:41:00,13:20:00,12:43:00,12:46:00,177
02-12-25,Shift B,Air Tanzania,TC212,A220,DAR-HRE via LUN,13,12:20:00,13:10:00,12:17:00,13:28:00,12:23:00,13:15:00,,,12:22:00,13:17:00,12:24:00,12:27:00,200
02-12-25,Shift B,Uganda Airlines,UR722,CRJ900,EBB-HRE via LUN,14,11:45:00,12:30:00,11:43:00,12:33:00,11:48:00,12:25:00,,,11:47:00,12:27:00,11:49:00,12:02:00,46
02-12-25,Shift B,RwandAir,WB112,B737,KGL-HRE via LUN,8,15:00:00,15:50:00,15:19:00,15:51:00,15:24:00,15:39:00,,,15:23:00,15:41:00,15:25:00,15:32:00,137
02-12-25,Shift B,Ethiopian Airways,ET873,A350,ADD-ADD via LUN,9,13:10:00,15:10:00,13:11:00,15:31:00,13:16:00,15:15:00,13:17:00,15:14:00,13:15:00,15:17:00,13:17:00,13:27:00,176
02-12-25,Shift B,Airlink,4Z166,E135,JNB-JNB via LUN,10,9:40:00,10:15:00,9:50:00,10:12:00,9:55:00,10:00:00,,,9:54:00,10:02:00,9:56:00,10:07:00,178
02-12-25,Shift B,Airlink,4Z162,E195,JNB-JNB via LUN,12,13:30:00,14:15:00,13:26:00,14:24:00,13:29:00,14:07:00,,,13:28:00,14:09:00,13:30:00,13:38:00,100
02-12-25,Shift B,Qatar Airways,QR1455,B787,DOH-HRE via LUN,13,7:50:00,9:40:00,7:42:00,9:45:00,7:47:00,9:37:00,7:48:00,9:36:00,7:46:00,9:39:00,7:48:00,7:54:00,115
02-12-25,Shift B,Qatar Airways,QR1456,B787,HRE-DOH via LUN,14,15:00:00,16:30:00,14:54:00,16:52:00,15:00:00,16:39:00,15:01:00,16:38:00,14:59:00,16:41:00,15:01:00,15:13:00,55
02-12-25,Shift B,Turkish Airlines,TK525,B737 Max,IST-IST via LUN,8,1:20:00,2:20:00,1:29:00,2:37:00,1:33:00,2:23:00,,,1:32:00,2:25:00,1:34:00,1:49:00,157
02-12-25,Shift B,Kenya Airways,KQ704,E195,NBO-HRE via LUN,9,17:20:00,18:10:00,17:40:00,17:40:00,17:46:00,17:59:00,,,17:45:00,18:01:00,17:47:00,17:52:00,67
02-12-25,Shift B,Kenya Airways,KQ706,B737,NBO-HRE via LUN,10,9:10:00,10:00:00,9:23:00,9:53:00,9:28:00,9:46:00,,,9:27:00,9:48:00,9:29:00,9:40:00,54
03-12-25,Shift A,Air Botswana,BP312,E175,GBE-HRE via LUN,1,8:50:00,9:40:00,8:47:00,9:54:00,8:53:00,9:41:00,,,8:52:00,9:43:00,8:54:00,9:07:00,145
03-12-25,Shift A,Malawian Airlines,ET34,DH8,LLW-HRE via LUN,2,11:45:00,12:20:00,11:56:00,12:38:00,12:02:00,12:29:00,,,12:01:00,12:31:00,12:03:00,12:07:00,164
03-12-25,Shift A,Malawian Airlines,ET35,DH8,HRE-LLW via LUN,3,13:10:00,13:45:00,12:56:00,13:49:00,13:01:00,13:42:00,,,13:00:00,13:44:00,13:02:00,13:10:00,77
03-12-25,Shift A,South African Airways,SA62,A320,JNB-JNB via LUN,4,12:40:00,13:30:00,12:59:00,13:38:00,13:03:00,13:24:00,,,13:02:00,13:26:00,13:04:00,13:18:00,146
03-12-25,Shift A,Air Tanzania,TC212,A220,DAR-HRE via LUN,5,12:20:00,13:10:00,12:40:00,13:32:00,12:43:00,13:16:00,,,12:42:00,13:18:00,12:44:00,12:51:00,88
03-12-25,Shift A,Uganda Airlines,UR722,CRJ900,EBB-HRE via LUN,6,11:45:00,12:30:00,12:04:00,12:43:00,12:07:00,12:29:00,,,12:06:00,12:31:00,12:08:00,12:22:00,75
03-12-25,Shift A,RwandAir,WB112,B737,KGL-HRE via LUN,7,15:00:00,15:50:00,15:12:00,15:46:00,15:16:00,15:35:00,,,15:15:00,15:37:00,15:17:00,15:22:00,135
03-12-25,Shift A,Ethiopian Airways,ET873,B777,ADD-ADD via LUN,1,13:10:00,15:10:00,13:17:00,15:05:00,13:23:00,14:57:00,13:24:00,14:56:00,13:22:00,14:59:00,13:24:00,13:30:00,73
03-12-25,Shift A,Airlink,4Z166,E135,JNB-JNB via LUN,2,9:40:00,10:15:00,9:47:00,10:32:00,9:51:00,10:16:00,,,9:50:00,10:18:00,9:52:00,9:59:00,72
03-12-25,Shift A,Airlink,4Z162,E195,JNB-JNB via LUN,3,13:30:00,14:15:00,13:28:00,14:08:00,13:33:00,13:53:00,,,13:32:00,13:55:00,13:34:00,13:42:00,172
03-12-25,Shift A,Qatar Airways,QR1455,B787,DOH-HRE via LUN,4,7:50:00,9:40:00,8:09:00,9:40:00,8:14:00,9:29:00,8:15:00,9:28:00,8:13:00,9:31:00,8:15:00,8:23:00,166
03-12-25,Shift A,Qatar Airways,QR1456,B787,HRE-DOH via LUN,5,15:00:00,16:30:00,15:02:00,16:52:00,15:05:00,16:43:00,15:06:00,16:42:00,15:04:00,16:45:00,15:06:00,15:18:00,35
03-12-25,Shift A,Turkish Airlines,TK525,B737 Max,IST-IST via LUN,6,1:20:00,2:20:00,1:22:00,2:18:00,1:26:00,2:08:00,,,1:25:00,2:10:00,1:27:00,1:34:00,102
03-12-25,Shift A,Kenya Airways,KQ704,E195,NBO-HRE via LUN,7,17:20:00,18:10:00,17:30:00,18:31:00,17:34:00,18:15:00,,,17:33:00,18:17:00,17:35:00,17:50:00,88
03-12-25,Shift A,Kenya Airways,KQ706,B737,NBO-HRE via LUN,1,9:10:00,10:00:00,9:19:00,10:18:00,9:22:00,10:01:00,,,9:21:00,10:03:00,9:23:00,9:30:00,123
04-12-25,Shift A,Air Botswana,BP312,E175,GBE-HRE via LUN,1,8:50:00,9:40:00,9:07:00,9:47:00,9:12:00,9:33:00,,,9:11:00,9:35:00,9:13:00,9:24:00,103
04-12-25,Shift A,Malawian Airlines,ET34,DH8,LLW-HRE via LUN,2,11:45:00,12:20:00,11:30:00,12:15:00,11:36:00,11:58:00,,,11:35:00,12:00:00,11:37:00,11:50:00,198
04-12-25,Shift A,Malawian Airlines,ET35,DH8,HRE-LLW via LUN,3,13:10:00,13:45:00,13:17:00,13:39:00,13:23:00,13:29:00,,,13:22:00,13:31:00,13:24:00,13:33:00,74
04-12-25,Shift A,South African Airways,SA62,A320,JNB-JNB via LUN,4,12:40:00,13:30:00,12:56:00,13:37:00,13:01:00,13:26:00,,,13:00:00,13:28:00,13:02:00,13:11:00,160
04-12-25,Shift A,Air Tanzania,TC212,A220,DAR-HRE via LUN,5,12:20:00,13:10:00,12:13:00,13:31:00,12:18:00,13:14:00,,,12:17:00,13:16:00,12:19:00,12:23:00,31
04-12-25,Shift A,Uganda Airlines,UR722,CRJ900,EBB-HRE via LUN,6,11:45:00,12:30:00,11:36:00,12:49:00,11:39:00,12:41:00,,,11:38:00,12:43:00,11:40:00,11:48:00,132
04-12-25,Shift A,RwandAir,WB112,B737,KGL-HRE via LUN,7,15:00:00,15:50:00,15:14:00,15:40:00,15:20:00,15:30:00,,,15:19:00,15:32:00,15:21:00,15:26:00,186
04-12-25,Shift A,Ethiopian Airways,ET873,B777,ADD-ADD via LUN,1,13:10:00,15:10:00,13:05:00,15:17:00,13:08:00,15:00:00,13:09:00,14:59:00,13:07:00,15:02:00,13:09:00,13:20:00,84
04-12-25,Shift A,Airlink,4Z166,E135,JNB-JNB via LUN,2,9:40:00,10:15:00,9:30:00,10:28:00,9:34:00,10:21:00,,,9:33:00,10:23:00,9:35:00,9:46:00,180
04-12-25,Shift A,Airlink,4Z162,E195,JNB-JNB via LUN,3,13:30:00,14:15:00,13:34:00,14:19:00,13:40:00,14:02:00,,,13:39:00,14:04:00,13:41:00,13:45:00,200
04-12-25,Shift A,Qatar Airways,QR1455,B787,DOH-HRE via LUN,4,7:50:00,9:40:00,7:41:00,9:30:00,7:45:00,9:16:00,7:46:00,9:15:00,7:44:00,9:18:00,7:46:00,7:52:00,53
04-12-25,Shift A,Qatar Airways,QR1456,B787,HRE-DOH via LUN,5,15:00:00,16:30:00,14:59:00,16:53:00,15:05:00,16:46:00,15:06:00,16:45:00,15:04:00,16:48:00,15:06:00,15:09:00,198
04-12-25,Shift A,Turkish Airlines,TK525,B737 Max,IST-IST via LUN,6,1:20:00,2:20:00,1:26:00,2:17:00,1:32:00,2:08:00,,,1:31:00,2:10:00,1:33:00,1:43:00,38
04-12-25,Shift A,Kenya Airways,KQ704,E195,NBO-HRE via LUN,7,17:20:00,18:10:00,17:29:00,18:05:00,17:32:00,17:57:00,,,17:31:00,17:59:00,17:33:00,17:44:00,114
04-12-25,Shift A,Kenya Airways,KQ706,B737,NBO-HRE via LUN,1,9:10:00,10:00:00,9:03:00,10:14:00,9:07:00,9:57:00,,,9:06:00,9:59:00,9:08:00,9:23:00,56
05-12-25,Shift A,Air Botswana,BP312,E175,GBE-HRE via LUN,1,8:50:00,9:40:00,8:39:00,8:39:00,8:42:00,9:47:00,,,8:41:00,9:49:00,8:43:00,8:59:00,62
05-12-25,Shift A,Malawian Airlines,ET34,DH8,LLW-HRE via LUN,2,11:45:00,12:20:00,11:58:00,12:32:00,12:02:00,12:15:00,,,12:01:00,12:17:00,12:03:00,12:10:00,125
05-12-25,Shift A,Malawian Airlines,ET35,DH8,HRE-LLW via LUN,3,13:10:00,13:45:00,13:23:00,13:48:00,13:26:00,13:40:00,,,13:25:00,13:42:00,13:27:00,13:35:00,51
05-12-25,Shift A,South African Airways,SA62,A320,JNB-JNB via LUN,4,12:40:00,13:30:00,12:49:00,13:42:00,12:55:00,13:30:00,,,12:54:00,13:32:00,12:56:00,13:01:00,83
05-12-25,Shift A,Air Tanzania,TC212,A220,DAR-HRE via LUN,5,12:20:00,13:10:00,12:22:00,13:05:00,12:26:00,12:50:00,,,12:25:00,12:52:00,12:27:00,12:41:00,173
05-12-25,Shift A,Uganda Airlines,UR722,CRJ900,EBB-HRE via LUN,6,11:45:00,12:30:00,11:48:00,12:21:00,11:53:00,12:11:00,,,11:52:00,12:13:00,11:54:00,12:06:00,175
05-12-25,Shift A,RwandAir,WB112,B737,KGL-HRE via LUN,7,15:00:00,15:50:00,15:17:00,15:52:00,15:23:00,15:41:00,,,15:22:00,15:43:00,15:24:00,15:37:00,33
05-12-25,Shift A,Ethiopian Airways,ET873,A350,ADD-ADD via LUN,1,13:10:00,15:10:00,13:26:00,15:24:00,13:29:00,15:14:00,13:30:00,15:13:00,13:28:00,15:16:00,13:30:00,13:43:00,183
05-12-25,Shift A,Airlink,4Z166,E135,JNB-JNB via LUN,2,9:40:00,10:15:00,9:29:00,10:38:00,9:32:00,10:26:00,,,9:31:00,10:28:00,9:33:00,9:44:00,53
05-12-25,Shift A,Airlink,4Z162,E195,JNB-JNB via LUN,3,13:30:00,14:15:00,13:39:00,14:31:00,13:44:00,14:16:00,,,13:43:00,14:18:00,13:45:00,13:59:00,64
05-12-25,Shift A,Qatar Airways,QR1455,B787,DOH-HRE via LUN,4,7:50:00,9:40:00,8:05:00,9:34:00,8:08:00,9:18:00,8:09:00,9:17:00,8:07:00,9:20:00,8:09:00,8:16:00,23
05-12-25,Shift A,Qatar Airways,QR1456,B787,HRE-DOH via LUN,5,15:00:00,16:30:00,15:01:00,16:33:00,15:04:00,16:26:00,15:05:00,16:25:00,15:03:00,16:28:00,15:05:00,15:17:00,149
05-12-25,Shift A,Turkish Airlines,TK525,B737 Max,IST-IST via LUN,6,1:20:00,2:20:00,1:23:00,2:42:00,1:29:00,2:29:00,,,1:28:00,2:31:00,1:30:00,1:39:00,41
05-12-25,Shift A,Kenya Airways,KQ704,E195,NBO-HRE via LUN,7,17:20:00,18:10:00,17:22:00,18:05:00,17:27:00,17:57:00,,,17:26:00,17:59:00,17:28:00,17:40:00,72
05-12-25,Shift A,Kenya Airways,KQ706,E195,NBO-HRE via LUN,1,9:10:00,10:00:00,9:29:00,10:10:00,9:35:00,9:54:00,,,9:34:00,9:56:00,9:36:00,9:49:00,186
06-12-25,Shift A,Air Botswana,BP312,E175,GBE-HRE via LUN,1,8:50:00,9:40:00,8:39:00,9:49:00,8:45:00,9:39:00,,,8:44:00,9:41:00,8:46:00,8:49:00,82
06-12-25,Shift A,Malawian Airlines,ET34,DH8,LLW-HRE via LUN,2,11:45:00,12:20:00,11:35:00,12:37:00,11:38:00,12:23:00,,,11:37:00,12:25:00,11:39:00,11:54:00,175
06-12-25,Shift A,Malawian Airlines,ET35,DH8,HRE-LLW via LUN,3,13:10:00,13:45:00,12:58:00,13:54:00,13:02:00,13:46:00,,,13:01:00,13:48:00,13:03:00,13:08:00,55
06-12-25,Shift A,South African Airways,SA62,A320,JNB-JNB via LUN,4,12:40:00,13:30:00,12:25:00,13:30:00,12:31:00,13:18:00,,,12:30:00,13:20:00,12:32:00,12:43:00,152
06-12-25,Shift A,Air Tanzania,TC212,A220,DAR-HRE via LUN,5,12:20:00,13:10:00,12:21:00,12:21:00,12:26:00,13:01:00,,,12:25:00,13:03:00,12:27:00,12:35:00,50
06-12-25,Shift A,Uganda Airlines,UR722,CRJ900,EBB-HRE via LUN,6,11:45:00,12:30:00,11:31:00,12:41:00,11:37:00,12:30:00,,,11:36:00,12:32:00,11:38:00,11:49:00,36
06-12-25,Shift A,RwandAir,WB112,B737,KGL-HRE via LUN,7,15:00:00,15:50:00,15:01:00,15:44:00,15:07:00,15:30:00,,,15:06:00,15:32:00,15:08:00,15:19:00,112
06-12-25,Shift A,Ethiopian Airways,ET873,A350,ADD-ADD via LUN,1,13:10:00,15:10:00,13:26:00,15:10:00,13:31:00,15:01:00,13:32:00,15:00:00,13:30:00,15:03:00,13:32:00,13:40:00,46
06-12-25,Shift A,Airlink,4Z166,E135,JNB-JNB via LUN,2,9:40:00,10:15:00,9:32:00,10:19:00,9:35:00,10:12:00,,,9:34:00,10:14:00,9:36:00,9:42:00,82
06-12-25,Shift A,Airlink,4Z162,E195,JNB-JNB via LUN,3,13:30:00,14:15:00,13:17:00,14:35:00,13:22:00,14:22:00,,,13:21:00,14:24:00,13:23:00,13:29:00,65
06-12-25,Shift A,Qatar Airways,QR1455,B787,DOH-HRE via LUN,4,7:50:00,9:40:00,7:37:00,7:37:00,7:43:00,9:55:00,7:44:00,9:54:00,7:42:00,9:57:00,7:44:00,7:52:00,83
06-12-25,Shift A,Qatar Airways,QR1456,B787,HRE-DOH via LUN,5,15:00:00,16:30:00,15:11:00,15:11:00,15:16:00,16:32:00,15:17:00,16:31:00,15:15:00,16:34:00,15:17:00,15:30:00,115
06-12-25,Shift A,Turkish Airlines,TK525,B737 Max,IST-IST via LUN,6,1:20:00,2:20:00,1:12:00,2:42:00,1:15:00,2:33:00,,,1:14:00,2:35:00,1:16:00,1:25:00,152
06-12-25,Shift A,Kenya Airways,KQ704,E195,NBO-HRE via LUN,7,17:20:00,18:10:00,17:30:00,18:04:00,17:36:00,17:53:00,,,17:35:00,17:55:00,17:37:00,17:44:00,103
06-12-25,Shift A,Kenya Airways,KQ706,E195,NBO-HRE via LUN,1,9:10:00,10:00:00,9:30:00,10:19:00,9:33:00,10:07:00,,,9:32:00,10:09:00,9:34:00,9:43:00,94
07-12-25,Shift B,Air Botswana,BP312,E175,GBE-HRE via LUN,8,8:50:00,9:40:00,8:54:00,9:45:00,9:00:00,9:33:00,,,8:59:00,9:35:00,9:01:00,9:13:00,146
07-12-25,Shift B,Malawian Airlines,ET34,DH8,LLW-HRE via LUN,9,11:45:00,12:20:00,11:42:00,12:44:00,11:46:00,12:35:00,,,11:45:00,12:37:00,11:47:00,11:52:00,124
07-12-25,Shift B,Malawian Airlines,ET35,DH8,HRE-LLW via LUN,10,13:10:00,13:45:00,12:56:00,13:49:00,13:01:00,13:32:00,,,13:00:00,13:34:00,13:02:00,13:06:00,105
07-12-25,Shift B,South African Airways,SA62,A320,JNB-JNB via LUN,12,12:40:00,13:30:00,12:25:00,13:44:00,12:30:00,13:36:00,,,12:29:00,13:38:00,12:31:00,12:38:00,155
07-12-25,Shift B,Air Tanzania,TC212,A220,DAR-HRE via LUN,13,12:20:00,13:10:00,12:20:00,13:26:00,12:26:00,13:19:00,,,12:25:00,13:21:00,12:27:00,12:32:00,91
07-12-25,Shift B,Uganda Airlines,UR722,CRJ900,EBB-HRE via LUN,14,11:45:00,12:30:00,11:35:00,12:22:00,11:39:00,12:07:00,,,11:38:00,12:09:00,11:40:00,11:51:00,199
07-12-25,Shift B,RwandAir,WB112,B737,KGL-HRE via LUN,8,15:00:00,15:50:00,15:08:00,15:08:00,15:11:00,15:53:00,,,15:10:00,15:55:00,15:12:00,15:19:00,149
07-12-25,Shift B,Ethiopian Airways,ET873,A350,ADD-ADD via LUN,9,13:10:00,15:10:00,13:20:00,15:04:00,13:23:00,14:51:00,13:24:00,14:50:00,13:22:00,14:53:00,13:24:00,13:40:00,53
07-12-25,Shift B,Airlink,4Z166,E135,JNB-JNB via LUN,10,9:40:00,10:15:00,9:40:00,10:23:00,9:45:00,10:11:00,,,9:44:00,10:13:00,9:46:00,9:56:00,199
07-12-25,Shift B,Airlink,4Z162,E195,JNB-JNB via LUN,12,13:30:00,14:15:00,13:35:00,14:25:00,13:41:00,14:14:00,,,13:40:00,14:16:00,13:42:00,13:48:00,39
07-12-25,Shift B,Qatar Airways,QR1455,B787,DOH-HRE via LUN,13,7:50:00,9:40:00,7:47:00,9:38:00,7:50:00,9:29:00,7:51:00,9:28:00,7:49:00,9:31:00,7:51:00,7:58:00,62
07-12-25,Shift B,Qatar Airways,QR1456,B787,HRE-DOH via LUN,14,15:00:00,16:30:00,15:13:00,16:49:00,15:18:00,16:36:00,15:19:00,16:35:00,15:17:00,16:38:00,15:19:00,15:24:00,157
07-12-25,Shift B,Turkish Airlines,TK525,B737 Max,IST-IST via LUN,8,1:20:00,2:20:00,1:27:00,2:23:00,1:33:00,2:12:00,,,1:32:00,2:14:00,1:34:00,1:44:00,87
07-12-25,Shift B,Kenya Airways,KQ704,E195,NBO-HRE via LUN,9,17:20:00,18:10:00,17:10:00,18:10:00,17:15:00,17:54:00,,,17:14:00,17:56:00,17:16:00,17:20:00,75
07-12-25,Shift B,Kenya Airways,KQ706,B737,NBO-HRE via LUN,10,9:10:00,10:00:00,9:04:00,9:55:00,9:08:00,9:43:00,,,9:07:00,9:45:00,9:09:00,9:20:00,151
08-12-25,Shift B,Air Botswana,BP312,E175,GBE-HRE via LUN,8,8:50:00,9:40:00,8:38:00,9:49:00,8:43:00,9:40:00,,,8:42:00,9:42:00,8:44:00,8:48:00,123
08-12-25,Shift B,Malawian Airlines,ET34,DH8,LLW-HRE via LUN,9,11:45:00,12:20:00,11:58:00,12:45:00,12:02:00,12:37:00,,,12:01:00,12:39:00,12:03:00,12:15:00,46
08-12-25,Shift B,Malawian Airlines,ET35,DH8,HRE-LLW via LUN,10,13:10:00,13:45:00,13:03:00,13:42:00,13:06:00,13:35:00,,,13:05:00,13:37:00,13:07:00,13:16:00,53
08-12-25,Shift B,South African Airways,SA62,A320,JNB-JNB via LUN,12,12:40:00,13:30:00,12:37:00,13:45:00,12:42:00,13:28:00,,,12:41:00,13:30:00,12:43:00,12:57:00,185
08-12-25,Shift B,Air Tanzania,TC212,A220,DAR-HRE via LUN,13,12:20:00,13:10:00,12:10:00,13:16:00,12:13:00,13:09:00,,,12:12:00,13:11:00,12:14:00,12:21:00,70
08-12-25,Shift B,Uganda Airlines,UR722,CRJ900,EBB-HRE via LUN,14,11:45:00,12:30:00,11:58:00,12:28:00,12:01:00,12:16:00,,,12:00:00,12:18:00,12:02:00,12:09:00,30
08-12-25,Shift B,RwandAir,WB112,B737,KGL-HRE via LUN,8,15:00:00,15:50:00,15:14:00,15:43:00,15:18:00,15:27:00,,,15:17:00,15:29:00,15:19:00,15:30:00,121
08-12-25,Shift B,Ethiopian Airways,ET873,B777,ADD-ADD via LUN,9,13:10:00,15:10:00,12:56:00,15:24:00,13:02:00,15:15:00,13:03:00,15:14:00,13:01:00,15:17:00,13:03:00,13:11:00,74
08-12-25,Shift B,Airlink,4Z166,E135,JNB-JNB via LUN,10,9:40:00,10:15:00,9:36:00,9:36:00,9:41:00,10:08:00,,,9:40:00,10:10:00,9:42:00,9:48:00,28
08-12-25,Shift B,Airlink,4Z162,E195,JNB-JNB via LUN,12,13:30:00,14:15:00,13:30:00,14:23:00,13:36:00,14:10:00,,,13:35:00,14:12:00,13:37:00,13:48:00,142
08-12-25,Shift B,Qatar Airways,QR1455,B787,DOH-HRE via LUN,13,7:50:00,9:40:00,7:38:00,9:35:00,7:43:00,9:22:00,7:44:00,9:21:00,7:42:00,9:24:00,7:44:00,7:50:00,127
08-12-25,Shift B,Qatar Airways,QR1456,B787,HRE-DOH via LUN,14,15:00:00,16:30:00,14:57:00,16:53:00,15:01:00,16:36:00,15:02:00,16:35:00,15:00:00,16:38:00,15:02:00,15:15:00,24
08-12-25,Shift B,Turkish Airlines,TK525,B737 Max,IST-IST via LUN,8,1:20:00,2:20:00,1:29:00,2:32:00,1:35:00,2:17:00,,,1:34:00,2:19:00,1:36:00,1:46:00,108
08-12-25,Shift B,Kenya Airways,KQ704,B737,NBO-HRE via LUN,9,17:20:00,18:10:00,17:29:00,18:17:00,17:33:00,18:10:00,,,17:32:00,18:12:00,17:34:00,17:44:00,172
08-12-25,Shift B,Kenya Airways,KQ706,E195,NBO-HRE via LUN,10,9:10:00,10:00:00,8:56:00,10:07:00,8:59:00,9:53:00,,,8:58:00,9:55:00,9:00:00,9:14:00,111
09-12-25,Shift B,Air Botswana,BP312,E175,GBE-HRE via LUN,8,8:50:00,9:40:00,8:49:00,9:40:00,8:52:00,9:30:00,,,8:51:00,9:32:00,8:53:00,9:09:00,81
09-12-25,Shift B,Malawian Airlines,ET34,DH8,LLW-HRE via LUN,9,11:45:00,12:20:00,11:47:00,12:44:00,11:50:00,12:34:00,,,11:49:00,12:36:00,11:51:00,12:06:00,119
09-12-25,Shift B,Malawian Airlines,ET35,DH8,HRE-LLW via LUN,10,13:10:00,13:45:00,13:17:00,13:46:00,13:21:00,13:36:00,,,13:20:00,13:38:00,13:22:00,13:36:00,101
09-12-25,Shift B,South African Airways,SA62,A320,JNB-JNB via LUN,12,12:40:00,13:30:00,12:47:00,13:21:00,12:52:00,13:05:00,,,12:51:00,13:07:00,12:53:00,13:06:00,56
09-12-25,Shift B,Air Tanzania,TC212,A220,DAR-HRE via LUN,13,12:20:00,13:10:00,12:17:00,13:31:00,12:22:00,13:22:00,,,12:21:00,13:24:00,12:23:00,12:34:00,29
09-12-25,Shift B,Uganda Airlines,UR722,CRJ900,EBB-HRE via LUN,14,11:45:00,12:30:00,11:35:00,11:35:00,11:39:00,12:07:00,,,11:38:00,12:09:00,11:40:00,11:48:00,25
09-12-25,Shift B,RwandAir,WB112,B737,KGL-HRE via LUN,8,15:00:00,15:50:00,15:18:00,16:10:00,15:21:00,15:58:00,,,15:20:00,16:00:00,15:22:00,15:37:00,71
09-12-25,Shift B,Ethiopian Airways,ET873,A350,ADD-ADD via LUN,9,13:10:00,15:10:00,13:16:00,15:11:00,13:21:00,15:04:00,13:22:00,15:03:00,13:20:00,15:06:00,13:22:00,13:26:00,57
09-12-25,Shift B,Airlink,4Z166,E135,JNB-JNB via LUN,10,9:40:00,10:15:00,9:34:00,10:12:00,9:39:00,10:04:00,,,9:38:00,10:06:00,9:40:00,9:49:00,200
09-12-25,Shift B,Airlink,4Z162,E195,JNB-JNB via LUN,12,13:30:00,14:15:00,13:40:00,14:11:00,13:45:00,14:00:00,,,13:44:00,14:02:00,13:46:00,13:55:00,54
09-12-25,Shift B,Qatar Airways,QR1455,B787,DOH-HRE via LUN,13,7:50:00,9:40:00,7:45:00,9:57:00,7:51:00,9:40:00,7:52:00,9:39:00,7:50:00,9:42:00,7:52:00,8:00:00,64
09-12-25,Shift B,Qatar Airways,QR1456,B787,HRE-DOH via LUN,14,15:00:00,16:30:00,15:20:00,16:42:00,15:24:00,16:25:00,15:25:00,16:24:00,15:23:00,16:27:00,15:25:00,15:39:00,64
09-12-25,Shift B,Turkish Airlines,TK525,B737 Max,IST-IST via LUN,8,1:20:00,2:20:00,1:29:00,2:29:00,1:34:00,2:20:00,,,1:33:00,2:22:00,1:35:00,1:41:00,20
09-12-25,Shift B,Kenya Airways,KQ704,B737,NBO-HRE via LUN,9,17:20:00,18:10:00,17:07:00,18:11:00,17:12:00,17:55:00,,,17:11:00,17:57:00,17:13:00,17:20:00,183
09-12-25,Shift B,Kenya Airways,KQ706,E195,NBO-HRE via LUN,10,9:10:00,10:00:00,9:26:00,9:59:00,9:31:00,9:51:00,,,9:30:00,9:53:00,9:32:00,9:39:00,108
10-12-25,Shift B,Air Botswana,BP312,E175,GBE-HRE via LUN,8,8:50:00,9:40:00,8:55:00,9:40:00,8:58:00,9:23:00,,,8:57:00,9:25:00,8:59:00,9:15:00,105
10-12-25,Shift B,Malawian Airlines,ET34,DH8,LLW-HRE via LUN,9,11:45:00,12:20:00,11:58:00,12:10:00,12:03:00,12:00:00,,,12:02:00,12:02:00,12:04:00,12:11:00,197
10-12-25,Shift B,Malawian Airlines,ET35,DH8,HRE-LLW via LUN,10,13:10:00,13:45:00,12:59:00,13:57:00,13:04:00,13:49:00,,,13:03:00,13:51:00,13:05:00,13:09:00,32
10-12-25,Shift B,South African Airways,SA62,A320,JNB-JNB via LUN,12,12:40:00,13:30:00,12:49:00,13:48:00,12:55:00,13:39:00,,,12:54:00,13:41:00,12:56:00,13:05:00,146
10-12-25,Shift B,Air Tanzania,TC212,A220,DAR-HRE via LUN,13,12:20:00,13:10:00,12:29:00,12:29:00,12:35:00,13:14:00,,,12:34:00,13:16:00,12:36:00,12:46:00,167
10-12-25,Shift B,Uganda Airlines,UR722,CRJ900,EBB-HRE via LUN,14,11:45:00,12:30:00,11:44:00,12:30:00,11:50:00,12:22:00,,,11:49:00,12:24:00,11:51:00,11:54:00,95
10-12-25,Shift B,RwandAir,WB112,B737,KGL-HRE via LUN,8,15:00:00,15:50:00,14:46:00,16:00:00,14:51:00,15:52:00,,,14:50:00,15:54:00,14:52:00,14:57:00,107
10-12-25,Shift B,Ethiopian Airways,ET873,A350,ADD-ADD via LUN,9,13:10:00,15:10:00,13:19:00,13:19:00,13:22:00,14:55:00,13:23:00,14:54:00,13:21:00,14:57:00,13:23:00,13:30:00,106
10-12-25,Shift B,Airlink,4Z166,E135,JNB-JNB via LUN,10,9:40:00,10:15:00,9:55:00,10:06:00,10:01:00,9:49:00,,,10:00:00,9:51:00,10:02:00,10:07:00,175
10-12-25,Shift B,Airlink,4Z162,E195,JNB-JNB via LUN,12,13:30:00,14:15:00,13:42:00,14:15:00,13:45:00,14:07:00,,,13:44:00,14:09:00,13:46:00,13:57:00,72
10-12-25,Shift B,Qatar Airways,QR1455,B787,DOH-HRE via LUN,13,7:50:00,9:40:00,7:47:00,9:56:00,7:52:00,9:39:00,7:53:00,9:38:00,7:51:00,9:41:00,7:53:00,8:01:00,96
10-12-25,Shift B,Qatar Airways,QR1456,B787,HRE-DOH via LUN,14,15:00:00,16:30:00,15:00:00,16:26:00,15:03:00,16:13:00,15:04:00,16:12:00,15:02:00,16:15:00,15:04:00,15:19:00,160
10-12-25,Shift B,Turkish Airlines,TK525,B737 Max,IST-IST via LUN,8,1:20:00,2:20:00,1:36:00,2:19:00,1:39:00,2:07:00,,,1:38:00,2:09:00,1:40:00,1:46:00,129
10-12-25,Shift B,Kenya Airways,KQ704,E195,NBO-HRE via LUN,9,17:20:00,18:10:00,17:23:00,18:30:00,17:27:00,18:22:00,,,17:26:00,18:24:00,17:28:00,17:33:00,72
10-12-25,Shift B,Kenya Airways,KQ706,E195,NBO-HRE via LUN,10,9:10:00,10:00:00,9:13:00,9:55:00,9:19:00,9:47:00,,,9:18:00,9:49:00,9:20:00,9:27:00,121
11-12-25,Shift A,Air Botswana,BP312,E175,GBE-HRE via LUN,1,8:50:00,9:40:00,9:05:00,10:01:00,9:10:00,9:53:00,,,9:09:00,9:55:00,9:11:00,9:25:00,159
11-12-25,Shift A,Malawian Airlines,ET34,DH8,LLW-HRE via LUN,2,11:45:00,12:20:00,11:54:00,12:21:00,11:59:00,12:08:00,,,11:58:00,12:10:00,12:00:00,12:09:00,67
11-12-25,Shift A,Malawian Airlines,ET35,DH8,HRE-LLW via LUN,3,13:10:00,13:45:00,13:23:00,13:37:00,13:28:00,13:23:00,,,13:27:00,13:25:00,13:29:00,13:40:00,87
11-12-25,Shift A,South African Airways,SA62,A320,JNB-JNB via LUN,4,12:40:00,13:30:00,12:39:00,13:37:00,12:42:00,13:28:00,,,12:41:00,13:30:00,12:43:00,12:59:00,44
11-12-25,Shift A,Air Tanzania,TC212,A220,DAR-HRE via LUN,5,12:20:00,13:10:00,12:10:00,13:22:00,12:16:00,13:06:00,,,12:15:00,13:08:00,12:17:00,12:23:00,161
11-12-25,Shift A,Uganda Airlines,UR722,CRJ900,EBB-HRE via LUN,6,11:45:00,12:30:00,11:33:00,12:44:00,11:39:00,12:29:00,,,11:38:00,12:31:00,11:40:00,11:53:00,141
11-12-25,Shift A,RwandAir,WB112,B737,KGL-HRE via LUN,7,15:00:00,15:50:00,15:00:00,16:10:00,15:05:00,16:02:00,,,15:04:00,16:04:00,15:06:00,15:16:00,28
11-12-25,Shift A,Ethiopian Airways,ET873,B787,ADD-ADD via LUN,1,13:10:00,15:10:00,13:28:00,15:09:00,13:31:00,14:55:00,13:32:00,14:54:00,13:30:00,14:57:00,13:32:00,13:40:00,62
11-12-25,Shift A,Airlink,4Z166,E135,JNB-JNB via LUN,2,9:40:00,10:15:00,9:38:00,10:17:00,9:42:00,10:10:00,,,9:41:00,10:12:00,9:43:00,9:54:00,40
11-12-25,Shift A,Airlink,4Z162,E195,JNB-JNB via LUN,3,13:30:00,14:15:00,13:42:00,14:17:00,13:46:00,14:01:00,,,13:45:00,14:03:00,13:47:00,13:56:00,101
11-12-25,Shift A,Qatar Airways,QR1455,B787,DOH-HRE via LUN,4,7:50:00,9:40:00,7:39:00,9:35:00,7:45:00,9:20:00,7:46:00,9:19:00,7:44:00,9:22:00,7:46:00,7:55:00,161
11-12-25,Shift A,Qatar Airways,QR1456,B787,HRE-DOH via LUN,5,15:00:00,16:30:00,15:05:00,16:37:00,15:11:00,16:30:00,15:12:00,16:29:00,15:10:00,16:32:00,15:12:00,15:24:00,170
11-12-25,Shift A,Turkish Airlines,TK525,B737 Max,IST-IST via LUN,6,1:20:00,2:20:00,1:38:00,2:36:00,1:41:00,2:23:00,,,1:40:00,2:25:00,1:42:00,1:50:00,57
11-12-25,Shift A,Kenya Airways,KQ704,E195,NBO-HRE via LUN,7,17:20:00,18:10:00,17:11:00,18:06:00,17:16:00,17:51:00,,,17:15:00,17:53:00,17:17:00,17:26:00,125
11-12-25,Shift A,Kenya Airways,KQ706,B737,NBO-HRE via LUN,1,9:10:00,10:00:00,9:19:00,10:21:00,9:25:00,10:14:00,,,9:24:00,10:16:00,9:26:00,9:31:00,90
12-12-25,Shift A,Air Botswana,BP312,E175,GBE-HRE via LUN,1,8:50:00,9:40:00,9:00:00,9:39:00,9:06:00,9:32:00,,,9:05:00,9:34:00,9:07:00,9:16:00,104
12-12-25,Shift A,Malawian Airlines,ET34,DH8,LLW-HRE via LUN,2,11:45:00,12:20:00,11:45:00,12:13:00,11:51:00,12:02:00,,,11:50:00,12:04:00,11:52:00,12:00:00,25
12-12-25,Shift A,Malawian Airlines,ET35,DH8,HRE-LLW via LUN,3,13:10:00,13:45:00,13:16:00,13:54:00,13:21:00,13:43:00,,,13:20:00,13:45:00,13:22:00,13:33:00,198
12-12-25,Shift A,South African Airways,SA62,A320,JNB-JNB via LUN,4,12:40:00,13:30:00,12:31:00,13:34:00,12:35:00,13:23:00,,,12:34:00,13:25:00,12:36:00,12:48:00,102
12-12-25,Shift A,Air Tanzania,TC212,A220,DAR-HRE via LUN,5,12:20:00,13:10:00,12:22:00,13:26:00,12:25:00,13:16:00,,,12:24:00,13:18:00,12:26:00,12:39:00,74
12-12-25,Shift A,Uganda Airlines,UR722,CRJ900,EBB-HRE via LUN,6,11:45:00,12:30:00,11:56:00,12:51:00,12:01:00,12:44:00,,,12:00:00,12:46:00,12:02:00,12:14:00,60
12-12-25,Shift A,RwandAir,WB112,B737,KGL-HRE via LUN,7,15:00:00,15:50:00,14:49:00,15:59:00,14:55:00,15:50:00,,,14:54:00,15:52:00,14:56:00,15:07:00,165
12-12-25,Shift A,Ethiopian Airways,ET873,A350,ADD-ADD via LUN,1,13:10:00,15:10:00,13:06:00,15:12:00,13:10:00,15:05:00,13:11:00,15:04:00,13:09:00,15:07:00,13:11:00,13:19:00,28
12-12-25,Shift A,Airlink,4Z166,E135,JNB-JNB via LUN,2,9:40:00,10:15:00,9:54:00,10:08:00,9:59:00,9:58:00,,,9:58:00,10:00:00,10:00:00,10:08:00,114
12-12-25,Shift A,Airlink,4Z162,E195,JNB-JNB via LUN,3,13:30:00,14:15:00,13:44:00,14:37:00,13:50:00,14:20:00,,,13:49:00,14:22:00,13:51:00,13:55:00,194
12-12-25,Shift A,Qatar Airways,QR1455,B787,DOH-HRE via LUN,4,7:50:00,9:40:00,7:36:00,9:45:00,7:41:00,9:31:00,7:42:00,9:30:00,7:40:00,9:33:00,7:42:00,7:55:00,134
12-12-25,Shift A,Qatar Airways,QR1456,B787,HRE-DOH via LUN,5,15:00:00,16:30:00,14:56:00,16:50:00,15:01:00,16:38:00,15:02:00,16:37:00,15:00:00,16:40:00,15:02:00,15:08:00,86
12-12-25,Shift A,Turkish Airlines,TK525,B737 Max,IST-IST via LUN,6,1:20:00,2:20:00,1:10:00,2:28:00,1:13:00,2:15:00,,,1:12:00,2:17:00,1:14:00,1:20:00,61
12-12-25,Shift A,Kenya Airways,KQ704,E195,NBO-HRE via LUN,7,17:20:00,18:10:00,17:19:00,18:14:00,17:23:00,18:03:00,,,17:22:00,18:05:00,17:24:00,17:39:00,124
12-12-25,Shift A,Kenya Airways,KQ706,E195,NBO-HRE via LUN,1,9:10:00,10:00:00,8:55:00,10:20:00,8:59:00,10:03:00,,,8:58:00,10:05:00,9:00:00,9:07:00,173
13-12-25,Shift A,Air Botswana,BP312,E175,GBE-HRE via LUN,1,8:50:00,9:40:00,8:35:00,9:44:00,8:40:00,9:28:00,,,8:39:00,9:30:00,8:41:00,8:49:00,184
13-12-25,Shift A,Malawian Airlines,ET34,DH8,LLW-HRE via LUN,2,11:45:00,12:20:00,11:47:00,12:37:00,11:53:00,12:25:00,,,11:52:00,12:27:00,11:54:00,12:04:00,84
13-12-25,Shift A,Malawian Airlines,ET35,DH8,HRE-LLW via LUN,3,13:10:00,13:45:00,13:08:00,13:08:00,13:13:00,13:47:00,,,13:12:00,13:49:00,13:14:00,13:26:00,179
13-12-25,Shift A,South African Airways,SA62,A320,JNB-JNB via LUN,4,12:40:00,13:30:00,12:50:00,13:26:00,12:53:00,13:11:00,,,12:52:00,13:13:00,12:54:00,13:10:00,115
13-12-25,Shift A,Air Tanzania,TC212,A220,DAR-HRE via LUN,5,12:20:00,13:10:00,12:40:00,13:18:00,12:45:00,13:01:00,,,12:44:00,13:03:00,12:46:00,12:51:00,143
13-12-25,Shift A,Uganda Airlines,UR722,CRJ900,EBB-HRE via LUN,6,11:45:00,12:30:00,11:34:00,12:41:00,11:39:00,12:24:00,,,11:38:00,12:26:00,11:40:00,11:49:00,90
13-12-25,Shift A,RwandAir,WB112,B737,KGL-HRE via LUN,7,15:00:00,15:50:00,15:01:00,15:01:00,15:05:00,15:50:00,,,15:04:00,15:52:00,15:06:00,15:19:00,81
13-12-25,Shift A,Ethiopian Airways,ET873,A350,ADD-ADD via LUN,1,13:10:00,15:10:00,13:20:00,15:20:00,13:24:00,15:13:00,13:25:00,15:12:00,13:23:00,15:15:00,13:25:00,13:40:00,147
13-12-25,Shift A,Airlink,4Z166,E135,JNB-JNB via LUN,2,9:40:00,10:15:00,9:43:00,10:21:00,9:49:00,10:08:00,,,9:48:00,10:10:00,9:50:00,9:59:00,29
13-12-25,Shift A,Airlink,4Z162,E195,JNB-JNB via LUN,3,13:30:00,14:15:00,13:27:00,14:26:00,13:31:00,14:09:00,,,13:30:00,14:11:00,13:32:00,13:45:00,183
13-12-25,Shift A,Qatar Airways,QR1455,B787,DOH-HRE via LUN,4,7:50:00,9:40:00,8:05:00,9:52:00,8:10:00,9:43:00,8:11:00,9:42:00,8:09:00,9:45:00,8:11:00,8:25:00,162
13-12-25,Shift A,Qatar Airways,QR1456,B787,HRE-DOH via LUN,5,15:00:00,16:30:00,14:56:00,16:38:00,14:59:00,16:24:00,15:00:00,16:23:00,14:58:00,16:26:00,15:00:00,15:08:00,86
13-12-25,Shift A,Turkish Airlines,TK525,B737 Max,IST-IST via LUN,6,1:20:00,2:20:00,1:40:00,2:21:00,1:45:00,2:04:00,,,1:44:00,2:06:00,1:46:00,1:51:00,76
13-12-25,Shift A,Kenya Airways,KQ704,B737,NBO-HRE via LUN,7,17:20:00,18:10:00,17:19:00,18:19:00,17:25:00,18:07:00,,,17:24:00,18:09:00,17:26:00,17:34:00,86
13-12-25,Shift A,Kenya Airways,KQ706,B737,NBO-HRE via LUN,1,9:10:00,10:00:00,9:24:00,9:57:00,9:30:00,9:50:00,,,9:29:00,9:52:00,9:31:00,9:44:00,169
14-12-25,Shift A,Air Botswana,BP312,E175,GBE-HRE via LUN,1,8:50:00,9:40:00,8:39:00,10:00:00,8:43:00,9:45:00,,,8:42:00,9:47:00,8:44:00,8:50:00,194
14-12-25,Shift A,Malawian Airlines,ET34,DH8,LLW-HRE via LUN,2,11:45:00,12:20:00,11:54:00,12:43:00,11:59:00,12:30:00,,,11:58:00,12:32:00,12:00:00,12:04:00,58
14-12-25,Shift A,Malawian Airlines,ET35,DH8,HRE-LLW via LUN,3,13:10:00,13:45:00,13:03:00,13:47:00,13:08:00,13:34:00,,,13:07:00,13:36:00,13:09:00,13:22:00,137
14-12-25,Shift A,South African Airways,SA62,A320,JNB-JNB via LUN,4,12:40:00,13:30:00,12:34:00,13:40:00,12:38:00,13:32:00,,,12:37:00,13:34:00,12:39:00,12:51:00,105
14-12-25,Shift A,Air Tanzania,TC212,A220,DAR-HRE via LUN,5,12:20:00,13:10:00,12:16:00,13:20:00,12:19:00,13:13:00,,,12:18:00,13:15:00,12:20:00,12:33:00,90
14-12-25,Shift A,Uganda Airlines,UR722,CRJ900,EBB-HRE via LUN,6,11:45:00,12:30:00,11:43:00,12:30:00,11:47:00,12:16:00,,,11:46:00,12:18:00,11:48:00,11:54:00,53
14-12-25,Shift A,RwandAir,WB112,B737,KGL-HRE via LUN,7,15:00:00,15:50:00,15:12:00,16:07:00,15:18:00,15:54:00,,,15:17:00,15:56:00,15:19:00,15:29:00,118
14-12-25,Shift A,Ethiopian Airways,ET873,A350,ADD-ADD via LUN,1,13:10:00,15:10:00,12:57:00,15:34:00,13:01:00,15:22:00,13:02:00,15:21:00,13:00:00,15:24:00,13:02:00,13:07:00,102
14-12-25,Shift A,Airlink,4Z166,E135,JNB-JNB via LUN,2,9:40:00,10:15:00,9:58:00,10:17:00,10:01:00,10:00:00,,,10:00:00,10:02:00,10:02:00,10:08:00,180
14-12-25,Shift A,Airlink,4Z162,E195,JNB-JNB via LUN,3,13:30:00,14:15:00,13:30:00,13:30:00,13:35:00,14:08:00,,,13:34:00,14:10:00,13:36:00,13:42:00,46
14-12-25,Shift A,Qatar Airways,QR1455,B787,DOH-HRE via LUN,4,7:50:00,9:40:00,7:59:00,10:02:00,8:04:00,9:53:00,8:05:00,9:52:00,8:03:00,9:55:00,8:05:00,8:10:00,31
14-12-25,Shift A,Qatar Airways,QR1456,B787,HRE-DOH via LUN,5,15:00:00,16:30:00,15:04:00,16:38:00,15:10:00,16:23:00,15:11:00,16:22:00,15:09:00,16:25:00,15:11:00,15:23:00,154
14-12-25,Shift A,Turkish Airlines,TK525,B737 Max,IST-IST via LUN,6,1:20:00,2:20:00,1:26:00,2:37:00,1:30:00,2:25:00,,,1:29:00,2:27:00,1:31:00,1:43:00,111
14-12-25,Shift A,Kenya Airways,KQ704,E195,NBO-HRE via LUN,7,17:20:00,18:10:00,17:15:00,18:25:00,17:18:00,18:15:00,,,17:17:00,18:17:00,17:19:00,17:28:00,53
14-12-25,Shift A,Kenya Airways,KQ706,E195,NBO-HRE via LUN,1,9:10:00,10:00:00,8:56:00,10:22:00,9:00:00,10:14:00,,,8:59:00,10:16:00,9:01:00,9:11:00,186
15-12-25,Shift B,Air Botswana,BP312,E175,GBE-HRE via LUN,8,8:50:00,9:40:00,8:37:00,9:54:00,8:42:00,9:39:00,,,8:41:00,9:41:00,8:43:00,8:56:00,32
15-12-25,Shift B,Malawian Airlines,ET34,DH8,LLW-HRE via LUN,9,11:45:00,12:20:00,11:33:00,11:33:00,11:36:00,12:09:00,,,11:35:00,12:11:00,11:37:00,11:44:00,126
15-12-25,Shift B,Malawian Airlines,ET35,DH8,HRE-LLW via LUN,10,13:10:00,13:45:00,13:23:00,13:59:00,13:26:00,13:44:00,,,13:25:00,13:46:00,13:27:00,13:37:00,141
15-12-25,Shift B,South African Airways,SA62,A320,JNB-JNB via LUN,12,12:40:00,13:30:00,12:34:00,13:33:00,12:37:00,13:22:00,,,12:36:00,13:24:00,12:38:00,12:50:00,189
15-12-25,Shift B,Air Tanzania,TC212,A220,DAR-HRE via LUN,13,12:20:00,13:10:00,12:11:00,13:33:00,12:16:00,13:17:00,,,12:15:00,13:19:00,12:17:00,12:30:00,199
15-12-25,Shift B,Uganda Airlines,UR722,CRJ900,EBB-HRE via LUN,14,11:45:00,12:30:00,11:38:00,12:46:00,11:41:00,12:31:00,,,11:40:00,12:33:00,11:42:00,11:57:00,50
15-12-25,Shift B,RwandAir,WB112,B737,KGL-HRE via LUN,8,15:00:00,15:50:00,15:03:00,15:47:00,15:06:00,15:33:00,,,15:05:00,15:35:00,15:07:00,15:16:00,175
15-12-25,Shift B,Ethiopian Airways,ET873,A350,ADD-ADD via LUN,9,13:10:00,15:10:00,13:11:00,15:33:00,13:15:00,15:21:00,13:16:00,15:20:00,13:14:00,15:23:00,13:16:00,13:27:00,95
15-12-25,Shift B,Airlink,4Z166,E135,JNB-JNB via LUN,10,9:40:00,10:15:00,9:35:00,10:07:00,9:41:00,9:57:00,,,9:40:00,9:59:00,9:42:00,9:52:00,104
15-12-25,Shift B,Airlink,4Z162,E195,JNB-JNB via LUN,12,13:30:00,14:15:00,13:30:00,14:05:00,13:33:00,13:48:00,,,13:32:00,13:50:00,13:34:00,13:41:00,48
15-12-25,Shift B,Qatar Airways,QR1455,B787,DOH-HRE via LUN,13,7:50:00,9:40:00,8:06:00,9:39:00,8:09:00,9:24:00,8:10:00,9:23:00,8:08:00,9:26:00,8:10:00,8:17:00,45
15-12-25,Shift B,Qatar Airways,QR1456,B787,HRE-DOH via LUN,14,15:00:00,16:30:00,15:01:00,16:34:00,15:07:00,16:23:00,15:08:00,16:22:00,15:06:00,16:25:00,15:08:00,15:15:00,138
15-12-25,Shift B,Turkish Airlines,TK525,B737 Max,IST-IST via LUN,8,1:20:00,2:20:00,1:08:00,2:16:00,1:12:00,2:09:00,,,1:11:00,2:11:00,1:13:00,1:22:00,112
15-12-25,Shift B,Kenya Airways,KQ704,B737,NBO-HRE via LUN,9,17:20:00,18:10:00,17:32:00,18:07:00,17:35:00,18:00:00,,,17:34:00,18:02:00,17:36:00,17:42:00,55
15-12-25,Shift B,Kenya Airways,KQ706,E195,NBO-HRE via LUN,10,9:10:00,10:00:00,9:16:00,10:12:00,9:22:00,9:56:00,,,9:21:00,9:58:00,9:23:00,9:30:00,43
16-12-25,Shift B,Air Botswana,BP312,E175,GBE-HRE via LUN,8,8:50:00,9:40:00,8:58:00,9:51:00,9:02:00,9:43:00,,,9:01:00,9:45:00,9:03:00,9:14:00,122
16-12-25,Shift B,Malawian Airlines,ET34,DH8,LLW-HRE via LUN,9,11:45:00,12:20:00,11:59:00,12:27:00,12:05:00,12:13:00,,,12:04:00,12:15:00,12:06:00,12:15:00,186
16-12-25,Shift B,Malawian Airlines,ET35,DH8,HRE-LLW via LUN,10,13:10:00,13:45:00,13:05:00,13:42:00,13:09:00,13:35:00,,,13:08:00,13:37:00,13:10:00,13:17:00,46
16-12-25,Shift B,South African Airways,SA62,A320,JNB-JNB via LUN,12,12:40:00,13:30:00,12:51:00,13:50:00,12:57:00,13:41:00,,,12:56:00,13:43:00,12:58:00,13:10:00,117
16-12-25,Shift B,Air Tanzania,TC212,A220,DAR-HRE via LUN,13,12:20:00,13:10:00,12:27:00,12:27:00,12:31:00,12:47:00,,,12:30:00,12:49:00,12:32:00,12:44:00,48
16-12-25,Shift B,Uganda Airlines,UR722,CRJ900,EBB-HRE via LUN,14,11:45:00,12:30:00,11:56:00,12:48:00,11:59:00,12:40:00,,,11:58:00,12:42:00,12:00:00,12:10:00,187
16-12-25,Shift B,RwandAir,WB112,B737,KGL-HRE via LUN,8,15:00:00,15:50:00,15:05:00,15:40:00,15:09:00,15:23:00,,,15:08:00,15:25:00,15:10:00,15:20:00,152
16-12-25,Shift B,Ethiopian Airways,ET873,B787,ADD-ADD via LUN,9,13:10:00,15:10:00,13:01:00,15:27:00,13:05:00,15:13:00,13:06:00,15:12:00,13:04:00,15:15:00,13:06:00,13:16:00,189
16-12-25,Shift B,Airlink,4Z166,E135,JNB-JNB via LUN,10,9:40:00,10:15:00,9:49:00,10:14:00,9:52:00,10:07:00,,,9:51:00,10:09:00,9:53:00,10:09:00,60
16-12-25,Shift B,Airlink,4Z162,E195,JNB-JNB via LUN,12,13:30:00,14:15:00,13:47:00,14:35:00,13:53:00,14:26:00,,,13:52:00,14:28:00,13:54:00,13:58:00,145
16-12-25,Shift B,Qatar Airways,QR1455,B787,DOH-HRE via LUN,13,7:50:00,9:40:00,7:55:00,9:45:00,8:00:00,9:34:00,8:01:00,9:33:00,7:59:00,9:36:00,8:01:00,8:05:00,149
16-12-25,Shift B,Qatar Airways,QR1456,B787,HRE-DOH via LUN,14,15:00:00,16:30:00,14:59:00,16:55:00,15:05:00,16:42:00,15:06:00,16:41:00,15:04:00,16:44:00,15:06:00,15:12:00,40
16-12-25,Shift B,Turkish Airlines,TK525,B737 Max,IST-IST via LUN,8,1:20:00,2:20:00,1:34:00,2:38:00,1:40:00,2:30:00,,,1:39:00,2:32:00,1:41:00,1:51:00,134
16-12-25,Shift B,Kenya Airways,KQ704,B737,NBO-HRE via LUN,9,17:20:00,18:10:00,17:12:00,18:31:00,17:15:00,18:23:00,,,17:14:00,18:25:00,17:16:00,17:28:00,125
16-12-25,Shift B,Kenya Airways,KQ706,E195,NBO-HRE via LUN,10,9:10:00,10:00:00,9:30:00,10:25:00,9:33:00,10:17:00,,,9:32:00,10:19:00,9:34:00,9:49:00,178
17-12-25,Shift B,Air Botswana,BP312,E175,GBE-HRE via LUN,8,8:50:00,9:40:00,8:54:00,10:02:00,8:58:00,9:45:00,,,8:57:00,9:47:00,8:59:00,9:14:00,136
17-12-25,Shift B,Malawian Airlines,ET34,DH8,LLW-HRE via LUN,9,11:45:00,12:20:00,11:51:00,12:33:00,11:54:00,12:23:00,,,11:53:00,12:25:00,11:55:00,12:08:00,104
17-12-25,Shift B,Malawian Airlines,ET35,DH8,HRE-LLW via LUN,10,13:10:00,13:45:00,13:30:00,14:05:00,13:35:00,13:51:00,,,13:34:00,13:53:00,13:36:00,13:41:00,44
17-12-25,Shift B,South African Airways,SA62,A320,JNB-JNB via LUN,12,12:40:00,13:30:00,12:39:00,13:20:00,12:44:00,13:08:00,,,12:43:00,13:10:00,12:45:00,12:59:00,94
17-12-25,Shift B,Air Tanzania,TC212,A220,DAR-HRE via LUN,13,12:20:00,13:10:00,12:40:00,13:33:00,12:45:00,13:25:00,,,12:44:00,13:27:00,12:46:00,12:50:00,62
17-12-25,Shift B,Uganda Airlines,UR722,CRJ900,EBB-HRE via LUN,14,11:45:00,12:30:00,12:01:00,12:28:00,12:07:00,12:20:00,,,12:06:00,12:22:00,12:08:00,12:15:00,176
17-12-25,Shift B,RwandAir,WB112,B737,KGL-HRE via LUN,8,15:00:00,15:50:00,14:57:00,15:52:00,15:00:00,15:39:00,,,14:59:00,15:41:00,15:01:00,15:10:00,137
17-12-25,Shift B,Ethiopian Airways,ET873,A350,ADD-ADD via LUN,9,13:10:00,15:10:00,13:16:00,15:06:00,13:22:00,14:59:00,13:23:00,14:58:00,13:21:00,15:01:00,13:23:00,13:36:00,192
17-12-25,Shift B,Airlink,4Z166,E135,JNB-JNB via LUN,10,9:40:00,10:15:00,9:32:00,10:33:00,9:38:00,10:16:00,,,9:37:00,10:18:00,9:39:00,9:51:00,149
17-12-25,Shift B,Airlink,4Z162,E195,JNB-JNB via LUN,12,13:30:00,14:15:00,13:23:00,14:36:00,13:26:00,14:21:00,,,13:25:00,14:23:00,13:27:00,13:33:00,161
17-12-25,Shift B,Qatar Airways,QR1455,B787,DOH-HRE via LUN,13,7:50:00,9:40:00,8:02:00,10:00:00,8:06:00,9:44:00,8:07:00,9:43:00,8:05:00,9:46:00,8:07:00,8:14:00,52
17-12-25,Shift B,Qatar Airways,QR1456,B787,HRE-DOH via LUN,14,15:00:00,16:30:00,14:51:00,16:44:00,14:56:00,16:29:00,14:57:00,16:28:00,14:55:00,16:31:00,14:57:00,15:07:00,127
17-12-25,Shift B,Turkish Airlines,TK525,B737 Max,IST-IST via LUN,8,1:20:00,2:20:00,1:20:00,2:27:00,1:26:00,2:15:00,,,1:25:00,2:17:00,1:27:00,1:34:00,135
17-12-25,Shift B,Kenya Airways,KQ704,E195,NBO-HRE via LUN,9,17:20:00,18:10:00,17:13:00,18:26:00,17:18:00,18:11:00,,,17:17:00,18:13:00,17:19:00,17:28:00,161
17-12-25,Shift B,Kenya Airways,KQ706,E195,NBO-HRE via LUN,10,9:10:00,10:00:00,9:07:00,10:03:00,9:12:00,9:46:00,,,9:11:00,9:48:00,9:13:00,9:22:00,192
18-12-25,Shift B,Air Botswana,BP312,E175,GBE-HRE via LUN,8,8:50:00,9:40:00,8:43:00,9:41:00,8:48:00,9:33:00,,,8:47:00,9:35:00,8:49:00,8:58:00,163
18-12-25,Shift B,Malawian Airlines,ET34,DH8,LLW-HRE via LUN,9,11:45:00,12:20:00,12:00:00,12:36:00,12:05:00,12:23:00,,,12:04:00,12:25:00,12:06:00,12:10:00,153
18-12-25,Shift B,Malawian Airlines,ET35,DH8,HRE-LLW via LUN,10,13:10:00,13:45:00,13:01:00,13:36:00,13:07:00,13:27:00,,,13:06:00,13:29:00,13:08:00,13:11:00,191
18-12-25,Shift B,South African Airways,SA62,A320,JNB-JNB via LUN,12,12:40:00,13:30:00,12:28:00,13:32:00,12:33:00,13:23:00,,,12:32:00,13:25:00,12:34:00,12:42:00,194
18-12-25,Shift B,Air Tanzania,TC212,A220,DAR-HRE via LUN,13,12:20:00,13:10:00,12:21:00,13:09:00,12:24:00,12:58:00,,,12:23:00,13:00:00,12:25:00,12:34:00,158
18-12-25,Shift B,Uganda Airlines,UR722,CRJ900,EBB-HRE via LUN,14,11:45:00,12:30:00,11:32:00,12:42:00,11:38:00,12:34:00,,,11:37:00,12:36:00,11:39:00,11:51:00,192
18-12-25,Shift B,RwandAir,WB112,B737,KGL-HRE via LUN,8,15:00:00,15:50:00,15:20:00,15:54:00,15:26:00,15:44:00,,,15:25:00,15:46:00,15:27:00,15:38:00,198
18-12-25,Shift B,Ethiopian Airways,ET873,B777,ADD-ADD via LUN,9,13:10:00,15:10:00,12:58:00,15:24:00,13:04:00,15:11:00,13:05:00,15:10:00,13:03:00,15:13:00,13:05:00,13:18:00,100
18-12-25,Shift B,Airlink,4Z166,E135,JNB-JNB via LUN,10,9:40:00,10:15:00,10:00:00,10:08:00,10:03:00,9:57:00,,,10:02:00,9:59:00,10:04:00,10:13:00,178
18-12-25,Shift B,Airlink,4Z162,E195,JNB-JNB via LUN,12,13:30:00,14:15:00,13:43:00,14:19:00,13:48:00,14:03:00,,,13:47:00,14:05:00,13:49:00,14:01:00,174
18-12-25,Shift B,Qatar Airways,QR1455,B787,DOH-HRE via LUN,13,7:50:00,9:40:00,7:47:00,9:42:00,7:52:00,9:28:00,7:53:00,9:27:00,7:51:00,9:30:00,7:53:00,7:59:00,194
18-12-25,Shift B,Qatar Airways,QR1456,B787,HRE-DOH via LUN,14,15:00:00,16:30:00,14:49:00,16:31:00,14:53:00,16:16:00,14:54:00,16:15:00,14:52:00,16:18:00,14:54:00,15:00:00,116
18-12-25,Shift B,Turkish Airlines,TK525,B737 Max,IST-IST via LUN,8,1:20:00,2:20:00,1:07:00,2:37:00,1:12:00,2:22:00,,,1:11:00,2:24:00,1:13:00,1:21:00,53
18-12-25,Shift B,Kenya Airways,KQ704,E195,NBO-HRE via LUN,9,17:20:00,18:10:00,17:21:00,18:00:00,17:26:00,17:46:00,,,17:25:00,17:48:00,17:27:00,17:33:00,30
18-12-25,Shift B,Kenya Airways,KQ706,E195,NBO-HRE via LUN,10,9:10:00,10:00:00,9:15:00,9:53:00,9:20:00,9:39:00,,,9:19:00,9:41:00,9:21:00,9:34:00,160
19-12-25,Shift A,Air Botswana,BP312,E175,GBE-HRE via LUN,1,8:50:00,9:40:00,8:57:00,8:57:00,9:02:00,9:19:00,,,9:01:00,9:21:00,9:03:00,9:10:00,67
19-12-25,Shift A,Malawian Airlines,ET34,DH8,LLW-HRE via LUN,2,11:45:00,12:20:00,12:03:00,12:14:00,12:07:00,12:01:00,,,12:06:00,12:03:00,12:08:00,12:21:00,157
19-12-25,Shift A,Malawian Airlines,ET35,DH8,HRE-LLW via LUN,3,13:10:00,13:45:00,13:20:00,13:40:00,13:25:00,13:30:00,,,13:24:00,13:32:00,13:26:00,13:33:00,189
19-12-25,Shift A,South African Airways,SA62,A320,JNB-JNB via LUN,4,12:40:00,13:30:00,12:46:00,13:41:00,12:51:00,13:30:00,,,12:50:00,13:32:00,12:52:00,12:59:00,178
19-12-25,Shift A,Air Tanzania,TC212,A220,DAR-HRE via LUN,5,12:20:00,13:10:00,12:38:00,13:30:00,12:41:00,13:22:00,,,12:40:00,13:24:00,12:42:00,12:58:00,108
19-12-25,Shift A,Uganda Airlines,UR722,CRJ900,EBB-HRE via LUN,6,11:45:00,12:30:00,11:58:00,12:35:00,12:02:00,12:28:00,,,12:01:00,12:30:00,12:03:00,12:18:00,102
19-12-25,Shift A,RwandAir,WB112,B737,KGL-HRE via LUN,7,15:00:00,15:50:00,15:09:00,15:47:00,15:15:00,15:36:00,,,15:14:00,15:38:00,15:16:00,15:27:00,92
19-12-25,Shift A,Ethiopian Airways,ET873,A350,ADD-ADD via LUN,1,13:10:00,15:10:00,13:28:00,15:23:00,13:34:00,15:09:00,13:35:00,15:08:00,13:33:00,15:11:00,13:35:00,13:38:00,95
19-12-25,Shift A,Airlink,4Z166,E135,JNB-JNB via LUN,2,9:40:00,10:15:00,9:37:00,10:25:00,9:40:00,10:17:00,,,9:39:00,10:19:00,9:41:00,9:49:00,157
19-12-25,Shift A,Airlink,4Z162,E195,JNB-JNB via LUN,3,13:30:00,14:15:00,13:49:00,14:05:00,13:52:00,13:55:00,,,13:51:00,13:57:00,13:53:00,14:09:00,181
19-12-25,Shift A,Qatar Airways,QR1455,B787,DOH-HRE via LUN,4,7:50:00,9:40:00,7:48:00,9:57:00,7:51:00,9:47:00,7:52:00,9:46:00,7:50:00,9:49:00,7:52:00,8:06:00,199
19-12-25,Shift A,Qatar Airways,QR1456,B787,HRE-DOH via LUN,5,15:00:00,16:30:00,15:12:00,16:24:00,15:16:00,16:17:00,15:17:00,16:16:00,15:15:00,16:19:00,15:17:00,15:29:00,104
19-12-25,Shift A,Turkish Airlines,TK525,B737 Max,IST-IST via LUN,6,1:20:00,2:20:00,1:07:00,2:15:00,1:10:00,2:08:00,,,1:09:00,2:10:00,1:11:00,1:19:00,84
19-12-25,Shift A,Kenya Airways,KQ704,E195,NBO-HRE via LUN,7,17:20:00,18:10:00,17:19:00,18:16:00,17:25:00,18:03:00,,,17:24:00,18:05:00,17:26:00,17:36:00,181
19-12-25,Shift A,Kenya Airways,KQ706,B737,NBO-HRE via LUN,1,9:10:00,10:00:00,9:22:00,10:10:00,9:25:00,9:57:00,,,9:24:00,9:59:00,9:26:00,9:42:00,50
20-12-25,Shift A,Air Botswana,BP312,E175,GBE-HRE via LUN,1,8:50:00,9:40:00,9:09:00,9:30:00,9:12:00,9:14:00,,,9:11:00,9:16:00,9:13:00,9:19:00,199
20-12-25,Shift A,Malawian Airlines,ET34,DH8,LLW-HRE via LUN,2,11:45:00,12:20:00,11:34:00,12:32:00,11:37:00,12:21:00,,,11:36:00,12:23:00,11:38:00,11:54:00,97
20-12-25,Shift A,Malawian Airlines,ET35,DH8,HRE-LLW via LUN,3,13:10:00,13:45:00,13:00:00,13:53:00,13:06:00,13:40:00,,,13:05:00,13:42:00,13:07:00,13:16:00,189
20-12-25,Shift A,South African Airways,SA62,A320,JNB-JNB via LUN,4,12:40:00,13:30:00,12:26:00,13:50:00,12:30:00,13:35:00,,,12:29:00,13:37:00,12:31:00,12:39:00,54
20-12-25,Shift A,Air Tanzania,TC212,A220,DAR-HRE via LUN,5,12:20:00,13:10:00,12:30:00,13:34:00,12:35:00,13:17:00,,,12:34:00,13:19:00,12:36:00,12:42:00,96
20-12-25,Shift A,Uganda Airlines,UR722,CRJ900,EBB-HRE via LUN,6,11:45:00,12:30:00,11:53:00,12:20:00,11:57:00,12:12:00,,,11:56:00,12:14:00,11:58:00,12:03:00,21
20-12-25,Shift A,RwandAir,WB112,B737,KGL-HRE via LUN,7,15:00:00,15:50:00,15:10:00,16:14:00,15:13:00,16:03:00,,,15:12:00,16:05:00,15:14:00,15:23:00,108
20-12-25,Shift A,Ethiopian Airways,ET873,A350,ADD-ADD via LUN,1,13:10:00,15:10:00,13:21:00,15:32:00,13:25:00,15:23:00,13:26:00,15:22:00,13:24:00,15:25:00,13:26:00,13:33:00,76
20-12-25,Shift A,Airlink,4Z166,E135,JNB-JNB via LUN,2,9:40:00,10:15:00,9:41:00,10:17:00,9:44:00,10:08:00,,,9:43:00,10:10:00,9:45:00,10:01:00,165
20-12-25,Shift A,Airlink,4Z162,E195,JNB-JNB via LUN,3,13:30:00,14:15:00,13:18:00,14:40:00,13:24:00,14:23:00,,,13:23:00,14:25:00,13:25:00,13:36:00,38
20-12-25,Shift A,Qatar Airways,QR1455,B787,DOH-HRE via LUN,4,7:50:00,9:40:00,7:53:00,9:34:00,7:58:00,9:26:00,7:59:00,9:25:00,7:57:00,9:28:00,7:59:00,8:06:00,168
20-12-25,Shift A,Qatar Airways,QR1456,B787,HRE-DOH via LUN,5,15:00:00,16:30:00,15:16:00,16:41:00,15:21:00,16:32:00,15:22:00,16:31:00,15:20:00,16:34:00,15:22:00,15:36:00,187
20-12-25,Shift A,Turkish Airlines,TK525,B737 Max,IST-IST via LUN,6,1:20:00,2:20:00,1:20:00,2:16:00,1:25:00,2:00:00,,,1:24:00,2:02:00,1:26:00,1:31:00,69
20-12-25,Shift A,Kenya Airways,KQ704,B737,NBO-HRE via LUN,7,17:20:00,18:10:00,17:36:00,18:28:00,17:41:00,18:12:00,,,17:40:00,18:14:00,17:42:00,17:56:00,98
20-12-25,Shift A,Kenya Airways,KQ706,E195,NBO-HRE via LUN,1,9:10:00,10:00:00,9:18:00,10:10:00,9:24:00,10:01:00,,,9:23:00,10:03:00,9:25:00,9:28:00,100
21-12-25,Shift A,Air Botswana,BP312,E175,GBE-HRE via LUN,1,8:50:00,9:40:00,8:50:00,9:44:00,8:56:00,9:33:00,,,8:55:00,9:35:00,8:57:00,9:05:00,54
21-12-25,Shift A,Malawian Airlines,ET34,DH8,LLW-HRE via LUN,2,11:45:00,12:20:00,11:51:00,12:40:00,11:57:00,12:26:00,,,11:56:00,12:28:00,11:58:00,12:06:00,98
21-12-25,Shift A,Malawian Airlines,ET35,DH8,HRE-LLW via LUN,3,13:10:00,13:45:00,13:26:00,14:10:00,13:29:00,14:01:00,,,13:28:00,14:03:00,13:30:00,13:46:00,175
21-12-25,Shift A,South African Airways,SA62,A320,JNB-JNB via LUN,4,12:40:00,13:30:00,12:30:00,13:37:00,12:34:00,13:22:00,,,12:33:00,13:24:00,12:35:00,12:43:00,87
21-12-25,Shift A,Air Tanzania,TC212,A220,DAR-HRE via LUN,5,12:20:00,13:10:00,12:09:00,13:04:00,12:12:00,12:49:00,,,12:11:00,12:51:00,12:13:00,12:29:00,27
21-12-25,Shift A,Uganda Airlines,UR722,CRJ900,EBB-HRE via LUN,6,11:45:00,12:30:00,11:55:00,12:33:00,11:58:00,12:18:00,,,11:57:00,12:20:00,11:59:00,12:09:00,159
21-12-25,Shift A,RwandAir,WB112,B737,KGL-HRE via LUN,7,15:00:00,15:50:00,15:19:00,16:10:00,15:23:00,15:58:00,,,15:22:00,16:00:00,15:24:00,15:35:00,77
21-12-25,Shift A,Ethiopian Airways,ET873,B787,ADD-ADD via LUN,1,13:10:00,15:10:00,13:13:00,15:08:00,13:19:00,14:53:00,13:20:00,14:52:00,13:18:00,14:55:00,13:20:00,13:31:00,43
21-12-25,Shift A,Airlink,4Z166,E135,JNB-JNB via LUN,2,9:40:00,10:15:00,9:50:00,10:28:00,9:53:00,10:11:00,,,9:52:00,10:13:00,9:54:00,10:03:00,177
21-12-25,Shift A,Airlink,4Z162,E195,JNB-JNB via LUN,3,13:30:00,14:15:00,13:25:00,13:25:00,13:29:00,14:23:00,,,13:28:00,14:25:00,13:30:00,13:37:00,65
21-12-25,Shift A,Qatar Airways,QR1455,B787,DOH-HRE via LUN,4,7:50:00,9:40:00,7:44:00,10:00:00,7:49:00,9:53:00,7:50:00,9:52:00,7:48:00,9:55:00,7:50:00,7:57:00,144
21-12-25,Shift A,Qatar Airways,QR1456,B787,HRE-DOH via LUN,5,15:00:00,16:30:00,14:59:00,16:24:00,15:04:00,16:12:00,15:05:00,16:11:00,15:03:00,16:14:00,15:05:00,15:12:00,30
21-12-25,Shift A,Turkish Airlines,TK525,B737 Max,IST-IST via LUN,6,1:20:00,2:20:00,1:18:00,2:43:00,1:23:00,2:30:00,,,1:22:00,2:32:00,1:24:00,1:35:00,136
21-12-25,Shift A,Kenya Airways,KQ704,E195,NBO-HRE via LUN,7,17:20:00,18:10:00,17:07:00,18:20:00,17:10:00,18:05:00,,,17:09:00,18:07:00,17:11:00,17:27:00,90
21-12-25,Shift A,Kenya Airways,KQ706,B737,NBO-HRE via LUN,1,9:10:00,10:00:00,9:29:00,10:01:00,9:35:00,9:44:00,,,9:34:00,9:46:00,9:36:00,9:45:00,113
22-12-25,Shift A,Air Botswana,BP312,E175,GBE-HRE via LUN,1,8:50:00,9:40:00,8:39:00,10:03:00,8:44:00,9:50:00,,,8:43:00,9:52:00,8:45:00,8:52:00,152
22-12-25,Shift A,Malawian Airlines,ET34,DH8,LLW-HRE via LUN,2,11:45:00,12:20:00,11:55:00,12:32:00,12:00:00,12:18:00,,,11:59:00,12:20:00,12:01:00,12:12:00,174
22-12-25,Shift A,Malawian Airlines,ET35,DH8,HRE-LLW via LUN,3,13:10:00,13:45:00,12:55:00,14:07:00,12:59:00,13:53:00,,,12:58:00,13:55:00,13:00:00,13:07:00,78
22-12-25,Shift A,South African Airways,SA62,A320,JNB-JNB via LUN,4,12:40:00,13:30:00,12:29:00,12:29:00,12:34:00,13:42:00,,,12:33:00,13:44:00,12:35:00,12:41:00,67
22-12-25,Shift A,Air Tanzania,TC212,A220,DAR-HRE via LUN,5,12:20:00,13:10:00,12:15:00,13:23:00,12:18:00,13:06:00,,,12:17:00,13:08:00,12:19:00,12:28:00,126
22-12-25,Shift A,Uganda Airlines,UR722,CRJ900,EBB-HRE via LUN,6,11:45:00,12:30:00,11:51:00,12:27:00,11:57:00,12:10:00,,,11:56:00,12:12:00,11:58:00,12:08:00,142
22-12-25,Shift A,RwandAir,WB112,B737,KGL-HRE via LUN,7,15:00:00,15:50:00,14:58:00,15:50:00,15:04:00,15:43:00,,,15:03:00,15:45:00,15:05:00,15:11:00,31
22-12-25,Shift A,Ethiopian Airways,ET873,A350,ADD-ADD via LUN,1,13:10:00,15:10:00,13:05:00,13:05:00,13:08:00,14:52:00,13:09:00,14:51:00,13:07:00,14:54:00,13:09:00,13:17:00,34
22-12-25,Shift A,Airlink,4Z166,E135,JNB-JNB via LUN,2,9:40:00,10:15:00,9:35:00,10:21:00,9:39:00,10:06:00,,,9:38:00,10:08:00,9:40:00,9:51:00,173
22-12-25,Shift A,Airlink,4Z162,E195,JNB-JNB via LUN,3,13:30:00,14:15:00,13:16:00,14:23:00,13:19:00,14:13:00,,,13:18:00,14:15:00,13:20:00,13:33:00,175
22-12-25,Shift A,Qatar Airways,QR1455,B787,DOH-HRE via LUN,4,7:50:00,9:40:00,8:05:00,10:00:00,8:09:00,9:50:00,8:10:00,9:49:00,8:08:00,9:52:00,8:10:00,8:21:00,173
22-12-25,Shift A,Qatar Airways,QR1456,B787,HRE-DOH via LUN,5,15:00:00,16:30:00,14:54:00,16:31:00,14:59:00,16:22:00,15:00:00,16:21:00,14:58:00,16:24:00,15:00:00,15:14:00,107
22-12-25,Shift A,Turkish Airlines,TK525,B737 Max,IST-IST via LUN,6,1:20:00,2:20:00,1:34:00,1:34:00,1:38:00,2:01:00,,,1:37:00,2:03:00,1:39:00,1:50:00,53
22-12-25,Shift A,Kenya Airways,KQ704,E195,NBO-HRE via LUN,7,17:20:00,18:10:00,17:06:00,17:06:00,17:12:00,18:03:00,,,17:11:00,18:05:00,17:13:00,17:25:00,44
22-12-25,Shift A,Kenya Airways,KQ706,E195,NBO-HRE via LUN,1,9:10:00,10:00:00,9:25:00,9:52:00,9:28:00,9:44:00,,,9:27:00,9:46:00,9:29:00,9:42:00,188
23-12-25,Shift B,Air Botswana,BP312,E175,GBE-HRE via LUN,8,8:50:00,9:40:00,8:43:00,10:04:00,8:46:00,9:47:00,,,8:45:00,9:49:00,8:47:00,9:03:00,130
23-12-25,Shift B,Malawian Airlines,ET34,DH8,LLW-HRE via LUN,9,11:45:00,12:20:00,12:03:00,12:36:00,12:08:00,12:29:00,,,12:07:00,12:31:00,12:09:00,12:21:00,129
23-12-25,Shift B,Malawian Airlines,ET35,DH8,HRE-LLW via LUN,10,13:10:00,13:45:00,13:09:00,14:05:00,13:15:00,13:53:00,,,13:14:00,13:55:00,13:16:00,13:28:00,198
23-12-25,Shift B,South African Airways,SA62,A320,JNB-JNB via LUN,12,12:40:00,13:30:00,12:31:00,13:47:00,12:35:00,13:36:00,,,12:34:00,13:38:00,12:36:00,12:48:00,79
23-12-25,Shift B,Air Tanzania,TC212,A220,DAR-HRE via LUN,13,12:20:00,13:10:00,12:10:00,13:18:00,12:16:00,13:07:00,,,12:15:00,13:09:00,12:17:00,12:23:00,21
23-12-25,Shift B,Uganda Airlines,UR722,CRJ900,EBB-HRE via LUN,14,11:45:00,12:30:00,11:30:00,12:53:00,11:33:00,12:38:00,,,11:32:00,12:40:00,11:34:00,11:40:00,116
23-12-25,Shift B,RwandAir,WB112,B737,KGL-HRE via LUN,8,15:00:00,15:50:00,14:58:00,14:58:00,15:04:00,15:48:00,,,15:03:00,15:50:00,15:05:00,15:09:00,59
23-12-25,Shift B,Ethiopian Airways,ET873,B777,ADD-ADD via LUN,9,13:10:00,15:10:00,13:11:00,15:16:00,13:17:00,15:00:00,13:18:00,14:59:00,13:16:00,15:02:00,13:18:00,13:26:00,176
23-12-25,Shift B,Airlink,4Z166,E135,JNB-JNB via LUN,10,9:40:00,10:15:00,9:42:00,10:30:00,9:46:00,10:17:00,,,9:45:00,10:19:00,9:47:00,10:00:00,162
23-12-25,Shift B,Airlink,4Z162,E195,JNB-JNB via LUN,12,13:30:00,14:15:00,13:45:00,14:16:00,13:50:00,14:01:00,,,13:49:00,14:03:00,13:51:00,14:03:00,143
23-12-25,Shift B,Qatar Airways,QR1455,B787,DOH-HRE via LUN,13,7:50:00,9:40:00,7:51:00,9:49:00,7:56:00,9:36:00,7:57:00,9:35:00,7:55:00,9:38:00,7:57:00,8:03:00,188
23-12-25,Shift B,Qatar Airways,QR1456,B787,HRE-DOH via LUN,14,15:00:00,16:30:00,14:52:00,16:34:00,14:58:00,16:25:00,14:59:00,16:24:00,14:57:00,16:27:00,14:59:00,15:03:00,74
23-12-25,Shift B,Turkish Airlines,TK525,B737 Max,IST-IST via LUN,8,1:20:00,2:20:00,1:37:00,2:35:00,1:42:00,2:20:00,,,1:41:00,2:22:00,1:43:00,1:56:00,198
23-12-25,Shift B,Kenya Airways,KQ704,E195,NBO-HRE via LUN,9,17:20:00,18:10:00,17:15:00,17:15:00,17:18:00,18:16:00,,,17:17:00,18:18:00,17:19:00,17:27:00,140
23-12-25,Shift B,Kenya Airways,KQ706,B737,NBO-HRE via LUN,10,9:10:00,10:00:00,9:00:00,9:54:00,9:05:00,9:44:00,,,9:04:00,9:46:00,9:06:00,9:15:00,40
24-12-25,Shift B,Air Botswana,BP312,E175,GBE-HRE via LUN,8,8:50:00,9:40:00,8:37:00,9:54:00,8:43:00,9:38:00,,,8:42:00,9:40:00,8:44:00,8:57:00,153
24-12-25,Shift B,Malawian Airlines,ET34,DH8,LLW-HRE via LUN,9,11:45:00,12:20:00,11:48:00,12:13:00,11:52:00,11:56:00,,,11:51:00,11:58:00,11:53:00,12:05:00,132
24-12-25,Shift B,Malawian Airlines,ET35,DH8,HRE-LLW via LUN,10,13:10:00,13:45:00,12:55:00,13:47:00,13:00:00,13:37:00,,,12:59:00,13:39:00,13:01:00,13:05:00,173
24-12-25,Shift B,South African Airways,SA62,A320,JNB-JNB via LUN,12,12:40:00,13:30:00,12:57:00,13:53:00,13:01:00,13:37:00,,,13:00:00,13:39:00,13:02:00,13:09:00,192
24-12-25,Shift B,Air Tanzania,TC212,A220,DAR-HRE via LUN,13,12:20:00,13:10:00,12:07:00,13:23:00,12:11:00,13:06:00,,,12:10:00,13:08:00,12:12:00,12:17:00,60
24-12-25,Shift B,Uganda Airlines,UR722,CRJ900,EBB-HRE via LUN,14,11:45:00,12:30:00,11:35:00,12:37:00,11:41:00,12:25:00,,,11:40:00,12:27:00,11:42:00,11:55:00,121
24-12-25,Shift B,RwandAir,WB112,B737,KGL-HRE via LUN,8,15:00:00,15:50:00,15:10:00,15:10:00,15:13:00,15:44:00,,,15:12:00,15:46:00,15:14:00,15:21:00,160
24-12-25,Shift B,Ethiopian Airways,ET873,B777,ADD-ADD via LUN,9,13:10:00,15:10:00,13:30:00,15:22:00,13:35:00,15:11:00,13:36:00,15:10:00,13:34:00,15:13:00,13:36:00,13:43:00,175
24-12-25,Shift B,Airlink,4Z166,E135,JNB-JNB via LUN,10,9:40:00,10:15:00,9:37:00,10:34:00,9:43:00,10:18:00,,,9:42:00,10:20:00,9:44:00,9:47:00,86
24-12-25,Shift B,Airlink,4Z162,E195,JNB-JNB via LUN,12,13:30:00,14:15:00,13:26:00,14:31:00,13:29:00,14:16:00,,,13:28:00,14:18:00,13:30:00,13:37:00,148
24-12-25,Shift B,Qatar Airways,QR1455,B787,DOH-HRE via LUN,13,7:50:00,9:40:00,7:53:00,9:51:00,7:56:00,9:36:00,7:57:00,9:35:00,7:55:00,9:38:00,7:57:00,8:07:00,157
24-12-25,Shift B,Qatar Airways,QR1456,B787,HRE-DOH via LUN,14,15:00:00,16:30:00,15:01:00,16:48:00,15:07:00,16:32:00,15:08:00,16:31:00,15:06:00,16:34:00,15:08:00,15:18:00,82
24-12-25,Shift B,Turkish Airlines,TK525,B737 Max,IST-IST via LUN,8,1:20:00,2:20:00,1:26:00,1:26:00,1:32:00,2:23:00,,,1:31:00,2:25:00,1:33:00,1:36:00,143
24-12-25,Shift B,Kenya Airways,KQ704,E195,NBO-HRE via LUN,9,17:20:00,18:10:00,17:21:00,18:04:00,17:27:00,17:47:00,,,17:26:00,17:49:00,17:28:00,17:34:00,193
24-12-25,Shift B,Kenya Airways,KQ706,E195,NBO-HRE via LUN,10,9:10:00,10:00:00,9:15:00,10:16:00,9:20:00,10:01:00,,,9:19:00,10:03:00,9:21:00,9:33:00,22
25-12-25,Shift B,Air Botswana,BP312,E175,GBE-HRE via LUN,8,8:50:00,9:40:00,8:51:00,9:45:00,8:56:00,9:37:00,,,8:55:00,9:39:00,8:57:00,9:07:00,192
25-12-25,Shift B,Malawian Airlines,ET34,DH8,LLW-HRE via LUN,9,11:45:00,12:20:00,11:51:00,12:14:00,11:55:00,12:00:00,,,11:54:00,12:02:00,11:56:00,12:06:00,110
25-12-25,Shift B,Malawian Airlines,ET35,DH8,HRE-LLW via LUN,10,13:10:00,13:45:00,13:08:00,13:52:00,13:12:00,13:35:00,,,13:11:00,13:37:00,13:13:00,13:21:00,147
25-12-25,Shift B,South African Airways,SA62,A320,JNB-JNB via LUN,12,12:40:00,13:30:00,12:37:00,12:37:00,12:41:00,13:24:00,,,12:40:00,13:26:00,12:42:00,12:50:00,78
25-12-25,Shift B,Air Tanzania,TC212,A220,DAR-HRE via LUN,13,12:20:00,13:10:00,12:17:00,13:15:00,12:22:00,13:06:00,,,12:21:00,13:08:00,12:23:00,12:28:00,50
25-12-25,Shift B,Uganda Airlines,UR722,CRJ900,EBB-HRE via LUN,14,11:45:00,12:30:00,11:35:00,12:51:00,11:38:00,12:36:00,,,11:37:00,12:38:00,11:39:00,11:45:00,143
25-12-25,Shift B,RwandAir,WB112,B737,KGL-HRE via LUN,8,15:00:00,15:50:00,15:08:00,16:00:00,15:14:00,15:44:00,,,15:13:00,15:46:00,15:15:00,15:22:00,145
25-12-25,Shift B,Ethiopian Airways,ET873,A350,ADD-ADD via LUN,9,13:10:00,15:10:00,13:27:00,15:17:00,13:33:00,15:07:00,13:34:00,15:06:00,13:32:00,15:09:00,13:34:00,13:46:00,52
25-12-25,Shift B,Airlink,4Z166,E135,JNB-JNB via LUN,10,9:40:00,10:15:00,9:28:00,10:38:00,9:34:00,10:24:00,,,9:33:00,10:26:00,9:35:00,9:46:00,28
25-12-25,Shift B,Airlink,4Z162,E195,JNB-JNB via LUN,12,13:30:00,14:15:00,13:47:00,14:27:00,13:53:00,14:10:00,,,13:52:00,14:12:00,13:54:00,13:59:00,137
25-12-25,Shift B,Qatar Airways,QR1455,B787,DOH-HRE via LUN,13,7:50:00,9:40:00,7:42:00,10:03:00,7:48:00,9:51:00,7:49:00,9:50:00,7:47:00,9:53:00,7:49:00,7:52:00,23
25-12-25,Shift B,Qatar Airways,QR1456,B787,HRE-DOH via LUN,14,15:00:00,16:30:00,14:58:00,16:44:00,15:01:00,16:32:00,15:02:00,16:31:00,15:00:00,16:34:00,15:02:00,15:13:00,176
25-12-25,Shift B,Turkish Airlines,TK525,B737 Max,IST-IST via LUN,8,1:20:00,2:20:00,1:21:00,2:21:00,1:26:00,2:11:00,,,1:25:00,2:13:00,1:27:00,1:35:00,140
25-12-25,Shift B,Kenya Airways,KQ704,B737,NBO-HRE via LUN,9,17:20:00,18:10:00,17:28:00,18:11:00,17:34:00,17:58:00,,,17:33:00,18:00:00,17:35:00,17:41:00,127
25-12-25,Shift B,Kenya Airways,KQ706,B737,NBO-HRE via LUN,10,9:10:00,10:00:00,9:18:00,10:15:00,9:23:00,10:01:00,,,9:22:00,10:03:00,9:24:00,9:30:00,166
26-12-25,Shift B,Air Botswana,BP312,E175,GBE-HRE via LUN,8,8:50:00,9:40:00,8:43:00,9:44:00,8:46:00,9:33:00,,,8:45:00,9:35:00,8:47:00,8:56:00,162
26-12-25,Shift B,Malawian Airlines,ET34,DH8,LLW-HRE via LUN,9,11:45:00,12:20:00,11:57:00,12:34:00,12:01:00,12:25:00,,,12:00:00,12:27:00,12:02:00,12:09:00,141
26-12-25,Shift B,Malawian Airlines,ET35,DH8,HRE-LLW via LUN,10,13:10:00,13:45:00,12:55:00,13:46:00,13:01:00,13:32:00,,,13:00:00,13:34:00,13:02:00,13:07:00,181
26-12-25,Shift B,South African Airways,SA62,A320,JNB-JNB via LUN,12,12:40:00,13:30:00,12:58:00,13:54:00,13:03:00,13:40:00,,,13:02:00,13:42:00,13:04:00,13:12:00,84
26-12-25,Shift B,Air Tanzania,TC212,A220,DAR-HRE via LUN,13,12:20:00,13:10:00,12:40:00,13:03:00,12:46:00,12:55:00,,,12:45:00,12:57:00,12:47:00,12:52:00,35
26-12-25,Shift B,Uganda Airlines,UR722,CRJ900,EBB-HRE via LUN,14,11:45:00,12:30:00,11:43:00,12:36:00,11:49:00,12:19:00,,,11:48:00,12:21:00,11:50:00,11:54:00,135
26-12-25,Shift B,RwandAir,WB112,B737,KGL-HRE via LUN,8,15:00:00,15:50:00,15:06:00,15:56:00,15:11:00,15:44:00,,,15:10:00,15:46:00,15:12:00,15:24:00,162
26-12-25,Shift B,Ethiopian Airways,ET873,B777,ADD-ADD via LUN,9,13:10:00,15:10:00,13:17:00,15:01:00,13:23:00,14:53:00,13:24:00,14:52:00,13:22:00,14:55:00,13:24:00,13:32:00,193
26-12-25,Shift B,Airlink,4Z166,E135,JNB-JNB via LUN,10,9:40:00,10:15:00,9:37:00,10:39:00,9:41:00,10:28:00,,,9:40:00,10:30:00,9:42:00,9:52:00,103
26-12-25,Shift B,Airlink,4Z162,E195,JNB-JNB via LUN,12,13:30:00,14:15:00,13:47:00,14:36:00,13:53:00,14:28:00,,,13:52:00,14:30:00,13:54:00,14:03:00,177
26-12-25,Shift B,Qatar Airways,QR1455,B787,DOH-HRE via LUN,13,7:50:00,9:40:00,7:53:00,9:59:00,7:57:00,9:50:00,7:58:00,9:49:00,7:56:00,9:52:00,7:58:00,8:13:00,106
26-12-25,Shift B,Qatar Airways,QR1456,B787,HRE-DOH via LUN,14,15:00:00,16:30:00,15:11:00,16:45:00,15:14:00,16:37:00,15:15:00,16:36:00,15:13:00,16:39:00,15:15:00,15:23:00,107
26-12-25,Shift B,Turkish Airlines,TK525,B737 Max,IST-IST via LUN,8,1:20:00,2:20:00,1:19:00,2:30:00,1:24:00,2:13:00,,,1:23:00,2:15:00,1:25:00,1:33:00,88
26-12-25,Shift B,Kenya Airways,KQ704,B737,NBO-HRE via LUN,9,17:20:00,18:10:00,17:22:00,18:28:00,17:27:00,18:12:00,,,17:26:00,18:14:00,17:28:00,17:40:00,135
26-12-25,Shift B,Kenya Airways,KQ706,B737,NBO-HRE via LUN,10,9:10:00,10:00:00,9:05:00,10:01:00,9:08:00,9:52:00,,,9:07:00,9:54:00,9:09:00,9:18:00,189
27-12-25,Shift A,Air Botswana,BP312,E175,GBE-HRE via LUN,1,8:50:00,9:40:00,8:51:00,9:35:00,8:55:00,9:26:00,,,8:54:00,9:28:00,8:56:00,9:07:00,46
27-12-25,Shift A,Malawian Airlines,ET34,DH8,LLW-HRE via LUN,2,11:45:00,12:20:00,11:36:00,12:14:00,11:42:00,11:59:00,,,11:41:00,12:01:00,11:43:00,11:46:00,26
27-12-25,Shift A,Malawian Airlines,ET35,DH8,HRE-LLW via LUN,3,13:10:00,13:45:00,13:20:00,14:08:00,13:23:00,14:00:00,,,13:22:00,14:02:00,13:24:00,13:34:00,178
27-12-25,Shift A,South African Airways,SA62,A320,JNB-JNB via LUN,4,12:40:00,13:30:00,12:34:00,13:25:00,12:40:00,13:14:00,,,12:39:00,13:16:00,12:41:00,12:47:00,83
27-12-25,Shift A,Air Tanzania,TC212,A220,DAR-HRE via LUN,5,12:20:00,13:10:00,12:23:00,13:28:00,12:27:00,13:19:00,,,12:26:00,13:21:00,12:28:00,12:41:00,63
27-12-25,Shift A,Uganda Airlines,UR722,CRJ900,EBB-HRE via LUN,6,11:45:00,12:30:00,11:31:00,12:22:00,11:36:00,12:10:00,,,11:35:00,12:12:00,11:37:00,11:48:00,139
27-12-25,Shift A,RwandAir,WB112,B737,KGL-HRE via LUN,7,15:00:00,15:50:00,15:19:00,15:19:00,15:25:00,15:48:00,,,15:24:00,15:50:00,15:26:00,15:37:00,65
27-12-25,Shift A,Ethiopian Airways,ET873,B787,ADD-ADD via LUN,1,13:10:00,15:10:00,13:24:00,15:27:00,13:29:00,15:15:00,13:30:00,15:14:00,13:28:00,15:17:00,13:30:00,13:41:00,158
27-12-25,Shift A,Airlink,4Z166,E135,JNB-JNB via LUN,2,9:40:00,10:15:00,9:39:00,10:10:00,9:45:00,9:59:00,,,9:44:00,10:01:00,9:46:00,9:54:00,125
27-12-25,Shift A,Airlink,4Z162,E195,JNB-JNB via LUN,3,13:30:00,14:15:00,13:31:00,14:14:00,13:36:00,14:07:00,,,13:35:00,14:09:00,13:37:00,13:41:00,153
27-12-25,Shift A,Qatar Airways,QR1455,B787,DOH-HRE via LUN,4,7:50:00,9:40:00,7:43:00,9:52:00,7:48:00,9:38:00,7:49:00,9:37:00,7:47:00,9:40:00,7:49:00,8:01:00,22
27-12-25,Shift A,Qatar Airways,QR1456,B787,HRE-DOH via LUN,5,15:00:00,16:30:00,15:16:00,16:50:00,15:21:00,16:43:00,15:22:00,16:42:00,15:20:00,16:45:00,15:22:00,15:32:00,94
27-12-25,Shift A,Turkish Airlines,TK525,B737 Max,IST-IST via LUN,6,1:20:00,2:20:00,1:19:00,1:19:00,1:24:00,2:00:00,,,1:23:00,2:02:00,1:25:00,1:35:00,163
27-12-25,Shift A,Kenya Airways,KQ704,B737,NBO-HRE via LUN,7,17:20:00,18:10:00,17:30:00,18:15:00,17:34:00,17:58:00,,,17:33:00,18:00:00,17:35:00,17:46:00,116
27-12-25,Shift A,Kenya Airways,KQ706,E195,NBO-HRE via LUN,1,9:10:00,10:00:00,9:11:00,9:55:00,9:17:00,9:38:00,,,9:16:00,9:40:00,9:18:00,9:24:00,152
28-12-25,Shift A,Air Botswana,BP312,E175,GBE-HRE via LUN,1,8:50:00,9:40:00,8:52:00,9:48:00,8:57:00,9:35:00,,,8:56:00,9:37:00,8:58:00,9:05:00,37
28-12-25,Shift A,Malawian Airlines,ET34,DH8,LLW-HRE via LUN,2,11:45:00,12:20:00,11:41:00,12:18:00,11:46:00,12:10:00,,,11:45:00,12:12:00,11:47:00,12:01:00,136
28-12-25,Shift A,Malawian Airlines,ET35,DH8,HRE-LLW via LUN,3,13:10:00,13:45:00,13:23:00,13:52:00,13:29:00,13:42:00,,,13:28:00,13:44:00,13:30:00,13:38:00,24
28-12-25,Shift A,South African Airways,SA62,A320,JNB-JNB via LUN,4,12:40:00,13:30:00,12:34:00,13:23:00,12:37:00,13:14:00,,,12:36:00,13:16:00,12:38:00,12:45:00,92
28-12-25,Shift A,Air Tanzania,TC212,A220,DAR-HRE via LUN,5,12:20:00,13:10:00,12:22:00,13:08:00,12:28:00,13:01:00,,,12:27:00,13:03:00,12:29:00,12:35:00,43
28-12-25,Shift A,Uganda Airlines,UR722,CRJ900,EBB-HRE via LUN,6,11:45:00,12:30:00,11:39:00,12:20:00,11:45:00,12:10:00,,,11:44:00,12:12:00,11:46:00,11:54:00,127
28-12-25,Shift A,RwandAir,WB112,B737,KGL-HRE via LUN,7,15:00:00,15:50:00,15:04:00,16:11:00,15:09:00,15:57:00,,,15:08:00,15:59:00,15:10:00,15:14:00,104
28-12-25,Shift A,Ethiopian Airways,ET873,A350,ADD-ADD via LUN,1,13:10:00,15:10:00,13:04:00,15:03:00,13:09:00,14:50:00,13:10:00,14:49:00,13:08:00,14:52:00,13:10:00,13:15:00,159
28-12-25,Shift A,Airlink,4Z166,E135,JNB-JNB via LUN,2,9:40:00,10:15:00,9:55:00,10:16:00,9:59:00,10:05:00,,,9:58:00,10:07:00,10:00:00,10:11:00,23
28-12-25,Shift A,Airlink,4Z162,E195,JNB-JNB via LUN,3,13:30:00,14:15:00,13:22:00,14:20:00,13:28:00,14:06:00,,,13:27:00,14:08:00,13:29:00,13:35:00,28
28-12-25,Shift A,Qatar Airways,QR1455,B787,DOH-HRE via LUN,4,7:50:00,9:40:00,7:47:00,9:59:00,7:50:00,9:44:00,7:51:00,9:43:00,7:49:00,9:46:00,7:51:00,8:07:00,73
28-12-25,Shift A,Qatar Airways,QR1456,B787,HRE-DOH via LUN,5,15:00:00,16:30:00,15:15:00,16:44:00,15:20:00,16:32:00,15:21:00,16:31:00,15:19:00,16:34:00,15:21:00,15:27:00,181
28-12-25,Shift A,Turkish Airlines,TK525,B737 Max,IST-IST via LUN,6,1:20:00,2:20:00,1:07:00,2:45:00,1:10:00,2:34:00,,,1:09:00,2:36:00,1:11:00,1:24:00,183
28-12-25,Shift A,Kenya Airways,KQ704,B737,NBO-HRE via LUN,7,17:20:00,18:10:00,17:17:00,18:23:00,17:20:00,18:06:00,,,17:19:00,18:08:00,17:21:00,17:30:00,48
28-12-25,Shift A,Kenya Airways,KQ706,E195,NBO-HRE via LUN,1,9:10:00,10:00:00,9:22:00,10:10:00,9:25:00,10:01:00,,,9:24:00,10:03:00,9:26:00,9:36:00,169
29-12-25,Shift A,Air Botswana,BP312,E175,GBE-HRE via LUN,1,8:50:00,9:40:00,8:42:00,9:55:00,8:46:00,9:48:00,,,8:45:00,9:50:00,8:47:00,8:52:00,168
29-12-25,Shift A,Malawian Airlines,ET34,DH8,LLW-HRE via LUN,2,11:45:00,12:20:00,12:00:00,12:19:00,12:05:00,12:11:00,,,12:04:00,12:13:00,12:06:00,12:13:00,60
29-12-25,Shift A,Malawian Airlines,ET35,DH8,HRE-LLW via LUN,3,13:10:00,13:45:00,13:26:00,13:40:00,13:31:00,13:23:00,,,13:30:00,13:25:00,13:32:00,13:36:00,35
29-12-25,Shift A,South African Airways,SA62,A320,JNB-JNB via LUN,4,12:40:00,13:30:00,12:47:00,13:29:00,12:50:00,13:20:00,,,12:49:00,13:22:00,12:51:00,13:04:00,79
29-12-25,Shift A,Air Tanzania,TC212,A220,DAR-HRE via LUN,5,12:20:00,13:10:00,12:25:00,13:35:00,12:30:00,13:21:00,,,12:29:00,13:23:00,12:31:00,12:38:00,25
29-12-25,Shift A,Uganda Airlines,UR722,CRJ900,EBB-HRE via LUN,6,11:45:00,12:30:00,11:54:00,12:42:00,11:58:00,12:31:00,,,11:57:00,12:33:00,11:59:00,12:04:00,144
29-12-25,Shift A,RwandAir,WB112,B737,KGL-HRE via LUN,7,15:00:00,15:50:00,15:13:00,16:15:00,15:18:00,16:00:00,,,15:17:00,16:02:00,15:19:00,15:30:00,68
29-12-25,Shift A,Ethiopian Airways,ET873,B787,ADD-ADD via LUN,1,13:10:00,15:10:00,13:06:00,15:34:00,13:11:00,15:22:00,13:12:00,15:21:00,13:10:00,15:24:00,13:12:00,13:23:00,90
29-12-25,Shift A,Airlink,4Z166,E135,JNB-JNB via LUN,2,9:40:00,10:15:00,10:00:00,10:15:00,10:03:00,10:00:00,,,10:02:00,10:02:00,10:04:00,10:12:00,135
29-12-25,Shift A,Airlink,4Z162,E195,JNB-JNB via LUN,3,13:30:00,14:15:00,13:33:00,14:21:00,13:38:00,14:07:00,,,13:37:00,14:09:00,13:39:00,13:43:00,183
29-12-25,Shift A,Qatar Airways,QR1455,B787,DOH-HRE via LUN,4,7:50:00,9:40:00,8:07:00,9:54:00,8:11:00,9:47:00,8:12:00,9:46:00,8:10:00,9:49:00,8:12:00,8:26:00,113
29-12-25,Shift A,Qatar Airways,QR1456,B787,HRE-DOH via LUN,5,15:00:00,16:30:00,15:00:00,16:40:00,15:03:00,16:23:00,15:04:00,16:22:00,15:02:00,16:25:00,15:04:00,15:18:00,119
29-12-25,Shift A,Turkish Airlines,TK525,B737 Max,IST-IST via LUN,6,1:20:00,2:20:00,1:17:00,2:43:00,1:23:00,2:28:00,,,1:22:00,2:30:00,1:24:00,1:29:00,176
29-12-25,Shift A,Kenya Airways,KQ704,B737,NBO-HRE via LUN,7,17:20:00,18:10:00,17:25:00,18:26:00,17:30:00,18:18:00,,,17:29:00,18:20:00,17:31:00,17:36:00,153
29-12-25,Shift A,Kenya Airways,KQ706,E195,NBO-HRE via LUN,1,9:10:00,10:00:00,8:57:00,9:58:00,9:01:00,9:51:00,,,9:00:00,9:53:00,9:02:00,9:10:00,47
30-12-25,Shift A,Air Botswana,BP312,E175,GBE-HRE via LUN,1,8:50:00,9:40:00,9:06:00,9:42:00,9:09:00,9:35:00,,,9:08:00,9:37:00,9:10:00,9:25:00,184
30-12-25,Shift A,Malawian Airlines,ET34,DH8,LLW-HRE via LUN,2,11:45:00,12:20:00,11:54:00,12:41:00,11:59:00,12:34:00,,,11:58:00,12:36:00,12:00:00,12:09:00,76
30-12-25,Shift A,Malawian Airlines,ET35,DH8,HRE-LLW via LUN,3,13:10:00,13:45:00,12:59:00,13:35:00,13:03:00,13:18:00,,,13:02:00,13:20:00,13:04:00,13:16:00,40
30-12-25,Shift A,South African Airways,SA62,A320,JNB-JNB via LUN,4,12:40:00,13:30:00,12:54:00,13:23:00,12:59:00,13:08:00,,,12:58:00,13:10:00,13:00:00,13:10:00,114
30-12-25,Shift A,Air Tanzania,TC212,A220,DAR-HRE via LUN,5,12:20:00,13:10:00,12:08:00,13:17:00,12:11:00,13:09:00,,,12:10:00,13:11:00,12:12:00,12:22:00,39
30-12-25,Shift A,Uganda Airlines,UR722,CRJ900,EBB-HRE via LUN,6,11:45:00,12:30:00,11:43:00,12:53:00,11:46:00,12:45:00,,,11:45:00,12:47:00,11:47:00,11:56:00,156
30-12-25,Shift A,RwandAir,WB112,B737,KGL-HRE via LUN,7,15:00:00,15:50:00,15:09:00,15:52:00,15:13:00,15:37:00,,,15:12:00,15:39:00,15:14:00,15:29:00,83
30-12-25,Shift A,Ethiopian Airways,ET873,B787,ADD-ADD via LUN,1,13:10:00,15:10:00,13:06:00,13:06:00,13:12:00,15:27:00,13:13:00,15:26:00,13:11:00,15:29:00,13:13:00,13:26:00,167
30-12-25,Shift A,Airlink,4Z166,E135,JNB-JNB via LUN,2,9:40:00,10:15:00,9:47:00,10:34:00,9:53:00,10:26:00,,,9:52:00,10:28:00,9:54:00,9:59:00,66
30-12-25,Shift A,Airlink,4Z162,E195,JNB-JNB via LUN,3,13:30:00,14:15:00,13:50:00,14:30:00,13:55:00,14:13:00,,,13:54:00,14:15:00,13:56:00,14:02:00,156
30-12-25,Shift A,Qatar Airways,QR1455,B787,DOH-HRE via LUN,4,7:50:00,9:40:00,8:03:00,9:52:00,8:08:00,9:37:00,8:09:00,9:36:00,8:07:00,9:39:00,8:09:00,8:18:00,115
30-12-25,Shift A,Qatar Airways,QR1456,B787,HRE-DOH via LUN,5,15:00:00,16:30:00,15:11:00,16:47:00,15:16:00,16:31:00,15:17:00,16:30:00,15:15:00,16:33:00,15:17:00,15:24:00,164
30-12-25,Shift A,Turkish Airlines,TK525,B737 Max,IST-IST via LUN,6,1:20:00,2:20:00,1:39:00,2:23:00,1:45:00,2:08:00,,,1:44:00,2:10:00,1:46:00,1:53:00,112
30-12-25,Shift A,Kenya Airways,KQ704,B737,NBO-HRE via LUN,7,17:20:00,18:10:00,17:33:00,18:25:00,17:36:00,18:18:00,,,17:35:00,18:20:00,17:37:00,17:47:00,172
30-12-25,Shift A,Kenya Airways,KQ706,E195,NBO-HRE via LUN,1,9:10:00,10:00:00,9:28:00,9:58:00,9:33:00,9:51:00,,,9:32:00,9:53:00,9:34:00,9:42:00,76
31-12-25,Shift B,Air Botswana,BP312,E175,GBE-HRE via LUN,8,8:50:00,9:40:00,8:48:00,9:50:00,8:51:00,9:39:00,,,8:50:00,9:41:00,8:52:00,9:06:00,150
31-12-25,Shift B,Malawian Airlines,ET34,DH8,LLW-HRE via LUN,9,11:45:00,12:20:00,12:05:00,12:19:00,12:08:00,12:12:00,,,12:07:00,12:14:00,12:09:00,12:22:00,111
31-12-25,Shift B,Malawian Airlines,ET35,DH8,HRE-LLW via LUN,10,13:10:00,13:45:00,13:04:00,13:43:00,13:09:00,13:31:00,,,13:08:00,13:33:00,13:10:00,13:23:00,83
31-12-25,Shift B,South African Airways,SA62,A320,JNB-JNB via LUN,12,12:40:00,13:30:00,12:39:00,13:36:00,12:44:00,13:28:00,,,12:43:00,13:30:00,12:45:00,12:58:00,122
31-12-25,Shift B,Air Tanzania,TC212,A220,DAR-HRE via LUN,13,12:20:00,13:10:00,12:18:00,13:04:00,12:23:00,12:50:00,,,12:22:00,12:52:00,12:24:00,12:30:00,144
31-12-25,Shift B,Uganda Airlines,UR722,CRJ900,EBB-HRE via LUN,14,11:45:00,12:30:00,11:36:00,12:39:00,11:39:00,12:23:00,,,11:38:00,12:25:00,11:40:00,11:52:00,40
31-12-25,Shift B,RwandAir,WB112,B737,KGL-HRE via LUN,8,15:00:00,15:50:00,14:48:00,14:48:00,14:53:00,15:48:00,,,14:52:00,15:50:00,14:54:00,15:04:00,50
31-12-25,Shift B,Ethiopian Airways,ET873,A350,ADD-ADD via LUN,9,13:10:00,15:10:00,12:55:00,15:24:00,12:58:00,15:13:00,12:59:00,15:12:00,12:57:00,15:15:00,12:59:00,13:13:00,30
31-12-25,Shift B,Airlink,4Z166,E135,JNB-JNB via LUN,10,9:40:00,10:15:00,9:45:00,10:39:00,9:49:00,10:27:00,,,9:48:00,10:29:00,9:50:00,10:03:00,198
31-12-25,Shift B,Airlink,4Z162,E195,JNB-JNB via LUN,12,13:30:00,14:15:00,13:29:00,14:14:00,13:32:00,13:57:00,,,13:31:00,13:59:00,13:33:00,13:45:00,134
31-12-25,Shift B,Qatar Airways,QR1455,B787,DOH-HRE via LUN,13,7:50:00,9:40:00,8:07:00,9:35:00,8:11:00,9:22:00,8:12:00,9:21:00,8:10:00,9:24:00,8:12:00,8:21:00,120
31-12-25,Shift B,Qatar Airways,QR1456,B787,HRE-DOH via LUN,14,15:00:00,16:30:00,14:54:00,16:28:00,14:59:00,16:20:00,15:00:00,16:19:00,14:58:00,16:22:00,15:00:00,15:11:00,166
31-12-25,Shift B,Turkish Airlines,TK525,B737 Max,IST-IST via LUN,8,1:20:00,2:20:00,1:08:00,2:45:00,1:14:00,2:34:00,,,1:13:00,2:36:00,1:15:00,1:19:00,122
31-12-25,Shift B,Kenya Airways,KQ704,B737,NBO-HRE via LUN,9,17:20:00,18:10:00,17:13:00,18:08:00,17:19:00,17:53:00,,,17:18:00,17:55:00,17:20:00,17:26:00,144
31-12-25,Shift B,Kenya Airways,KQ706,B737,NBO-HRE via LUN,10,9:10:00,10:00:00,9:07:00,10:25:00,9:11:00,10:15:00,,,9:10:00,10:17:00,9:12:00,9:18:00,88
01-01-26,Shift B,Air Botswana,BP312,E175,GBE-HRE via LUN,8,8:50:00,9:40:00,9:02:00,9:50:00,9:05:00,9:42:00,,,9:04:00,9:44:00,9:06:00,9:22:00,125
01-01-26,Shift B,Malawian Airlines,ET34,DH8,LLW-HRE via LUN,9,11:45:00,12:20:00,11:57:00,12:33:00,12:02:00,12:23:00,,,12:01:00,12:25:00,12:03:00,12:12:00,108
01-01-26,Shift B,Malawian Airlines,ET35,DH8,HRE-LLW via LUN,10,13:10:00,13:45:00,12:56:00,13:54:00,13:00:00,13:42:00,,,12:59:00,13:44:00,13:01:00,13:15:00,133
01-01-26,Shift B,South African Airways,SA62,A320,JNB-JNB via LUN,12,12:40:00,13:30:00,12:34:00,13:48:00,12:37:00,13:38:00,,,12:36:00,13:40:00,12:38:00,12:47:00,195
01-01-26,Shift B,Air Tanzania,TC212,A220,DAR-HRE via LUN,13,12:20:00,13:10:00,12:28:00,12:28:00,12:31:00,13:01:00,,,12:30:00,13:03:00,12:32:00,12:38:00,82
01-01-26,Shift B,Uganda Airlines,UR722,CRJ900,EBB-HRE via LUN,14,11:45:00,12:30:00,11:39:00,12:38:00,11:42:00,12:26:00,,,11:41:00,12:28:00,11:43:00,11:50:00,98
01-01-26,Shift B,RwandAir,WB112,B737,KGL-HRE via LUN,8,15:00:00,15:50:00,15:13:00,16:10:00,15:16:00,15:58:00,,,15:15:00,16:00:00,15:17:00,15:26:00,157
01-01-26,Shift B,Ethiopian Airways,ET873,A350,ADD-ADD via LUN,9,13:10:00,15:10:00,13:08:00,15:34:00,13:13:00,15:19:00,13:14:00,15:18:00,13:12:00,15:21:00,13:14:00,13:25:00,179
01-01-26,Shift B,Airlink,4Z166,E135,JNB-JNB via LUN,10,9:40:00,10:15:00,9:34:00,10:06:00,9:40:00,9:50:00,,,9:39:00,9:52:00,9:41:00,9:54:00,154
01-01-26,Shift B,Airlink,4Z162,E195,JNB-JNB via LUN,12,13:30:00,14:15:00,13:17:00,14:21:00,13:21:00,14:14:00,,,13:20:00,14:16:00,13:22:00,13:31:00,71
01-01-26,Shift B,Qatar Airways,QR1455,B787,DOH-HRE via LUN,13,7:50:00,9:40:00,7:52:00,9:33:00,7:58:00,9:16:00,7:59:00,9:15:00,7:57:00,9:18:00,7:59:00,8:02:00,37
01-01-26,Shift B,Qatar Airways,QR1456,B787,HRE-DOH via LUN,14,15:00:00,16:30:00,15:09:00,16:37:00,15:14:00,16:29:00,15:15:00,16:28:00,15:13:00,16:31:00,15:15:00,15:19:00,94
01-01-26,Shift B,Turkish Airlines,TK525,B737 Max,IST-IST via LUN,8,1:20:00,2:20:00,1:29:00,2:24:00,1:35:00,2:09:00,,,1:34:00,2:11:00,1:36:00,1:40:00,100
01-01-26,Shift B,Kenya Airways,KQ704,B737,NBO-HRE via LUN,9,17:20:00,18:10:00,17:39:00,18:05:00,17:43:00,17:55:00,,,17:42:00,17:57:00,17:44:00,17:57:00,137
01-01-26,Shift B,Kenya Airways,KQ706,E195,NBO-HRE via LUN,10,9:10:00,10:00:00,8:57:00,8:57:00,9:02:00,9:53:00,,,9:01:00,9:55:00,9:03:00,9:14:00,120
02-01-26,Shift B,Air Botswana,BP312,E175,GBE-HRE via LUN,8,8:50:00,9:40:00,8:45:00,9:31:00,8:50:00,9:14:00,,,8:49:00,9:16:00,8:51:00,9:00:00,110
02-01-26,Shift B,Malawian Airlines,ET34,DH8,LLW-HRE via LUN,9,11:45:00,12:20:00,11:49:00,12:25:00,11:54:00,12:18:00,,,11:53:00,12:20:00,11:55:00,12:09:00,85
02-01-26,Shift B,Malawian Airlines,ET35,DH8,HRE-LLW via LUN,10,13:10:00,13:45:00,13:19:00,13:36:00,13:24:00,13:26:00,,,13:23:00,13:28:00,13:25:00,13:31:00,107
02-01-26,Shift B,South African Airways,SA62,A320,JNB-JNB via LUN,12,12:40:00,13:30:00,12:50:00,13:28:00,12:53:00,13:15:00,,,12:52:00,13:17:00,12:54:00,13:08:00,193
02-01-26,Shift B,Air Tanzania,TC212,A220,DAR-HRE via LUN,13,12:20:00,13:10:00,12:19:00,13:26:00,12:23:00,13:10:00,,,12:22:00,13:12:00,12:24:00,12:31:00,129
02-01-26,Shift B,Uganda Airlines,UR722,CRJ900,EBB-HRE via LUN,14,11:45:00,12:30:00,11:49:00,12:41:00,11:55:00,12:26:00,,,11:54:00,12:28:00,11:56:00,12:01:00,72
02-01-26,Shift B,RwandAir,WB112,B737,KGL-HRE via LUN,8,15:00:00,15:50:00,14:53:00,16:14:00,14:57:00,16:05:00,,,14:56:00,16:07:00,14:58:00,15:07:00,196
02-01-26,Shift B,Ethiopian Airways,ET873,B787,ADD-ADD via LUN,9,13:10:00,15:10:00,13:28:00,15:08:00,13:34:00,14:59:00,13:35:00,14:58:00,13:33:00,15:01:00,13:35:00,13:48:00,164
02-01-26,Shift B,Airlink,4Z166,E135,JNB-JNB via LUN,10,9:40:00,10:15:00,9:35:00,10:25:00,9:38:00,10:10:00,,,9:37:00,10:12:00,9:39:00,9:53:00,50
02-01-26,Shift B,Airlink,4Z162,E195,JNB-JNB via LUN,12,13:30:00,14:15:00,13:26:00,14:25:00,13:30:00,14:18:00,,,13:29:00,14:20:00,13:31:00,13:41:00,125
02-01-26,Shift B,Qatar Airways,QR1455,B787,DOH-HRE via LUN,13,7:50:00,9:40:00,8:01:00,9:49:00,8:07:00,9:32:00,8:08:00,9:31:00,8:06:00,9:34:00,8:08:00,8:15:00,58
02-01-26,Shift B,Qatar Airways,QR1456,B787,HRE-DOH via LUN,14,15:00:00,16:30:00,14:57:00,16:26:00,15:01:00,16:17:00,15:02:00,16:16:00,15:00:00,16:19:00,15:02:00,15:07:00,176
02-01-26,Shift B,Turkish Airlines,TK525,B737 Max,IST-IST via LUN,8,1:20:00,2:20:00,1:22:00,2:24:00,1:26:00,2:14:00,,,1:25:00,2:16:00,1:27:00,1:42:00,26
02-01-26,Shift B,Kenya Airways,KQ704,B737,NBO-HRE via LUN,9,17:20:00,18:10:00,17:10:00,17:10:00,17:14:00,18:15:00,,,17:13:00,18:17:00,17:15:00,17:29:00,140
02-01-26,Shift B,Kenya Airways,KQ706,B737,NBO-HRE via LUN,10,9:10:00,10:00:00,9:06:00,10:14:00,9:12:00,10:00:00,,,9:11:00,10:02:00,9:13:00,9:18:00,61
03-01-26,Shift B,Air Botswana,BP312,E175,GBE-HRE via LUN,8,8:50:00,9:40:00,8:47:00,9:44:00,8:50:00,9:31:00,,,8:49:00,9:33:00,8:51:00,8:57:00,89
03-01-26,Shift B,Malawian Airlines,ET34,DH8,LLW-HRE via LUN,9,11:45:00,12:20:00,11:56:00,12:24:00,12:00:00,12:14:00,,,11:59:00,12:16:00,12:01:00,12:07:00,65
03-01-26,Shift B,Malawian Airlines,ET35,DH8,HRE-LLW via LUN,10,13:10:00,13:45:00,13:23:00,14:06:00,13:28:00,13:52:00,,,13:27:00,13:54:00,13:29:00,13:36:00,129
03-01-26,Shift B,South African Airways,SA62,A320,JNB-JNB via LUN,12,12:40:00,13:30:00,12:50:00,13:22:00,12:56:00,13:10:00,,,12:55:00,13:12:00,12:57:00,13:06:00,176
03-01-26,Shift B,Air Tanzania,TC212,A220,DAR-HRE via LUN,13,12:20:00,13:10:00,12:39:00,13:33:00,12:42:00,13:18:00,,,12:41:00,13:20:00,12:43:00,12:50:00,135
03-01-26,Shift B,Uganda Airlines,UR722,CRJ900,EBB-HRE via LUN,14,11:45:00,12:30:00,11:59:00,12:22:00,12:03:00,12:07:00,,,12:02:00,12:09:00,12:04:00,12:17:00,121
03-01-26,Shift B,RwandAir,WB112,B737,KGL-HRE via LUN,8,15:00:00,15:50:00,14:47:00,16:15:00,14:53:00,16:00:00,,,14:52:00,16:02:00,14:54:00,15:07:00,32
03-01-26,Shift B,Ethiopian Airways,ET873,A350,ADD-ADD via LUN,9,13:10:00,15:10:00,13:13:00,15:28:00,13:19:00,15:17:00,13:20:00,15:16:00,13:18:00,15:19:00,13:20:00,13:27:00,138
03-01-26,Shift B,Airlink,4Z166,E135,JNB-JNB via LUN,10,9:40:00,10:15:00,9:35:00,10:32:00,9:40:00,10:16:00,,,9:39:00,10:18:00,9:41:00,9:45:00,196
03-01-26,Shift B,Airlink,4Z162,E195,JNB-JNB via LUN,12,13:30:00,14:15:00,13:48:00,14:14:00,13:54:00,13:57:00,,,13:53:00,13:59:00,13:55:00,14:05:00,43
03-01-26,Shift B,Qatar Airways,QR1455,B787,DOH-HRE via LUN,13,7:50:00,9:40:00,8:07:00,9:37:00,8:11:00,9:21:00,8:12:00,9:20:00,8:10:00,9:23:00,8:12:00,8:25:00,54
03-01-26,Shift B,Qatar Airways,QR1456,B787,HRE-DOH via LUN,14,15:00:00,16:30:00,15:10:00,16:46:00,15:15:00,16:32:00,15:16:00,16:31:00,15:14:00,16:34:00,15:16:00,15:20:00,65
03-01-26,Shift B,Turkish Airlines,TK525,B737 Max,IST-IST via LUN,8,1:20:00,2:20:00,1:34:00,2:22:00,1:40:00,2:14:00,,,1:39:00,2:16:00,1:41:00,1:48:00,102
03-01-26,Shift B,Kenya Airways,KQ704,E195,NBO-HRE via LUN,9,17:20:00,18:10:00,17:12:00,18:05:00,17:15:00,17:51:00,,,17:14:00,17:53:00,17:16:00,17:32:00,112
03-01-26,Shift B,Kenya Airways,KQ706,E195,NBO-HRE via LUN,10,9:10:00,10:00:00,9:28:00,10:14:00,9:32:00,10:01:00,,,9:31:00,10:03:00,9:33:00,9:46:00,117
04-01-26,Shift A,Air Botswana,BP312,E175,GBE-HRE via LUN,1,8:50:00,9:40:00,8:37:00,9:40:00,8:42:00,9:24:00,,,8:41:00,9:26:00,8:43:00,8:57:00,58
04-01-26,Shift A,Malawian Airlines,ET34,DH8,LLW-HRE via LUN,2,11:45:00,12:20:00,11:40:00,12:19:00,11:44:00,12:12:00,,,11:43:00,12:14:00,11:45:00,11:56:00,98
04-01-26,Shift A,Malawian Airlines,ET35,DH8,HRE-LLW via LUN,3,13:10:00,13:45:00,13:14:00,14:03:00,13:19:00,13:46:00,,,13:18:00,13:48:00,13:20:00,13:26:00,50
04-01-26,Shift A,South African Airways,SA62,A320,JNB-JNB via LUN,4,12:40:00,13:30:00,12:33:00,13:32:00,12:36:00,13:16:00,,,12:35:00,13:18:00,12:37:00,12:47:00,23
04-01-26,Shift A,Air Tanzania,TC212,A220,DAR-HRE via LUN,5,12:20:00,13:10:00,12:34:00,13:31:00,12:40:00,13:16:00,,,12:39:00,13:18:00,12:41:00,12:44:00,175
04-01-26,Shift A,Uganda Airlines,UR722,CRJ900,EBB-HRE via LUN,6,11:45:00,12:30:00,12:01:00,12:35:00,12:05:00,12:19:00,,,12:04:00,12:21:00,12:06:00,12:21:00,141
04-01-26,Shift A,RwandAir,WB112,B737,KGL-HRE via LUN,7,15:00:00,15:50:00,15:14:00,16:06:00,15:20:00,15:58:00,,,15:19:00,16:00:00,15:21:00,15:33:00,173
04-01-26,Shift A,Ethiopian Airways,ET873,A350,ADD-ADD via LUN,1,13:10:00,15:10:00,13:10:00,15:35:00,13:15:00,15:19:00,13:16:00,15:18:00,13:14:00,15:21:00,13:16:00,13:30:00,162
04-01-26,Shift A,Airlink,4Z166,E135,JNB-JNB via LUN,2,9:40:00,10:15:00,9:38:00,10:08:00,9:42:00,9:59:00,,,9:41:00,10:01:00,9:43:00,9:48:00,187
04-01-26,Shift A,Airlink,4Z162,E195,JNB-JNB via LUN,3,13:30:00,14:15:00,13:37:00,14:07:00,13:41:00,14:00:00,,,13:40:00,14:02:00,13:42:00,13:57:00,167
04-01-26,Shift A,Qatar Airways,QR1455,B787,DOH-HRE via LUN,4,7:50:00,9:40:00,7:54:00,9:51:00,7:57:00,9:44:00,7:58:00,9:43:00,7:56:00,9:46:00,7:58:00,8:05:00,126
04-01-26,Shift A,Qatar Airways,QR1456,B787,HRE-DOH via LUN,5,15:00:00,16:30:00,14:56:00,16:30:00,15:01:00,16:14:00,15:02:00,16:13:00,15:00:00,16:16:00,15:02:00,15:16:00,197
04-01-26,Shift A,Turkish Airlines,TK525,B737 Max,IST-IST via LUN,6,1:20:00,2:20:00,1:40:00,2:21:00,1:46:00,2:05:00,,,1:45:00,2:07:00,1:47:00,1:55:00,29
04-01-26,Shift A,Kenya Airways,KQ704,E195,NBO-HRE via LUN,7,17:20:00,18:10:00,17:24:00,18:20:00,17:29:00,18:07:00,,,17:28:00,18:09:00,17:30:00,17:35:00,129
04-01-26,Shift A,Kenya Airways,KQ706,E195,NBO-HRE via LUN,1,9:10:00,10:00:00,9:13:00,10:20:00,9:17:00,10:12:00,,,9:16:00,10:14:00,9:18:00,9:27:00,104
05-01-26,Shift A,Air Botswana,BP312,E175,GBE-HRE via LUN,1,8:50:00,9:40:00,9:08:00,9:56:00,9:12:00,9:46:00,,,9:11:00,9:48:00,9:13:00,9:27:00,34
05-01-26,Shift A,Malawian Airlines,ET34,DH8,LLW-HRE via LUN,2,11:45:00,12:20:00,11:36:00,12:43:00,11:39:00,12:29:00,,,11:38:00,12:31:00,11:40:00,11:55:00,200
05-01-26,Shift A,Malawian Airlines,ET35,DH8,HRE-LLW via LUN,3,13:10:00,13:45:00,13:13:00,14:02:00,13:18:00,13:51:00,,,13:17:00,13:53:00,13:19:00,13:31:00,167
05-01-26,Shift A,South African Airways,SA62,A320,JNB-JNB via LUN,4,12:40:00,13:30:00,12:47:00,13:28:00,12:53:00,13:13:00,,,12:52:00,13:15:00,12:54:00,13:07:00,147
05-01-26,Shift A,Air Tanzania,TC212,A220,DAR-HRE via LUN,5,12:20:00,13:10:00,12:36:00,13:11:00,12:40:00,13:00:00,,,12:39:00,13:02:00,12:41:00,12:49:00,20
05-01-26,Shift A,Uganda Airlines,UR722,CRJ900,EBB-HRE via LUN,6,11:45:00,12:30:00,11:37:00,12:21:00,11:43:00,12:04:00,,,11:42:00,12:06:00,11:44:00,11:48:00,73
05-01-26,Shift A,RwandAir,WB112,B737,KGL-HRE via LUN,7,15:00:00,15:50:00,15:11:00,16:06:00,15:14:00,15:54:00,,,15:13:00,15:56:00,15:15:00,15:26:00,163
05-01-26,Shift A,Ethiopian Airways,ET873,B787,ADD-ADD via LUN,1,13:10:00,15:10:00,13:08:00,15:00:00,13:12:00,14:49:00,13:13:00,14:48:00,13:11:00,14:51:00,13:13:00,13:22:00,37
05-01-26,Shift A,Airlink,4Z166,E135,JNB-JNB via LUN,2,9:40:00,10:15:00,9:44:00,10:24:00,9:49:00,10:17:00,,,9:48:00,10:19:00,9:50:00,9:55:00,195
05-01-26,Shift A,Airlink,4Z162,E195,JNB-JNB via LUN,3,13:30:00,14:15:00,13:36:00,14:26:00,13:42:00,14:10:00,,,13:41:00,14:12:00,13:43:00,13:55:00,27
05-01-26,Shift A,Qatar Airways,QR1455,B787,DOH-HRE via LUN,4,7:50:00,9:40:00,7:46:00,9:42:00,7:51:00,9:30:00,7:52:00,9:29:00,7:50:00,9:32:00,7:52:00,8:06:00,142
05-01-26,Shift A,Qatar Airways,QR1456,B787,HRE-DOH via LUN,5,15:00:00,16:30:00,15:15:00,16:22:00,15:19:00,16:08:00,15:20:00,16:07:00,15:18:00,16:10:00,15:20:00,15:27:00,180
05-01-26,Shift A,Turkish Airlines,TK525,B737 Max,IST-IST via LUN,6,1:20:00,2:20:00,1:34:00,2:44:00,1:39:00,2:30:00,,,1:38:00,2:32:00,1:40:00,1:50:00,34
05-01-26,Shift A,Kenya Airways,KQ704,B737,NBO-HRE via LUN,7,17:20:00,18:10:00,17:25:00,18:35:00,17:28:00,18:25:00,,,17:27:00,18:27:00,17:29:00,17:44:00,195
05-01-26,Shift A,Kenya Airways,KQ706,B737,NBO-HRE via LUN,1,9:10:00,10:00:00,9:17:00,9:54:00,9:21:00,9:43:00,,,9:20:00,9:45:00,9:22:00,9:27:00,106
06-01-26,Shift A,Air Botswana,BP312,E175,GBE-HRE via LUN,1,8:50:00,9:40:00,8:59:00,10:04:00,9:03:00,9:48:00,,,9:02:00,9:50:00,9:04:00,9:18:00,119
06-01-26,Shift A,Malawian Airlines,ET34,DH8,LLW-HRE via LUN,2,11:45:00,12:20:00,11:41:00,12:17:00,11:46:00,12:05:00,,,11:45:00,12:07:00,11:47:00,11:51:00,89
06-01-26,Shift A,Malawian Airlines,ET35,DH8,HRE-LLW via LUN,3,13:10:00,13:45:00,13:21:00,13:40:00,13:27:00,13:30:00,,,13:26:00,13:32:00,13:28:00,13:36:00,135
06-01-26,Shift A,South African Airways,SA62,A320,JNB-JNB via LUN,4,12:40:00,13:30:00,12:44:00,13:33:00,12:49:00,13:24:00,,,12:48:00,13:26:00,12:50:00,12:55:00,115
06-01-26,Shift A,Air Tanzania,TC212,A220,DAR-HRE via LUN,5,12:20:00,13:10:00,12:07:00,13:12:00,12:10:00,12:58:00,,,12:09:00,13:00:00,12:11:00,12:25:00,26
06-01-26,Shift A,Uganda Airlines,UR722,CRJ900,EBB-HRE via LUN,6,11:45:00,12:30:00,12:00:00,12:52:00,12:04:00,12:42:00,,,12:03:00,12:44:00,12:05:00,12:15:00,143
06-01-26,Shift A,RwandAir,WB112,B737,KGL-HRE via LUN,7,15:00:00,15:50:00,15:18:00,15:18:00,15:23:00,15:50:00,,,15:22:00,15:52:00,15:24:00,15:29:00,152
06-01-26,Shift A,Ethiopian Airways,ET873,B787,ADD-ADD via LUN,1,13:10:00,15:10:00,13:03:00,15:13:00,13:06:00,14:59:00,13:07:00,14:58:00,13:05:00,15:01:00,13:07:00,13:19:00,153
06-01-26,Shift A,Airlink,4Z166,E135,JNB-JNB via LUN,2,9:40:00,10:15:00,9:32:00,10:05:00,9:37:00,9:58:00,,,9:36:00,10:00:00,9:38:00,9:52:00,172
06-01-26,Shift A,Airlink,4Z162,E195,JNB-JNB via LUN,3,13:30:00,14:15:00,13:20:00,14:26:00,13:26:00,14:19:00,,,13:25:00,14:21:00,13:27:00,13:31:00,153
06-01-26,Shift A,Qatar Airways,QR1455,B787,DOH-HRE via LUN,4,7:50:00,9:40:00,7:54:00,9:31:00,7:59:00,9:14:00,8:00:00,9:13:00,7:58:00,9:16:00,8:00:00,8:07:00,102
06-01-26,Shift A,Qatar Airways,QR1456,B787,HRE-DOH via LUN,5,15:00:00,16:30:00,14:57:00,16:32:00,15:02:00,16:21:00,15:03:00,16:20:00,15:01:00,16:23:00,15:03:00,15:15:00,101
06-01-26,Shift A,Turkish Airlines,TK525,B737 Max,IST-IST via LUN,6,1:20:00,2:20:00,1:33:00,2:17:00,1:38:00,2:08:00,,,1:37:00,2:10:00,1:39:00,1:45:00,90
06-01-26,Shift A,Kenya Airways,KQ704,E195,NBO-HRE via LUN,7,17:20:00,18:10:00,17:05:00,18:35:00,17:08:00,18:25:00,,,17:07:00,18:27:00,17:09:00,17:23:00,109
06-01-26,Shift A,Kenya Airways,KQ706,B737,NBO-HRE via LUN,1,9:10:00,10:00:00,9:12:00,9:59:00,9:17:00,9:43:00,,,9:16:00,9:45:00,9:18:00,9:25:00,63
07-01-26,Shift A,Air Botswana,BP312,E175,GBE-HRE via LUN,1,8:50:00,9:40:00,8:39:00,9:49:00,8:44:00,9:34:00,,,8:43:00,9:36:00,8:45:00,8:56:00,32
07-01-26,Shift A,Malawian Airlines,ET34,DH8,LLW-HRE via LUN,2,11:45:00,12:20:00,11:38:00,12:11:00,11:44:00,11:54:00,,,11:43:00,11:56:00,11:45:00,11:48:00,47
07-01-26,Shift A,Malawian Airlines,ET35,DH8,HRE-LLW via LUN,3,13:10:00,13:45:00,13:19:00,13:38:00,13:22:00,13:25:00,,,13:21:00,13:27:00,13:23:00,13:35:00,65
07-01-26,Shift A,South African Airways,SA62,A320,JNB-JNB via LUN,4,12:40:00,13:30:00,12:53:00,13:42:00,12:58:00,13:30:00,,,12:57:00,13:32:00,12:59:00,13:06:00,191
07-01-26,Shift A,Air Tanzania,TC212,A220,DAR-HRE via LUN,5,12:20:00,13:10:00,12:39:00,12:39:00,12:45:00,12:49:00,,,12:44:00,12:51:00,12:46:00,12:51:00,43
07-01-26,Shift A,Uganda Airlines,UR722,CRJ900,EBB-HRE via LUN,6,11:45:00,12:30:00,11:59:00,12:26:00,12:05:00,12:15:00,,,12:04:00,12:17:00,12:06:00,12:19:00,184
07-01-26,Shift A,RwandAir,WB112,B737,KGL-HRE via LUN,7,15:00:00,15:50:00,15:14:00,16:10:00,15:18:00,16:00:00,,,15:17:00,16:02:00,15:19:00,15:26:00,177
07-01-26,Shift A,Ethiopian Airways,ET873,B777,ADD-ADD via LUN,1,13:10:00,15:10:00,13:18:00,15:25:00,13:22:00,15:08:00,13:23:00,15:07:00,13:21:00,15:10:00,13:23:00,13:33:00,103
07-01-26,Shift A,Airlink,4Z166,E135,JNB-JNB via LUN,2,9:40:00,10:15:00,9:54:00,10:36:00,9:57:00,10:28:00,,,9:56:00,10:30:00,9:58:00,10:11:00,48
07-01-26,Shift A,Airlink,4Z162,E195,JNB-JNB via LUN,3,13:30:00,14:15:00,13:37:00,14:35:00,13:43:00,14:26:00,,,13:42:00,14:28:00,13:44:00,13:51:00,109
07-01-26,Shift A,Qatar Airways,QR1455,B787,DOH-HRE via LUN,4,7:50:00,9:40:00,7:43:00,10:02:00,7:46:00,9:49:00,7:47:00,9:48:00,7:45:00,9:51:00,7:47:00,7:54:00,103
07-01-26,Shift A,Qatar Airways,QR1456,B787,HRE-DOH via LUN,5,15:00:00,16:30:00,15:20:00,16:24:00,15:25:00,16:09:00,15:26:00,16:08:00,15:24:00,16:11:00,15:26:00,15:37:00,122
07-01-26,Shift A,Turkish Airlines,TK525,B737 Max,IST-IST via LUN,6,1:20:00,2:20:00,1:31:00,2:25:00,1:35:00,2:10:00,,,1:34:00,2:12:00,1:36:00,1:43:00,143
07-01-26,Shift A,Kenya Airways,KQ704,B737,NBO-HRE via LUN,7,17:20:00,18:10:00,17:09:00,18:21:00,17:13:00,18:05:00,,,17:12:00,18:07:00,17:14:00,17:25:00,131
07-01-26,Shift A,Kenya Airways,KQ706,B737,NBO-HRE via LUN,1,9:10:00,10:00:00,9:29:00,10:05:00,9:33:00,9:48:00,,,9:32:00,9:50:00,9:34:00,9:49:00,39
08-01-26,Shift B,Air Botswana,BP312,E175,GBE-HRE via LUN,8,8:50:00,9:40:00,9:06:00,9:37:00,9:12:00,9:25:00,,,9:11:00,9:27:00,9:13:00,9:24:00,44
08-01-26,Shift B,Malawian Airlines,ET34,DH8,LLW-HRE via LUN,9,11:45:00,12:20:00,11:58:00,12:21:00,12:03:00,12:08:00,,,12:02:00,12:10:00,12:04:00,12:09:00,173
08-01-26,Shift B,Malawian Airlines,ET35,DH8,HRE-LLW via LUN,10,13:10:00,13:45:00,13:01:00,13:59:00,13:06:00,13:45:00,,,13:05:00,13:47:00,13:07:00,13:21:00,189
08-01-26,Shift B,South African Airways,SA62,A320,JNB-JNB via LUN,12,12:40:00,13:30:00,12:28:00,13:25:00,12:32:00,13:16:00,,,12:31:00,13:18:00,12:33:00,12:47:00,182
08-01-26,Shift B,Air Tanzania,TC212,A220,DAR-HRE via LUN,13,12:20:00,13:10:00,12:05:00,13:09:00,12:09:00,12:55:00,,,12:08:00,12:57:00,12:10:00,12:23:00,94
08-01-26,Shift B,Uganda Airlines,UR722,CRJ900,EBB-HRE via LUN,14,11:45:00,12:30:00,11:54:00,12:48:00,11:58:00,12:38:00,,,11:57:00,12:40:00,11:59:00,12:14:00,101
08-01-26,Shift B,RwandAir,WB112,B737,KGL-HRE via LUN,8,15:00:00,15:50:00,15:04:00,15:59:00,15:10:00,15:47:00,,,15:09:00,15:49:00,15:11:00,15:15:00,169
08-01-26,Shift B,Ethiopian Airways,ET873,A350,ADD-ADD via LUN,9,13:10:00,15:10:00,13:27:00,15:25:00,13:31:00,15:14:00,13:32:00,15:13:00,13:30:00,15:16:00,13:32:00,13:37:00,114
08-01-26,Shift B,Airlink,4Z166,E135,JNB-JNB via LUN,10,9:40:00,10:15:00,10:00:00,10:08:00,10:03:00,9:53:00,,,10:02:00,9:55:00,10:04:00,10:15:00,48
08-01-26,Shift B,Airlink,4Z162,E195,JNB-JNB via LUN,12,13:30:00,14:15:00,13:33:00,14:06:00,13:37:00,13:53:00,,,13:36:00,13:55:00,13:38:00,13:52:00,120
08-01-26,Shift B,Qatar Airways,QR1455,B787,DOH-HRE via LUN,13,7:50:00,9:40:00,7:55:00,9:54:00,8:01:00,9:41:00,8:02:00,9:40:00,8:00:00,9:43:00,8:02:00,8:11:00,159
08-01-26,Shift B,Qatar Airways,QR1456,B787,HRE-DOH via LUN,14,15:00:00,16:30:00,14:58:00,16:31:00,15:04:00,16:22:00,15:05:00,16:21:00,15:03:00,16:24:00,15:05:00,15:11:00,162
08-01-26,Shift B,Turkish Airlines,TK525,B737 Max,IST-IST via LUN,8,1:20:00,2:20:00,1:29:00,2:33:00,1:35:00,2:24:00,,,1:34:00,2:26:00,1:36:00,1:43:00,191
08-01-26,Shift B,Kenya Airways,KQ704,E195,NBO-HRE via LUN,9,17:20:00,18:10:00,17:13:00,18:00:00,17:16:00,17:43:00,,,17:15:00,17:45:00,17:17:00,17:23:00,56
08-01-26,Shift B,Kenya Airways,KQ706,B737,NBO-HRE via LUN,10,9:10:00,10:00:00,9:22:00,9:58:00,9:25:00,9:49:00,,,9:24:00,9:51:00,9:26:00,9:42:00,126
09-01-26,Shift B,Air Botswana,BP312,E175,GBE-HRE via LUN,8,8:50:00,9:40:00,9:04:00,9:57:00,9:08:00,9:43:00,,,9:07:00,9:45:00,9:09:00,9:22:00,128
09-01-26,Shift B,Malawian Airlines,ET34,DH8,LLW-HRE via LUN,9,11:45:00,12:20:00,12:05:00,12:38:00,12:11:00,12:26:00,,,12:10:00,12:28:00,12:12:00,12:18:00,67
09-01-26,Shift B,Malawian Airlines,ET35,DH8,HRE-LLW via LUN,10,13:10:00,13:45:00,13:22:00,13:35:00,13:28:00,13:25:00,,,13:27:00,13:27:00,13:29:00,13:40:00,88
09-01-26,Shift B,South African Airways,SA62,A320,JNB-JNB via LUN,12,12:40:00,13:30:00,12:51:00,13:54:00,12:56:00,13:47:00,,,12:55:00,13:49:00,12:57:00,13:01:00,165
09-01-26,Shift B,Air Tanzania,TC212,A220,DAR-HRE via LUN,13,12:20:00,13:10:00,12:35:00,13:23:00,12:38:00,13:07:00,,,12:37:00,13:09:00,12:39:00,12:52:00,196
09-01-26,Shift B,Uganda Airlines,UR722,CRJ900,EBB-HRE via LUN,14,11:45:00,12:30:00,11:35:00,12:29:00,11:40:00,12:15:00,,,11:39:00,12:17:00,11:41:00,11:53:00,40
09-01-26,Shift B,RwandAir,WB112,B737,KGL-HRE via LUN,8,15:00:00,15:50:00,15:18:00,15:18:00,15:22:00,15:31:00,,,15:21:00,15:33:00,15:23:00,15:38:00,189
09-01-26,Shift B,Ethiopian Airways,ET873,B787,ADD-ADD via LUN,9,13:10:00,15:10:00,12:59:00,15:34:00,13:04:00,15:18:00,13:05:00,15:17:00,13:03:00,15:20:00,13:05:00,13:09:00,107
09-01-26,Shift B,Airlink,4Z166,E135,JNB-JNB via LUN,10,9:40:00,10:15:00,9:59:00,10:05:00,10:05:00,9:51:00,,,10:04:00,9:53:00,10:06:00,10:17:00,140
09-01-26,Shift B,Airlink,4Z162,E195,JNB-JNB via LUN,12,13:30:00,14:15:00,13:36:00,14:31:00,13:41:00,14:20:00,,,13:40:00,14:22:00,13:42:00,13:50:00,62
09-01-26,Shift B,Qatar Airways,QR1455,B787,DOH-HRE via LUN,13,7:50:00,9:40:00,7:37:00,7:37:00,7:42:00,9:42:00,7:43:00,9:41:00,7:41:00,9:44:00,7:43:00,7:57:00,141
09-01-26,Shift B,Qatar Airways,QR1456,B787,HRE-DOH via LUN,14,15:00:00,16:30:00,14:55:00,16:23:00,15:00:00,16:07:00,15:01:00,16:06:00,14:59:00,16:09:00,15:01:00,15:05:00,93
09-01-26,Shift B,Turkish Airlines,TK525,B737 Max,IST-IST via LUN,8,1:20:00,2:20:00,1:36:00,2:15:00,1:40:00,2:00:00,,,1:39:00,2:02:00,1:41:00,1:47:00,91
09-01-26,Shift B,Kenya Airways,KQ704,B737,NBO-HRE via LUN,9,17:20:00,18:10:00,17:13:00,18:17:00,17:18:00,18:06:00,,,17:17:00,18:08:00,17:19:00,17:23:00,48
09-01-26,Shift B,Kenya Airways,KQ706,E195,NBO-HRE via LUN,10,9:10:00,10:00:00,9:04:00,10:18:00,9:09:00,10:09:00,,,9:08:00,10:11:00,9:10:00,9:18:00,199
10-01-26,Shift B,Air Botswana,BP312,E175,GBE-HRE via LUN,8,8:50:00,9:40:00,8:50:00,10:01:00,8:54:00,9:46:00,,,8:53:00,9:48:00,8:55:00,9:00:00,107
10-01-26,Shift B,Malawian Airlines,ET34,DH8,LLW-HRE via LUN,9,11:45:00,12:20:00,11:35:00,12:19:00,11:39:00,12:05:00,,,11:38:00,12:07:00,11:40:00,11:51:00,118
10-01-26,Shift B,Malawian Airlines,ET35,DH8,HRE-LLW via LUN,10,13:10:00,13:45:00,13:10:00,14:03:00,13:14:00,13:53:00,,,13:13:00,13:55:00,13:15:00,13:29:00,108
10-01-26,Shift B,South African Airways,SA62,A320,JNB-JNB via LUN,12,12:40:00,13:30:00,12:28:00,13:36:00,12:31:00,13:29:00,,,12:30:00,13:31:00,12:32:00,12:40:00,138
10-01-26,Shift B,Air Tanzania,TC212,A220,DAR-HRE via LUN,13,12:20:00,13:10:00,12:30:00,13:30:00,12:35:00,13:16:00,,,12:34:00,13:18:00,12:36:00,12:48:00,79
10-01-26,Shift B,Uganda Airlines,UR722,CRJ900,EBB-HRE via LUN,14,11:45:00,12:30:00,11:54:00,12:44:00,12:00:00,12:33:00,,,11:59:00,12:35:00,12:01:00,12:06:00,155
10-01-26,Shift B,RwandAir,WB112,B737,KGL-HRE via LUN,8,15:00:00,15:50:00,15:12:00,15:40:00,15:17:00,15:26:00,,,15:16:00,15:28:00,15:18:00,15:28:00,193
10-01-26,Shift B,Ethiopian Airways,ET873,B777,ADD-ADD via LUN,9,13:10:00,15:10:00,13:28:00,15:02:00,13:31:00,14:47:00,13:32:00,14:46:00,13:30:00,14:49:00,13:32:00,13:48:00,110
10-01-26,Shift B,Airlink,4Z166,E135,JNB-JNB via LUN,10,9:40:00,10:15:00,9:52:00,10:22:00,9:57:00,10:11:00,,,9:56:00,10:13:00,9:58:00,10:06:00,45
10-01-26,Shift B,Airlink,4Z162,E195,JNB-JNB via LUN,12,13:30:00,14:15:00,13:31:00,14:30:00,13:37:00,14:13:00,,,13:36:00,14:15:00,13:38:00,13:44:00,192
10-01-26,Shift B,Qatar Airways,QR1455,B787,DOH-HRE via LUN,13,7:50:00,9:40:00,7:47:00,10:03:00,7:52:00,9:46:00,7:53:00,9:45:00,7:51:00,9:48:00,7:53:00,7:59:00,100
10-01-26,Shift B,Qatar Airways,QR1456,B787,HRE-DOH via LUN,14,15:00:00,16:30:00,15:20:00,16:20:00,15:23:00,16:12:00,15:24:00,16:11:00,15:22:00,16:14:00,15:24:00,15:30:00,125
10-01-26,Shift B,Turkish Airlines,TK525,B737 Max,IST-IST via LUN,8,1:20:00,2:20:00,1:11:00,2:43:00,1:14:00,2:26:00,,,1:13:00,2:28:00,1:15:00,1:28:00,109
10-01-26,Shift B,Kenya Airways,KQ704,E195,NBO-HRE via LUN,9,17:20:00,18:10:00,17:23:00,18:16:00,17:27:00,18:09:00,,,17:26:00,18:11:00,17:28:00,17:33:00,178
10-01-26,Shift B,Kenya Airways,KQ706,E195,NBO-HRE via LUN,10,9:10:00,10:00:00,8:58:00,10:03:00,9:01:00,9:55:00,,,9:00:00,9:57:00,9:02:00,9:09:00,174
11-01-26,Shift B,Air Botswana,BP312,E175,GBE-HRE via LUN,8,8:50:00,9:40:00,8:43:00,9:54:00,8:47:00,9:46:00,,,8:46:00,9:48:00,8:48:00,8:55:00,84
11-01-26,Shift B,Malawian Airlines,ET34,DH8,LLW-HRE via LUN,9,11:45:00,12:20:00,11:48:00,12:39:00,11:51:00,12:22:00,,,11:50:00,12:24:00,11:52:00,12:05:00,90
11-01-26,Shift B,Malawian Airlines,ET35,DH8,HRE-LLW via LUN,10,13:10:00,13:45:00,13:22:00,13:55:00,13:27:00,13:46:00,,,13:26:00,13:48:00,13:28:00,13:33:00,90
11-01-26,Shift B,South African Airways,SA62,A320,JNB-JNB via LUN,12,12:40:00,13:30:00,12:28:00,13:44:00,12:34:00,13:32:00,,,12:33:00,13:34:00,12:35:00,12:38:00,86
11-01-26,Shift B,Air Tanzania,TC212,A220,DAR-HRE via LUN,13,12:20:00,13:10:00,12:21:00,13:11:00,12:27:00,13:03:00,,,12:26:00,13:05:00,12:28:00,12:38:00,71
11-01-26,Shift B,Uganda Airlines,UR722,CRJ900,EBB-HRE via LUN,14,11:45:00,12:30:00,11:55:00,12:31:00,12:01:00,12:23:00,,,12:00:00,12:25:00,12:02:00,12:07:00,158
11-01-26,Shift B,RwandAir,WB112,B737,KGL-HRE via LUN,8,15:00:00,15:50:00,15:12:00,15:53:00,15:15:00,15:39:00,,,15:14:00,15:41:00,15:16:00,15:26:00,46
11-01-26,Shift B,Ethiopian Airways,ET873,A350,ADD-ADD via LUN,9,13:10:00,15:10:00,12:59:00,15:04:00,13:04:00,14:50:00,13:05:00,14:49:00,13:03:00,14:52:00,13:05:00,13:09:00,147
11-01-26,Shift B,Airlink,4Z166,E135,JNB-JNB via LUN,10,9:40:00,10:15:00,9:34:00,10:05:00,9:37:00,9:48:00,,,9:36:00,9:50:00,9:38:00,9:50:00,88
11-01-26,Shift B,Airlink,4Z162,E195,JNB-JNB via LUN,12,13:30:00,14:15:00,13:24:00,14:26:00,13:30:00,14:10:00,,,13:29:00,14:12:00,13:31:00,13:34:00,151
11-01-26,Shift B,Qatar Airways,QR1455,B787,DOH-HRE via LUN,13,7:50:00,9:40:00,8:06:00,10:00:00,8:12:00,9:47:00,8:13:00,9:46:00,8:11:00,9:49:00,8:13:00,8:17:00,158
11-01-26,Shift B,Qatar Airways,QR1456,B787,HRE-DOH via LUN,14,15:00:00,16:30:00,14:59:00,16:20:00,15:05:00,16:06:00,15:06:00,16:05:00,15:04:00,16:08:00,15:06:00,15:10:00,165
11-01-26,Shift B,Turkish Airlines,TK525,B737 Max,IST-IST via LUN,8,1:20:00,2:20:00,1:39:00,2:32:00,1:44:00,2:15:00,,,1:43:00,2:17:00,1:45:00,1:53:00,122
11-01-26,Shift B,Kenya Airways,KQ704,E195,NBO-HRE via LUN,9,17:20:00,18:10:00,17:10:00,18:23:00,17:15:00,18:15:00,,,17:14:00,18:17:00,17:16:00,17:27:00,94
11-01-26,Shift B,Kenya Airways,KQ706,E195,NBO-HRE via LUN,10,9:10:00,10:00:00,9:06:00,10:25:00,9:09:00,10:12:00,,,9:08:00,10:14:00,9:10:00,9:26:00,68
12-01-26,Shift A,Air Botswana,BP312,E175,GBE-HRE via LUN,1,8:50:00,9:40:00,8:54:00,9:54:00,8:57:00,9:37:00,,,8:56:00,9:39:00,8:58:00,9:09:00,144
12-01-26,Shift A,Malawian Airlines,ET34,DH8,LLW-HRE via LUN,2,11:45:00,12:20:00,11:35:00,12:38:00,11:39:00,12:29:00,,,11:38:00,12:31:00,11:40:00,11:45:00,69
12-01-26,Shift A,Malawian Airlines,ET35,DH8,HRE-LLW via LUN,3,13:10:00,13:45:00,12:56:00,12:56:00,13:02:00,13:37:00,,,13:01:00,13:39:00,13:03:00,13:07:00,158
12-01-26,Shift A,South African Airways,SA62,A320,JNB-JNB via LUN,4,12:40:00,13:30:00,12:44:00,13:51:00,12:50:00,13:44:00,,,12:49:00,13:46:00,12:51:00,12:54:00,106
12-01-26,Shift A,Air Tanzania,TC212,A220,DAR-HRE via LUN,5,12:20:00,13:10:00,12:08:00,13:21:00,12:11:00,13:08:00,,,12:10:00,13:10:00,12:12:00,12:19:00,74
12-01-26,Shift A,Uganda Airlines,UR722,CRJ900,EBB-HRE via LUN,6,11:45:00,12:30:00,12:03:00,12:49:00,12:07:00,12:33:00,,,12:06:00,12:35:00,12:08:00,12:16:00,38
12-01-26,Shift A,RwandAir,WB112,B737,KGL-HRE via LUN,7,15:00:00,15:50:00,14:47:00,15:49:00,14:53:00,15:32:00,,,14:52:00,15:34:00,14:54:00,14:57:00,140
12-01-26,Shift A,Ethiopian Airways,ET873,B787,ADD-ADD via LUN,1,13:10:00,15:10:00,12:57:00,15:15:00,13:01:00,15:08:00,13:02:00,15:07:00,13:00:00,15:10:00,13:02:00,13:09:00,181
12-01-26,Shift A,Airlink,4Z166,E135,JNB-JNB via LUN,2,9:40:00,10:15:00,9:28:00,10:24:00,9:31:00,10:10:00,,,9:30:00,10:12:00,9:32:00,9:47:00,63
12-01-26,Shift A,Airlink,4Z162,E195,JNB-JNB via LUN,3,13:30:00,14:15:00,13:19:00,14:11:00,13:22:00,13:57:00,,,13:21:00,13:59:00,13:23:00,13:38:00,177
12-01-26,Shift A,Qatar Airways,QR1455,B787,DOH-HRE via LUN,4,7:50:00,9:40:00,7:49:00,9:34:00,7:53:00,9:21:00,7:54:00,9:20:00,7:52:00,9:23:00,7:54:00,8:04:00,193
12-01-26,Shift A,Qatar Airways,QR1456,B787,HRE-DOH via LUN,5,15:00:00,16:30:00,15:10:00,16:40:00,15:13:00,16:23:00,15:14:00,16:22:00,15:12:00,16:25:00,15:14:00,15:29:00,159
12-01-26,Shift A,Turkish Airlines,TK525,B737 Max,IST-IST via LUN,6,1:20:00,2:20:00,1:13:00,2:30:00,1:17:00,2:23:00,,,1:16:00,2:25:00,1:18:00,1:32:00,64
12-01-26,Shift A,Kenya Airways,KQ704,B737,NBO-HRE via LUN,7,17:20:00,18:10:00,17:09:00,18:07:00,17:14:00,17:58:00,,,17:13:00,18:00:00,17:15:00,17:25:00,63
12-01-26,Shift A,Kenya Airways,KQ706,B737,NBO-HRE via LUN,1,9:10:00,10:00:00,9:30:00,10:00:00,9:36:00,9:50:00,,,9:35:00,9:52:00,9:37:00,9:49:00,30
13-01-26,Shift A,Air Botswana,BP312,E175,GBE-HRE via LUN,1,8:50:00,9:40:00,8:43:00,9:36:00,8:49:00,9:27:00,,,8:48:00,9:29:00,8:50:00,8:53:00,144
13-01-26,Shift A,Malawian Airlines,ET34,DH8,LLW-HRE via LUN,2,11:45:00,12:20:00,11:35:00,12:10:00,11:38:00,12:01:00,,,11:37:00,12:03:00,11:39:00,11:46:00,200
13-01-26,Shift A,Malawian Airlines,ET35,DH8,HRE-LLW via LUN,3,13:10:00,13:45:00,13:13:00,14:01:00,13:19:00,13:52:00,,,13:18:00,13:54:00,13:20:00,13:26:00,56
13-01-26,Shift A,South African Airways,SA62,A320,JNB-JNB via LUN,4,12:40:00,13:30:00,12:42:00,13:53:00,12:48:00,13:40:00,,,12:47:00,13:42:00,12:49:00,12:55:00,64
13-01-26,Shift A,Air Tanzania,TC212,A220,DAR-HRE via LUN,5,12:20:00,13:10:00,12:07:00,13:11:00,12:13:00,12:55:00,,,12:12:00,12:57:00,12:14:00,12:18:00,180
13-01-26,Shift A,Uganda Airlines,UR722,CRJ900,EBB-HRE via LUN,6,11:45:00,12:30:00,11:49:00,12:42:00,11:55:00,12:35:00,,,11:54:00,12:37:00,11:56:00,12:07:00,80
13-01-26,Shift A,RwandAir,WB112,B737,KGL-HRE via LUN,7,15:00:00,15:50:00,14:57:00,15:47:00,15:00:00,15:31:00,,,14:59:00,15:33:00,15:01:00,15:12:00,158
13-01-26,Shift A,Ethiopian Airways,ET873,B787,ADD-ADD via LUN,1,13:10:00,15:10:00,13:09:00,15:29:00,13:13:00,15:18:00,13:14:00,15:17:00,13:12:00,15:20:00,13:14:00,13:19:00,69
13-01-26,Shift A,Airlink,4Z166,E135,JNB-JNB via LUN,2,9:40:00,10:15:00,9:32:00,10:14:00,9:38:00,10:00:00,,,9:37:00,10:02:00,9:39:00,9:44:00,60
13-01-26,Shift A,Airlink,4Z162,E195,JNB-JNB via LUN,3,13:30:00,14:15:00,13:17:00,14:08:00,13:22:00,13:57:00,,,13:21:00,13:59:00,13:23:00,13:30:00,131
13-01-26,Shift A,Qatar Airways,QR1455,B787,DOH-HRE via LUN,4,7:50:00,9:40:00,7:51:00,9:51:00,7:57:00,9:44:00,7:58:00,9:43:00,7:56:00,9:46:00,7:58:00,8:02:00,33
13-01-26,Shift A,Qatar Airways,QR1456,B787,HRE-DOH via LUN,5,15:00:00,16:30:00,15:19:00,16:31:00,15:23:00,16:24:00,15:24:00,16:23:00,15:22:00,16:26:00,15:24:00,15:36:00,151
13-01-26,Shift A,Turkish Airlines,TK525,B737 Max,IST-IST via LUN,6,1:20:00,2:20:00,1:12:00,2:14:00,1:16:00,2:00:00,,,1:15:00,2:02:00,1:17:00,1:31:00,168
13-01-26,Shift A,Kenya Airways,KQ704,B737,NBO-HRE via LUN,7,17:20:00,18:10:00,17:31:00,18:12:00,17:36:00,18:02:00,,,17:35:00,18:04:00,17:37:00,17:42:00,103
13-01-26,Shift A,Kenya Airways,KQ706,E195,NBO-HRE via LUN,1,9:10:00,10:00:00,9:01:00,10:05:00,9:07:00,9:55:00,,,9:06:00,9:57:00,9:08:00,9:17:00,76
14-01-26,Shift A,Air Botswana,BP312,E175,GBE-HRE via LUN,1,8:50:00,9:40:00,8:39:00,10:00:00,8:45:00,9:53:00,,,8:44:00,9:55:00,8:46:00,8:55:00,57
14-01-26,Shift A,Malawian Airlines,ET34,DH8,LLW-HRE via LUN,2,11:45:00,12:20:00,11:43:00,12:39:00,11:47:00,12:26:00,,,11:46:00,12:28:00,11:48:00,11:58:00,54
14-01-26,Shift A,Malawian Airlines,ET35,DH8,HRE-LLW via LUN,3,13:10:00,13:45:00,13:24:00,13:47:00,13:29:00,13:36:00,,,13:28:00,13:38:00,13:30:00,13:37:00,105
14-01-26,Shift A,South African Airways,SA62,A320,JNB-JNB via LUN,4,12:40:00,13:30:00,12:33:00,13:22:00,12:36:00,13:11:00,,,12:35:00,13:13:00,12:37:00,12:45:00,48
14-01-26,Shift A,Air Tanzania,TC212,A220,DAR-HRE via LUN,5,12:20:00,13:10:00,12:34:00,12:34:00,12:40:00,13:20:00,,,12:39:00,13:22:00,12:41:00,12:49:00,76
14-01-26,Shift A,Uganda Airlines,UR722,CRJ900,EBB-HRE via LUN,6,11:45:00,12:30:00,11:48:00,12:30:00,11:52:00,12:14:00,,,11:51:00,12:16:00,11:53:00,12:06:00,78
14-01-26,Shift A,RwandAir,WB112,B737,KGL-HRE via LUN,7,15:00:00,15:50:00,14:50:00,16:06:00,14:56:00,15:56:00,,,14:55:00,15:58:00,14:57:00,15:09:00,141
14-01-26,Shift A,Ethiopian Airways,ET873,B777,ADD-ADD via LUN,1,13:10:00,15:10:00,13:12:00,15:00:00,13:18:00,14:50:00,13:19:00,14:49:00,13:17:00,14:52:00,13:19:00,13:25:00,103
14-01-26,Shift A,Airlink,4Z166,E135,JNB-JNB via LUN,2,9:40:00,10:15:00,9:52:00,10:19:00,9:56:00,10:03:00,,,9:55:00,10:05:00,9:57:00,10:02:00,126
14-01-26,Shift A,Airlink,4Z162,E195,JNB-JNB via LUN,3,13:30:00,14:15:00,13:17:00,14:07:00,13:23:00,13:52:00,,,13:22:00,13:54:00,13:24:00,13:27:00,128
14-01-26,Shift A,Qatar Airways,QR1455,B787,DOH-HRE via LUN,4,7:50:00,9:40:00,8:08:00,9:55:00,8:14:00,9:47:00,8:15:00,9:46:00,8:13:00,9:49:00,8:15:00,8:25:00,146
14-01-26,Shift A,Qatar Airways,QR1456,B787,HRE-DOH via LUN,5,15:00:00,16:30:00,15:00:00,16:25:00,15:03:00,16:12:00,15:04:00,16:11:00,15:02:00,16:14:00,15:04:00,15:13:00,53
14-01-26,Shift A,Turkish Airlines,TK525,B737 Max,IST-IST via LUN,6,1:20:00,2:20:00,1:27:00,2:28:00,1:31:00,2:11:00,,,1:30:00,2:13:00,1:32:00,1:38:00,24
14-01-26,Shift A,Kenya Airways,KQ704,B737,NBO-HRE via LUN,7,17:20:00,18:10:00,17:24:00,18:10:00,17:30:00,17:54:00,,,17:29:00,17:56:00,17:31:00,17:43:00,26
14-01-26,Shift A,Kenya Airways,KQ706,B737,NBO-HRE via LUN,1,9:10:00,10:00:00,9:24:00,9:58:00,9:30:00,9:49:00,,,9:29:00,9:51:00,9:31:00,9:39:00,180
15-01-26,Shift A,Air Botswana,BP312,E175,GBE-HRE via LUN,1,8:50:00,9:40:00,9:04:00,9:30:00,9:07:00,9:17:00,,,9:06:00,9:19:00,9:08:00,9:19:00,155
15-01-26,Shift A,Malawian Airlines,ET34,DH8,LLW-HRE via LUN,2,11:45:00,12:20:00,11:32:00,12:28:00,11:38:00,12:17:00,,,11:37:00,12:19:00,11:39:00,11:51:00,158
15-01-26,Shift A,Malawian Airlines,ET35,DH8,HRE-LLW via LUN,3,13:10:00,13:45:00,13:08:00,13:40:00,13:13:00,13:33:00,,,13:12:00,13:35:00,13:14:00,13:26:00,192
15-01-26,Shift A,South African Airways,SA62,A320,JNB-JNB via LUN,4,12:40:00,13:30:00,12:48:00,13:23:00,12:51:00,13:10:00,,,12:50:00,13:12:00,12:52:00,13:03:00,139
15-01-26,Shift A,Air Tanzania,TC212,A220,DAR-HRE via LUN,5,12:20:00,13:10:00,12:07:00,13:23:00,12:12:00,13:14:00,,,12:11:00,13:16:00,12:13:00,12:27:00,163
15-01-26,Shift A,Uganda Airlines,UR722,CRJ900,EBB-HRE via LUN,6,11:45:00,12:30:00,11:34:00,12:55:00,11:38:00,12:46:00,,,11:37:00,12:48:00,11:39:00,11:49:00,81
15-01-26,Shift A,RwandAir,WB112,B737,KGL-HRE via LUN,7,15:00:00,15:50:00,15:19:00,15:47:00,15:25:00,15:31:00,,,15:24:00,15:33:00,15:26:00,15:32:00,77
15-01-26,Shift A,Ethiopian Airways,ET873,B777,ADD-ADD via LUN,1,13:10:00,15:10:00,13:17:00,15:17:00,13:23:00,15:06:00,13:24:00,15:05:00,13:22:00,15:08:00,13:24:00,13:27:00,36
15-01-26,Shift A,Airlink,4Z166,E135,JNB-JNB via LUN,2,9:40:00,10:15:00,9:48:00,10:27:00,9:54:00,10:13:00,,,9:53:00,10:15:00,9:55:00,10:06:00,154
15-01-26,Shift A,Airlink,4Z162,E195,JNB-JNB via LUN,3,13:30:00,14:15:00,13:22:00,14:35:00,13:27:00,14:21:00,,,13:26:00,14:23:00,13:28:00,13:41:00,114
15-01-26,Shift A,Qatar Airways,QR1455,B787,DOH-HRE via LUN,4,7:50:00,9:40:00,7:39:00,9:42:00,7:45:00,9:34:00,7:46:00,9:33:00,7:44:00,9:36:00,7:46:00,7:50:00,120
15-01-26,Shift A,Qatar Airways,QR1456,B787,HRE-DOH via LUN,5,15:00:00,16:30:00,14:56:00,16:38:00,14:59:00,16:30:00,15:00:00,16:29:00,14:58:00,16:32:00,15:00:00,15:08:00,90
15-01-26,Shift A,Turkish Airlines,TK525,B737 Max,IST-IST via LUN,6,1:20:00,2:20:00,1:12:00,2:19:00,1:18:00,2:10:00,,,1:17:00,2:12:00,1:19:00,1:25:00,153
15-01-26,Shift A,Kenya Airways,KQ704,E195,NBO-HRE via LUN,7,17:20:00,18:10:00,17:23:00,18:26:00,17:27:00,18:12:00,,,17:26:00,18:14:00,17:28:00,17:38:00,127
15-01-26,Shift A,Kenya Airways,KQ706,B737,NBO-HRE via LUN,1,9:10:00,10:00:00,8:56:00,10:08:00,9:00:00,10:00:00,,,8:59:00,10:02:00,9:01:00,9:06:00,79
16-01-26,Shift B,Air Botswana,BP312,E175,GBE-HRE via LUN,8,8:50:00,9:40:00,9:08:00,9:51:00,9:14:00,9:35:00,,,9:13:00,9:37:00,9:15:00,9:23:00,187
16-01-26,Shift B,Malawian Airlines,ET34,DH8,LLW-HRE via LUN,9,11:45:00,12:20:00,11:50:00,12:41:00,11:56:00,12:27:00,,,11:55:00,12:29:00,11:57:00,12:04:00,165
16-01-26,Shift B,Malawian Airlines,ET35,DH8,HRE-LLW via LUN,10,13:10:00,13:45:00,13:03:00,13:54:00,13:07:00,13:43:00,,,13:06:00,13:45:00,13:08:00,13:16:00,143
16-01-26,Shift B,South African Airways,SA62,A320,JNB-JNB via LUN,12,12:40:00,13:30:00,12:48:00,13:38:00,12:51:00,13:29:00,,,12:50:00,13:31:00,12:52:00,13:03:00,92
16-01-26,Shift B,Air Tanzania,TC212,A220,DAR-HRE via LUN,13,12:20:00,13:10:00,12:34:00,13:10:00,12:38:00,12:55:00,,,12:37:00,12:57:00,12:39:00,12:48:00,66
16-01-26,Shift B,Uganda Airlines,UR722,CRJ900,EBB-HRE via LUN,14,11:45:00,12:30:00,11:41:00,12:29:00,11:45:00,12:19:00,,,11:44:00,12:21:00,11:46:00,11:52:00,30
16-01-26,Shift B,RwandAir,WB112,B737,KGL-HRE via LUN,8,15:00:00,15:50:00,15:05:00,15:48:00,15:11:00,15:37:00,,,15:10:00,15:39:00,15:12:00,15:20:00,67
16-01-26,Shift B,Ethiopian Airways,ET873,A350,ADD-ADD via LUN,9,13:10:00,15:10:00,13:30:00,15:02:00,13:35:00,14:50:00,13:36:00,14:49:00,13:34:00,14:52:00,13:36:00,13:42:00,115
16-01-26,Shift B,Airlink,4Z166,E135,JNB-JNB via LUN,10,9:40:00,10:15:00,9:53:00,9:53:00,9:57:00,10:24:00,,,9:56:00,10:26:00,9:58:00,10:07:00,51
16-01-26,Shift B,Airlink,4Z162,E195,JNB-JNB via LUN,12,13:30:00,14:15:00,13:16:00,14:30:00,13:22:00,14:21:00,,,13:21:00,14:23:00,13:23:00,13:33:00,101
16-01-26,Shift B,Qatar Airways,QR1455,B787,DOH-HRE via LUN,13,7:50:00,9:40:00,7:44:00,9:30:00,7:49:00,9:13:00,7:50:00,9:12:00,7:48:00,9:15:00,7:50:00,7:58:00,141
16-01-26,Shift B,Qatar Airways,QR1456,B787,HRE-DOH via LUN,14,15:00:00,16:30:00,15:03:00,16:29:00,15:09:00,16:17:00,15:10:00,16:16:00,15:08:00,16:19:00,15:10:00,15:14:00,142
16-01-26,Shift B,Turkish Airlines,TK525,B737 Max,IST-IST via LUN,8,1:20:00,2:20:00,1:07:00,2:18:00,1:10:00,2:07:00,,,1:09:00,2:09:00,1:11:00,1:17:00,122
16-01-26,Shift B,Kenya Airways,KQ704,E195,NBO-HRE via LUN,9,17:20:00,18:10:00,17:33:00,18:22:00,17:36:00,18:10:00,,,17:35:00,18:12:00,17:37:00,17:43:00,175
16-01-26,Shift B,Kenya Airways,KQ706,E195,NBO-HRE via LUN,10,9:10:00,10:00:00,9:28:00,10:04:00,9:33:00,9:54:00,,,9:32:00,9:56:00,9:34:00,9:38:00,41
17-01-26,Shift B,Air Botswana,BP312,E175,GBE-HRE via LUN,8,8:50:00,9:40:00,9:09:00,9:58:00,9:12:00,9:43:00,,,9:11:00,9:45:00,9:13:00,9:25:00,69
17-01-26,Shift B,Malawian Airlines,ET34,DH8,LLW-HRE via LUN,9,11:45:00,12:20:00,12:01:00,12:30:00,12:04:00,12:13:00,,,12:03:00,12:15:00,12:05:00,12:16:00,121
17-01-26,Shift B,Malawian Airlines,ET35,DH8,HRE-LLW via LUN,10,13:10:00,13:45:00,13:04:00,14:02:00,13:09:00,13:49:00,,,13:08:00,13:51:00,13:10:00,13:19:00,23
17-01-26,Shift B,South African Airways,SA62,A320,JNB-JNB via LUN,12,12:40:00,13:30:00,12:43:00,13:42:00,12:48:00,13:31:00,,,12:47:00,13:33:00,12:49:00,13:00:00,163
17-01-26,Shift B,Air Tanzania,TC212,A220,DAR-HRE via LUN,13,12:20:00,13:10:00,12:10:00,13:13:00,12:16:00,13:00:00,,,12:15:00,13:02:00,12:17:00,12:27:00,93
17-01-26,Shift B,Uganda Airlines,UR722,CRJ900,EBB-HRE via LUN,14,11:45:00,12:30:00,11:40:00,12:47:00,11:46:00,12:38:00,,,11:45:00,12:40:00,11:47:00,11:59:00,173
17-01-26,Shift B,RwandAir,WB112,B737,KGL-HRE via LUN,8,15:00:00,15:50:00,14:50:00,15:49:00,14:54:00,15:38:00,,,14:53:00,15:40:00,14:55:00,15:07:00,154
17-01-26,Shift B,Ethiopian Airways,ET873,B777,ADD-ADD via LUN,9,13:10:00,15:10:00,12:59:00,15:24:00,13:02:00,15:17:00,13:03:00,15:16:00,13:01:00,15:19:00,13:03:00,13:15:00,183
17-01-26,Shift B,Airlink,4Z166,E135,JNB-JNB via LUN,10,9:40:00,10:15:00,9:42:00,10:31:00,9:46:00,10:16:00,,,9:45:00,10:18:00,9:47:00,9:59:00,165
17-01-26,Shift B,Airlink,4Z162,E195,JNB-JNB via LUN,12,13:30:00,14:15:00,13:23:00,14:17:00,13:27:00,14:04:00,,,13:26:00,14:06:00,13:28:00,13:37:00,161
17-01-26,Shift B,Qatar Airways,QR1455,B787,DOH-HRE via LUN,13,7:50:00,9:40:00,8:06:00,9:32:00,8:11:00,9:16:00,8:12:00,9:15:00,8:10:00,9:18:00,8:12:00,8:20:00,146
17-01-26,Shift B,Qatar Airways,QR1456,B787,HRE-DOH via LUN,14,15:00:00,16:30:00,15:20:00,15:20:00,15:24:00,16:42:00,15:25:00,16:41:00,15:23:00,16:44:00,15:25:00,15:30:00,59
17-01-26,Shift B,Turkish Airlines,TK525,B737 Max,IST-IST via LUN,8,1:20:00,2:20:00,1:21:00,2:29:00,1:27:00,2:21:00,,,1:26:00,2:23:00,1:28:00,1:41:00,190
17-01-26,Shift B,Kenya Airways,KQ704,B737,NBO-HRE via LUN,9,17:20:00,18:10:00,17:31:00,18:11:00,17:37:00,17:54:00,,,17:36:00,17:56:00,17:38:00,17:44:00,27
17-01-26,Shift B,Kenya Airways,KQ706,E195,NBO-HRE via LUN,10,9:10:00,10:00:00,9:12:00,10:21:00,9:15:00,10:05:00,,,9:14:00,10:07:00,9:16:00,9:27:00,168
18-01-26,Shift B,Air Botswana,BP312,E175,GBE-HRE via LUN,8,8:50:00,9:40:00,9:05:00,9:57:00,9:10:00,9:40:00,,,9:09:00,9:42:00,9:11:00,9:25:00,141
18-01-26,Shift B,Malawian Airlines,ET34,DH8,LLW-HRE via LUN,9,11:45:00,12:20:00,11:37:00,12:33:00,11:40:00,12:22:00,,,11:39:00,12:24:00,11:41:00,11:49:00,168
18-01-26,Shift B,Malawian Airlines,ET35,DH8,HRE-LLW via LUN,10,13:10:00,13:45:00,12:58:00,13:44:00,13:03:00,13:30:00,,,13:02:00,13:32:00,13:04:00,13:10:00,111
18-01-26,Shift B,South African Airways,SA62,A320,JNB-JNB via LUN,12,12:40:00,13:30:00,12:35:00,13:23:00,12:40:00,13:11:00,,,12:39:00,13:13:00,12:41:00,12:51:00,182
18-01-26,Shift B,Air Tanzania,TC212,A220,DAR-HRE via LUN,13,12:20:00,13:10:00,12:27:00,13:03:00,12:32:00,12:52:00,,,12:31:00,12:54:00,12:33:00,12:45:00,183
18-01-26,Shift B,Uganda Airlines,UR722,CRJ900,EBB-HRE via LUN,14,11:45:00,12:30:00,11:34:00,12:52:00,11:38:00,12:35:00,,,11:37:00,12:37:00,11:39:00,11:46:00,44
18-01-26,Shift B,RwandAir,WB112,B737,KGL-HRE via LUN,8,15:00:00,15:50:00,14:55:00,16:14:00,15:00:00,16:02:00,,,14:59:00,16:04:00,15:01:00,15:15:00,97
18-01-26,Shift B,Ethiopian Airways,ET873,B777,ADD-ADD via LUN,9,13:10:00,15:10:00,13:18:00,15:06:00,13:23:00,14:57:00,13:24:00,14:56:00,13:22:00,14:59:00,13:24:00,13:28:00,55
18-01-26,Shift B,Airlink,4Z166,E135,JNB-JNB via LUN,10,9:40:00,10:15:00,9:58:00,10:23:00,10:03:00,10:09:00,,,10:02:00,10:11:00,10:04:00,10:14:00,107
18-01-26,Shift B,Airlink,4Z162,E195,JNB-JNB via LUN,12,13:30:00,14:15:00,13:25:00,14:11:00,13:29:00,14:02:00,,,13:28:00,14:04:00,13:30:00,13:43:00,76
18-01-26,Shift B,Qatar Airways,QR1455,B787,DOH-HRE via LUN,13,7:50:00,9:40:00,7:47:00,10:05:00,7:50:00,9:52:00,7:51:00,9:51:00,7:49:00,9:54:00,7:51:00,8:04:00,39
18-01-26,Shift B,Qatar Airways,QR1456,B787,HRE-DOH via LUN,14,15:00:00,16:30:00,14:52:00,16:28:00,14:55:00,16:14:00,14:56:00,16:13:00,14:54:00,16:16:00,14:56:00,15:07:00,99
18-01-26,Shift B,Turkish Airlines,TK525,B737 Max,IST-IST via LUN,8,1:20:00,2:20:00,1:28:00,2:18:00,1:34:00,2:02:00,,,1:33:00,2:04:00,1:35:00,1:46:00,107
18-01-26,Shift B,Kenya Airways,KQ704,E195,NBO-HRE via LUN,9,17:20:00,18:10:00,17:24:00,18:01:00,17:27:00,17:51:00,,,17:26:00,17:53:00,17:28:00,17:36:00,197
18-01-26,Shift B,Kenya Airways,KQ706,E195,NBO-HRE via LUN,10,9:10:00,10:00:00,9:09:00,10:09:00,9:13:00,9:59:00,,,9:12:00,10:01:00,9:14:00,9:21:00,40
19-01-26,Shift B,Air Botswana,BP312,E175,GBE-HRE via LUN,8,8:50:00,9:40:00,9:02:00,9:37:00,9:05:00,9:30:00,,,9:04:00,9:32:00,9:06:00,9:19:00,130
19-01-26,Shift B,Malawian Airlines,ET34,DH8,LLW-HRE via LUN,9,11:45:00,12:20:00,11:32:00,12:22:00,11:35:00,12:15:00,,,11:34:00,12:17:00,11:36:00,11:52:00,151
19-01-26,Shift B,Malawian Airlines,ET35,DH8,HRE-LLW via LUN,10,13:10:00,13:45:00,12:58:00,14:05:00,13:01:00,13:54:00,,,13:00:00,13:56:00,13:02:00,13:08:00,36
19-01-26,Shift B,South African Airways,SA62,A320,JNB-JNB via LUN,12,12:40:00,13:30:00,12:44:00,13:20:00,12:47:00,13:12:00,,,12:46:00,13:14:00,12:48:00,13:03:00,72
19-01-26,Shift B,Air Tanzania,TC212,A220,DAR-HRE via LUN,13,12:20:00,13:10:00,12:17:00,13:11:00,12:22:00,13:04:00,,,12:21:00,13:06:00,12:23:00,12:28:00,57
19-01-26,Shift B,Uganda Airlines,UR722,CRJ900,EBB-HRE via LUN,14,11:45:00,12:30:00,11:47:00,12:42:00,11:52:00,12:33:00,,,11:51:00,12:35:00,11:53:00,12:05:00,176
19-01-26,Shift B,RwandAir,WB112,B737,KGL-HRE via LUN,8,15:00:00,15:50:00,15:00:00,16:12:00,15:03:00,16:04:00,,,15:02:00,16:06:00,15:04:00,15:19:00,23
19-01-26,Shift B,Ethiopian Airways,ET873,B787,ADD-ADD via LUN,9,13:10:00,15:10:00,13:08:00,15:12:00,13:13:00,15:03:00,13:14:00,15:02:00,13:12:00,15:05:00,13:14:00,13:26:00,21
19-01-26,Shift B,Airlink,4Z166,E135,JNB-JNB via LUN,10,9:40:00,10:15:00,9:31:00,10:18:00,9:37:00,10:06:00,,,9:36:00,10:08:00,9:38:00,9:50:00,67
19-01-26,Shift B,Airlink,4Z162,E195,JNB-JNB via LUN,12,13:30:00,14:15:00,13:43:00,14:11:00,13:47:00,13:59:00,,,13:46:00,14:01:00,13:48:00,13:59:00,128
19-01-26,Shift B,Qatar Airways,QR1455,B787,DOH-HRE via LUN,13,7:50:00,9:40:00,7:48:00,10:02:00,7:52:00,9:49:00,7:53:00,9:48:00,7:51:00,9:51:00,7:53:00,7:59:00,100
19-01-26,Shift B,Qatar Airways,QR1456,B787,HRE-DOH via LUN,14,15:00:00,16:30:00,14:52:00,16:49:00,14:55:00,16:34:00,14:56:00,16:33:00,14:54:00,16:36:00,14:56:00,15:04:00,146
19-01-26,Shift B,Turkish Airlines,TK525,B737 Max,IST-IST via LUN,8,1:20:00,2:20:00,1:28:00,2:28:00,1:31:00,2:20:00,,,1:30:00,2:22:00,1:32:00,1:43:00,146
19-01-26,Shift B,Kenya Airways,KQ704,E195,NBO-HRE via LUN,9,17:20:00,18:10:00,17:29:00,18:18:00,17:35:00,18:02:00,,,17:34:00,18:04:00,17:36:00,17:43:00,195
19-01-26,Shift B,Kenya Airways,KQ706,B737,NBO-HRE via LUN,10,9:10:00,10:00:00,9:09:00,10:25:00,9:15:00,10:14:00,,,9:14:00,10:16:00,9:16:00,9:25:00,68
20-01-26,Shift A,Air Botswana,BP312,E175,GBE-HRE via LUN,1,8:50:00,9:40:00,8:39:00,10:00:00,8:44:00,9:51:00,,,8:43:00,9:53:00,8:45:00,8:49:00,192
20-01-26,Shift A,Malawian Airlines,ET34,DH8,LLW-HRE via LUN,2,11:45:00,12:20:00,12:01:00,12:16:00,12:07:00,12:02:00,,,12:06:00,12:04:00,12:08:00,12:19:00,188
20-01-26,Shift A,Malawian Airlines,ET35,DH8,HRE-LLW via LUN,3,13:10:00,13:45:00,13:00:00,13:42:00,13:04:00,13:29:00,,,13:03:00,13:31:00,13:05:00,13:16:00,197
20-01-26,Shift A,South African Airways,SA62,A320,JNB-JNB via LUN,4,12:40:00,13:30:00,12:31:00,13:30:00,12:34:00,13:18:00,,,12:33:00,13:20:00,12:35:00,12:44:00,106
20-01-26,Shift A,Air Tanzania,TC212,A220,DAR-HRE via LUN,5,12:20:00,13:10:00,12:17:00,13:25:00,12:20:00,13:15:00,,,12:19:00,13:17:00,12:21:00,12:33:00,147
20-01-26,Shift A,Uganda Airlines,UR722,CRJ900,EBB-HRE via LUN,6,11:45:00,12:30:00,11:47:00,12:37:00,11:53:00,12:25:00,,,11:52:00,12:27:00,11:54:00,12:04:00,190
20-01-26,Shift A,RwandAir,WB112,B737,KGL-HRE via LUN,7,15:00:00,15:50:00,15:10:00,16:11:00,15:15:00,16:02:00,,,15:14:00,16:04:00,15:16:00,15:27:00,47
20-01-26,Shift A,Ethiopian Airways,ET873,A350,ADD-ADD via LUN,1,13:10:00,15:10:00,13:11:00,15:31:00,13:17:00,15:21:00,13:18:00,15:20:00,13:16:00,15:23:00,13:18:00,13:31:00,54
20-01-26,Shift A,Airlink,4Z166,E135,JNB-JNB via LUN,2,9:40:00,10:15:00,9:26:00,10:11:00,9:29:00,10:03:00,,,9:28:00,10:05:00,9:30:00,9:43:00,193
20-01-26,Shift A,Airlink,4Z162,E195,JNB-JNB via LUN,3,13:30:00,14:15:00,13:16:00,14:16:00,13:22:00,14:00:00,,,13:21:00,14:02:00,13:23:00,13:36:00,103
20-01-26,Shift A,Qatar Airways,QR1455,B787,DOH-HRE via LUN,4,7:50:00,9:40:00,7:44:00,9:49:00,7:47:00,9:41:00,7:48:00,9:40:00,7:46:00,9:43:00,7:48:00,8:04:00,153
20-01-26,Shift A,Qatar Airways,QR1456,B787,HRE-DOH via LUN,5,15:00:00,16:30:00,15:16:00,16:49:00,15:20:00,16:38:00,15:21:00,16:37:00,15:19:00,16:40:00,15:21:00,15:36:00,147
20-01-26,Shift A,Turkish Airlines,TK525,B737 Max,IST-IST via LUN,6,1:20:00,2:20:00,1:36:00,2:42:00,1:41:00,2:27:00,,,1:40:00,2:29:00,1:42:00,1:51:00,158
20-01-26,Shift A,Kenya Airways,KQ704,E195,NBO-HRE via LUN,7,17:20:00,18:10:00,17:07:00,18:27:00,17:10:00,18:14:00,,,17:09:00,18:16:00,17:11:00,17:24:00,100
20-01-26,Shift A,Kenya Airways,KQ706,B737,NBO-HRE via LUN,1,9:10:00,10:00:00,9:23:00,10:19:00,9:26:00,10:12:00,,,9:25:00,10:14:00,9:27:00,9:35:00,162
21-01-26,Shift A,Air Botswana,BP312,E175,GBE-HRE via LUN,1,8:50:00,9:40:00,8:54:00,9:40:00,9:00:00,9:27:00,,,8:59:00,9:29:00,9:01:00,9:06:00,99
21-01-26,Shift A,Malawian Airlines,ET34,DH8,LLW-HRE via LUN,2,11:45:00,12:20:00,11:54:00,12:41:00,11:57:00,12:25:00,,,11:56:00,12:27:00,11:58:00,12:14:00,145
21-01-26,Shift A,Malawian Airlines,ET35,DH8,HRE-LLW via LUN,3,13:10:00,13:45:00,13:30:00,14:09:00,13:36:00,13:55:00,,,13:35:00,13:57:00,13:37:00,13:48:00,60
21-01-26,Shift A,South African Airways,SA62,A320,JNB-JNB via LUN,4,12:40:00,13:30:00,12:57:00,13:23:00,13:03:00,13:12:00,,,13:02:00,13:14:00,13:04:00,13:14:00,171
21-01-26,Shift A,Air Tanzania,TC212,A220,DAR-HRE via LUN,5,12:20:00,13:10:00,12:29:00,13:22:00,12:34:00,13:10:00,,,12:33:00,13:12:00,12:35:00,12:39:00,27
21-01-26,Shift A,Uganda Airlines,UR722,CRJ900,EBB-HRE via LUN,6,11:45:00,12:30:00,11:32:00,12:28:00,11:37:00,12:16:00,,,11:36:00,12:18:00,11:38:00,11:51:00,26
21-01-26,Shift A,RwandAir,WB112,B737,KGL-HRE via LUN,7,15:00:00,15:50:00,15:06:00,16:04:00,15:09:00,15:51:00,,,15:08:00,15:53:00,15:10:00,15:21:00,111
21-01-26,Shift A,Ethiopian Airways,ET873,B777,ADD-ADD via LUN,1,13:10:00,15:10:00,13:17:00,15:03:00,13:21:00,14:53:00,13:22:00,14:52:00,13:20:00,14:55:00,13:22:00,13:30:00,185
21-01-26,Shift A,Airlink,4Z166,E135,JNB-JNB via LUN,2,9:40:00,10:15:00,9:44:00,10:10:00,9:47:00,9:59:00,,,9:46:00,10:01:00,9:48:00,9:55:00,106
21-01-26,Shift A,Airlink,4Z162,E195,JNB-JNB via LUN,3,13:30:00,14:15:00,13:25:00,14:06:00,13:30:00,13:59:00,,,13:29:00,14:01:00,13:31:00,13:42:00,188
21-01-26,Shift A,Qatar Airways,QR1455,B787,DOH-HRE via LUN,4,7:50:00,9:40:00,8:02:00,10:02:00,8:08:00,9:51:00,8:09:00,9:50:00,8:07:00,9:53:00,8:09:00,8:12:00,198
21-01-26,Shift A,Qatar Airways,QR1456,B787,HRE-DOH via LUN,5,15:00:00,16:30:00,15:15:00,16:21:00,15:20:00,16:08:00,15:21:00,16:07:00,15:19:00,16:10:00,15:21:00,15:34:00,119
21-01-26,Shift A,Turkish Airlines,TK525,B737 Max,IST-IST via LUN,6,1:20:00,2:20:00,1:25:00,2:16:00,1:31:00,2:08:00,,,1:30:00,2:10:00,1:32:00,1:45:00,72
21-01-26,Shift A,Kenya Airways,KQ704,B737,NBO-HRE via LUN,7,17:20:00,18:10:00,17:36:00,18:32:00,17:41:00,18:23:00,,,17:40:00,18:25:00,17:42:00,17:55:00,96
21-01-26,Shift A,Kenya Airways,KQ706,B737,NBO-HRE via LUN,1,9:10:00,10:00:00,9:22:00,10:02:00,9:28:00,9:45:00,,,9:27:00,9:47:00,9:29:00,9:33:00,157
22-01-26,Shift A,Air Botswana,BP312,E175,GBE-HRE via LUN,1,8:50:00,9:40:00,8:48:00,9:48:00,8:53:00,9:41:00,,,8:52:00,9:43:00,8:54:00,9:02:00,166
22-01-26,Shift A,Malawian Airlines,ET34,DH8,LLW-HRE via LUN,2,11:45:00,12:20:00,11:55:00,12:24:00,11:58:00,12:08:00,,,11:57:00,12:10:00,11:59:00,12:06:00,171
22-01-26,Shift A,Malawian Airlines,ET35,DH8,HRE-LLW via LUN,3,13:10:00,13:45:00,13:16:00,13:52:00,13:19:00,13:36:00,,,13:18:00,13:38:00,13:20:00,13:34:00,141
22-01-26,Shift A,South African Airways,SA62,A320,JNB-JNB via LUN,4,12:40:00,13:30:00,12:52:00,13:33:00,12:57:00,13:25:00,,,12:56:00,13:27:00,12:58:00,13:12:00,97
22-01-26,Shift A,Air Tanzania,TC212,A220,DAR-HRE via LUN,5,12:20:00,13:10:00,12:37:00,13:19:00,12:43:00,13:02:00,,,12:42:00,13:04:00,12:44:00,12:55:00,100
22-01-26,Shift A,Uganda Airlines,UR722,CRJ900,EBB-HRE via LUN,6,11:45:00,12:30:00,11:42:00,12:46:00,11:48:00,12:35:00,,,11:47:00,12:37:00,11:49:00,12:01:00,151
22-01-26,Shift A,RwandAir,WB112,B737,KGL-HRE via LUN,7,15:00:00,15:50:00,15:14:00,16:15:00,15:18:00,16:08:00,,,15:17:00,16:10:00,15:19:00,15:34:00,200
22-01-26,Shift A,Ethiopian Airways,ET873,B787,ADD-ADD via LUN,1,13:10:00,15:10:00,13:06:00,15:31:00,13:10:00,15:14:00,13:11:00,15:13:00,13:09:00,15:16:00,13:11:00,13:23:00,88
22-01-26,Shift A,Airlink,4Z166,E135,JNB-JNB via LUN,2,9:40:00,10:15:00,9:59:00,10:32:00,10:02:00,10:17:00,,,10:01:00,10:19:00,10:03:00,10:12:00,113
22-01-26,Shift A,Airlink,4Z162,E195,JNB-JNB via LUN,3,13:30:00,14:15:00,13:44:00,14:14:00,13:48:00,14:05:00,,,13:47:00,14:07:00,13:49:00,14:04:00,96
22-01-26,Shift A,Qatar Airways,QR1455,B787,DOH-HRE via LUN,4,7:50:00,9:40:00,8:02:00,9:56:00,8:07:00,9:48:00,8:08:00,9:47:00,8:06:00,9:50:00,8:08:00,8:22:00,72
22-01-26,Shift A,Qatar Airways,QR1456,B787,HRE-DOH via LUN,5,15:00:00,16:30:00,15:11:00,16:37:00,15:16:00,16:20:00,15:17:00,16:19:00,15:15:00,16:22:00,15:17:00,15:23:00,85
22-01-26,Shift A,Turkish Airlines,TK525,B737 Max,IST-IST via LUN,6,1:20:00,2:20:00,1:20:00,2:35:00,1:24:00,2:27:00,,,1:23:00,2:29:00,1:25:00,1:32:00,69
22-01-26,Shift A,Kenya Airways,KQ704,E195,NBO-HRE via LUN,7,17:20:00,18:10:00,17:20:00,18:19:00,17:26:00,18:05:00,,,17:25:00,18:07:00,17:27:00,17:38:00,131
22-01-26,Shift A,Kenya Airways,KQ706,B737,NBO-HRE via LUN,1,9:10:00,10:00:00,8:57:00,10:02:00,9:01:00,9:51:00,,,9:00:00,9:53:00,9:02:00,9:09:00,27
23-01-26,Shift A,Air Botswana,BP312,E175,GBE-HRE via LUN,1,8:50:00,9:40:00,8:51:00,9:47:00,8:55:00,9:30:00,,,8:54:00,9:32:00,8:56:00,9:01:00,144
23-01-26,Shift A,Malawian Airlines,ET34,DH8,LLW-HRE via LUN,2,11:45:00,12:20:00,11:31:00,12:13:00,11:34:00,12:01:00,,,11:33:00,12:03:00,11:35:00,11:50:00,96
23-01-26,Shift A,Malawian Airlines,ET35,DH8,HRE-LLW via LUN,3,13:10:00,13:45:00,12:59:00,14:01:00,13:04:00,13:44:00,,,13:03:00,13:46:00,13:05:00,13:19:00,43
23-01-26,Shift A,South African Airways,SA62,A320,JNB-JNB via LUN,4,12:40:00,13:30:00,12:50:00,13:28:00,12:54:00,13:20:00,,,12:53:00,13:22:00,12:55:00,13:09:00,148
23-01-26,Shift A,Air Tanzania,TC212,A220,DAR-HRE via LUN,5,12:20:00,13:10:00,12:12:00,13:33:00,12:17:00,13:19:00,,,12:16:00,13:21:00,12:18:00,12:23:00,80
23-01-26,Shift A,Uganda Airlines,UR722,CRJ900,EBB-HRE via LUN,6,11:45:00,12:30:00,11:37:00,12:40:00,11:42:00,12:24:00,,,11:41:00,12:26:00,11:43:00,11:53:00,80
23-01-26,Shift A,RwandAir,WB112,B737,KGL-HRE via LUN,7,15:00:00,15:50:00,15:12:00,15:53:00,15:16:00,15:45:00,,,15:15:00,15:47:00,15:17:00,15:24:00,74
23-01-26,Shift A,Ethiopian Airways,ET873,B777,ADD-ADD via LUN,1,13:10:00,15:10:00,13:23:00,15:26:00,13:28:00,15:10:00,13:29:00,15:09:00,13:27:00,15:12:00,13:29:00,13:33:00,145
23-01-26,Shift A,Airlink,4Z166,E135,JNB-JNB via LUN,2,9:40:00,10:15:00,9:59:00,10:28:00,10:02:00,10:16:00,,,10:01:00,10:18:00,10:03:00,10:17:00,128
23-01-26,Shift A,Airlink,4Z162,E195,JNB-JNB via LUN,3,13:30:00,14:15:00,13:45:00,14:20:00,13:50:00,14:11:00,,,13:49:00,14:13:00,13:51:00,14:00:00,141
23-01-26,Shift A,Qatar Airways,QR1455,B787,DOH-HRE via LUN,4,7:50:00,9:40:00,7:58:00,9:49:00,8:01:00,9:32:00,8:02:00,9:31:00,8:00:00,9:34:00,8:02:00,8:17:00,28
23-01-26,Shift A,Qatar Airways,QR1456,B787,HRE-DOH via LUN,5,15:00:00,16:30:00,14:48:00,16:35:00,14:53:00,16:20:00,14:54:00,16:19:00,14:52:00,16:22:00,14:54:00,15:04:00,99
23-01-26,Shift A,Turkish Airlines,TK525,B737 Max,IST-IST via LUN,6,1:20:00,2:20:00,1:28:00,2:17:00,1:32:00,2:03:00,,,1:31:00,2:05:00,1:33:00,1:44:00,22
23-01-26,Shift A,Kenya Airways,KQ704,B737,NBO-HRE via LUN,7,17:20:00,18:10:00,17:21:00,18:19:00,17:24:00,18:09:00,,,17:23:00,18:11:00,17:25:00,17:35:00,73
23-01-26,Shift A,Kenya Airways,KQ706,E195,NBO-HRE via LUN,1,9:10:00,10:00:00,9:23:00,10:10:00,9:29:00,10:03:00,,,9:28:00,10:05:00,9:30:00,9:37:00,40
24-01-26,Shift B,Air Botswana,BP312,E175,GBE-HRE via LUN,8,8:50:00,9:40:00,9:06:00,10:00:00,9:12:00,9:48:00,,,9:11:00,9:50:00,9:13:00,9:22:00,45
24-01-26,Shift B,Malawian Airlines,ET34,DH8,LLW-HRE via LUN,9,11:45:00,12:20:00,11:40:00,12:26:00,11:43:00,12:14:00,,,11:42:00,12:16:00,11:44:00,11:56:00,174
24-01-26,Shift B,Malawian Airlines,ET35,DH8,HRE-LLW via LUN,10,13:10:00,13:45:00,13:30:00,13:55:00,13:36:00,13:48:00,,,13:35:00,13:50:00,13:37:00,13:40:00,184
24-01-26,Shift B,South African Airways,SA62,A320,JNB-JNB via LUN,12,12:40:00,13:30:00,12:36:00,13:48:00,12:40:00,13:41:00,,,12:39:00,13:43:00,12:41:00,12:52:00,71
24-01-26,Shift B,Air Tanzania,TC212,A220,DAR-HRE via LUN,13,12:20:00,13:10:00,12:24:00,13:20:00,12:27:00,13:12:00,,,12:26:00,13:14:00,12:28:00,12:36:00,83
24-01-26,Shift B,Uganda Airlines,UR722,CRJ900,EBB-HRE via LUN,14,11:45:00,12:30:00,12:03:00,12:28:00,12:09:00,12:16:00,,,12:08:00,12:18:00,12:10:00,12:20:00,142
24-01-26,Shift B,RwandAir,WB112,B737,KGL-HRE via LUN,8,15:00:00,15:50:00,14:53:00,15:56:00,14:57:00,15:39:00,,,14:56:00,15:41:00,14:58:00,15:12:00,103
24-01-26,Shift B,Ethiopian Airways,ET873,B777,ADD-ADD via LUN,9,13:10:00,15:10:00,13:07:00,15:05:00,13:13:00,14:53:00,13:14:00,14:52:00,13:12:00,14:55:00,13:14:00,13:19:00,120
24-01-26,Shift B,Airlink,4Z166,E135,JNB-JNB via LUN,10,9:40:00,10:15:00,9:49:00,10:19:00,9:52:00,10:12:00,,,9:51:00,10:14:00,9:53:00,10:07:00,185
24-01-26,Shift B,Airlink,4Z162,E195,JNB-JNB via LUN,12,13:30:00,14:15:00,13:29:00,14:10:00,13:35:00,14:00:00,,,13:34:00,14:02:00,13:36:00,13:43:00,199
24-01-26,Shift B,Qatar Airways,QR1455,B787,DOH-HRE via LUN,13,7:50:00,9:40:00,7:45:00,9:33:00,7:51:00,9:17:00,7:52:00,9:16:00,7:50:00,9:19:00,7:52:00,8:01:00,173
24-01-26,Shift B,Qatar Airways,QR1456,B787,HRE-DOH via LUN,14,15:00:00,16:30:00,15:01:00,16:29:00,15:04:00,16:17:00,15:05:00,16:16:00,15:03:00,16:19:00,15:05:00,15:13:00,165
24-01-26,Shift B,Turkish Airlines,TK525,B737 Max,IST-IST via LUN,8,1:20:00,2:20:00,1:12:00,2:10:00,1:18:00,1:56:00,,,1:17:00,1:58:00,1:19:00,1:32:00,146
24-01-26,Shift B,Kenya Airways,KQ704,E195,NBO-HRE via LUN,9,17:20:00,18:10:00,17:19:00,18:13:00,17:23:00,18:02:00,,,17:22:00,18:04:00,17:24:00,17:33:00,146
24-01-26,Shift B,Kenya Airways,KQ706,B737,NBO-HRE via LUN,10,9:10:00,10:00:00,9:03:00,10:17:00,9:07:00,10:01:00,,,9:06:00,10:03:00,9:08:00,9:16:00,92
25-01-26,Shift B,Air Botswana,BP312,E175,GBE-HRE via LUN,8,8:50:00,9:40:00,8:47:00,9:56:00,8:51:00,9:43:00,,,8:50:00,9:45:00,8:52:00,8:59:00,27
25-01-26,Shift B,Malawian Airlines,ET34,DH8,LLW-HRE via LUN,9,11:45:00,12:20:00,11:48:00,12:26:00,11:52:00,12:10:00,,,11:51:00,12:12:00,11:53:00,12:05:00,83
25-01-26,Shift B,Malawian Airlines,ET35,DH8,HRE-LLW via LUN,10,13:10:00,13:45:00,13:18:00,14:04:00,13:21:00,13:57:00,,,13:20:00,13:59:00,13:22:00,13:35:00,54
25-01-26,Shift B,South African Airways,SA62,A320,JNB-JNB via LUN,12,12:40:00,13:30:00,12:45:00,13:45:00,12:49:00,13:32:00,,,12:48:00,13:34:00,12:50:00,13:01:00,172
25-01-26,Shift B,Air Tanzania,TC212,A220,DAR-HRE via LUN,13,12:20:00,13:10:00,12:21:00,13:04:00,12:24:00,12:49:00,,,12:23:00,12:51:00,12:25:00,12:31:00,33
25-01-26,Shift B,Uganda Airlines,UR722,CRJ900,EBB-HRE via LUN,14,11:45:00,12:30:00,11:51:00,12:35:00,11:57:00,12:23:00,,,11:56:00,12:25:00,11:58:00,12:10:00,191
25-01-26,Shift B,RwandAir,WB112,B737,KGL-HRE via LUN,8,15:00:00,15:50:00,14:47:00,14:47:00,14:52:00,15:25:00,,,14:51:00,15:27:00,14:53:00,15:06:00,117
25-01-26,Shift B,Ethiopian Airways,ET873,B777,ADD-ADD via LUN,9,13:10:00,15:10:00,13:20:00,15:23:00,13:24:00,15:08:00,13:25:00,15:07:00,13:23:00,15:10:00,13:25:00,13:30:00,168
25-01-26,Shift B,Airlink,4Z166,E135,JNB-JNB via LUN,10,9:40:00,10:15:00,9:36:00,10:21:00,9:40:00,10:06:00,,,9:39:00,10:08:00,9:41:00,9:53:00,106
25-01-26,Shift B,Airlink,4Z162,E195,JNB-JNB via LUN,12,13:30:00,14:15:00,13:44:00,14:13:00,13:47:00,14:01:00,,,13:46:00,14:03:00,13:48:00,14:02:00,130
25-01-26,Shift B,Qatar Airways,QR1455,B787,DOH-HRE via LUN,13,7:50:00,9:40:00,7:44:00,9:46:00,7:47:00,9:34:00,7:48:00,9:33:00,7:46:00,9:36:00,7:48:00,7:54:00,52
25-01-26,Shift B,Qatar Airways,QR1456,B787,HRE-DOH via LUN,14,15:00:00,16:30:00,15:16:00,16:37:00,15:21:00,16:24:00,15:22:00,16:23:00,15:20:00,16:26:00,15:22:00,15:30:00,87
25-01-26,Shift B,Turkish Airlines,TK525,B737 Max,IST-IST via LUN,8,1:20:00,2:20:00,1:21:00,2:43:00,1:26:00,2:30:00,,,1:25:00,2:32:00,1:27:00,1:33:00,100
25-01-26,Shift B,Kenya Airways,KQ704,B737,NBO-HRE via LUN,9,17:20:00,18:10:00,17:14:00,18:35:00,17:20:00,18:28:00,,,17:19:00,18:30:00,17:21:00,17:27:00,58
25-01-26,Shift B,Kenya Airways,KQ706,E195,NBO-HRE via LUN,10,9:10:00,10:00:00,9:09:00,10:01:00,9:12:00,9:47:00,,,9:11:00,9:49:00,9:13:00,9:23:00,61
26-01-26,Shift B,Air Botswana,BP312,E175,GBE-HRE via LUN,8,8:50:00,9:40:00,9:04:00,9:57:00,9:07:00,9:43:00,,,9:06:00,9:45:00,9:08:00,9:14:00,133
26-01-26,Shift B,Malawian Airlines,ET34,DH8,LLW-HRE via LUN,9,11:45:00,12:20:00,11:52:00,12:45:00,11:58:00,12:31:00,,,11:57:00,12:33:00,11:59:00,12:09:00,48
26-01-26,Shift B,Malawian Airlines,ET35,DH8,HRE-LLW via LUN,10,13:10:00,13:45:00,13:04:00,13:42:00,13:09:00,13:34:00,,,13:08:00,13:36:00,13:10:00,13:17:00,92
26-01-26,Shift B,South African Airways,SA62,A320,JNB-JNB via LUN,12,12:40:00,13:30:00,12:36:00,13:30:00,12:41:00,13:14:00,,,12:40:00,13:16:00,12:42:00,12:56:00,169
26-01-26,Shift B,Air Tanzania,TC212,A220,DAR-HRE via LUN,13,12:20:00,13:10:00,12:18:00,13:00:00,12:22:00,12:47:00,,,12:21:00,12:49:00,12:23:00,12:29:00,83
26-01-26,Shift B,Uganda Airlines,UR722,CRJ900,EBB-HRE via LUN,14,11:45:00,12:30:00,12:01:00,12:26:00,12:06:00,12:19:00,,,12:05:00,12:21:00,12:07:00,12:15:00,194
26-01-26,Shift B,RwandAir,WB112,B737,KGL-HRE via LUN,8,15:00:00,15:50:00,14:52:00,16:05:00,14:57:00,15:49:00,,,14:56:00,15:51:00,14:58:00,15:03:00,102
26-01-26,Shift B,Ethiopian Airways,ET873,A350,ADD-ADD via LUN,9,13:10:00,15:10:00,12:56:00,15:05:00,13:02:00,14:48:00,13:03:00,14:47:00,13:01:00,14:50:00,13:03:00,13:13:00,136
26-01-26,Shift B,Airlink,4Z166,E135,JNB-JNB via LUN,10,9:40:00,10:15:00,9:42:00,10:05:00,9:47:00,9:58:00,,,9:46:00,10:00:00,9:48:00,10:02:00,179
26-01-26,Shift B,Airlink,4Z162,E195,JNB-JNB via LUN,12,13:30:00,14:15:00,13:43:00,14:25:00,13:47:00,14:15:00,,,13:46:00,14:17:00,13:48:00,13:53:00,184
26-01-26,Shift B,Qatar Airways,QR1455,B787,DOH-HRE via LUN,13,7:50:00,9:40:00,7:53:00,9:50:00,7:56:00,9:42:00,7:57:00,9:41:00,7:55:00,9:44:00,7:57:00,8:11:00,174
26-01-26,Shift B,Qatar Airways,QR1456,B787,HRE-DOH via LUN,14,15:00:00,16:30:00,15:09:00,16:25:00,15:15:00,16:14:00,15:16:00,16:13:00,15:14:00,16:16:00,15:16:00,15:21:00,81
26-01-26,Shift B,Turkish Airlines,TK525,B737 Max,IST-IST via LUN,8,1:20:00,2:20:00,1:30:00,2:15:00,1:33:00,2:05:00,,,1:32:00,2:07:00,1:34:00,1:42:00,119
26-01-26,Shift B,Kenya Airways,KQ704,B737,NBO-HRE via LUN,9,17:20:00,18:10:00,17:23:00,18:09:00,17:26:00,17:58:00,,,17:25:00,18:00:00,17:27:00,17:40:00,130
26-01-26,Shift B,Kenya Airways,KQ706,B737,NBO-HRE via LUN,10,9:10:00,10:00:00,9:03:00,9:03:00,9:06:00,10:00:00,,,9:05:00,10:02:00,9:07:00,9:21:00,71
27-01-26,Shift B,Air Botswana,BP312,E175,GBE-HRE via LUN,8,8:50:00,9:40:00,9:06:00,9:58:00,9:12:00,9:44:00,,,9:11:00,9:46:00,9:13:00,9:20:00,164
27-01-26,Shift B,Malawian Airlines,ET34,DH8,LLW-HRE via LUN,9,11:45:00,12:20:00,11:57:00,12:15:00,12:03:00,12:03:00,,,12:02:00,12:05:00,12:04:00,12:16:00,67
27-01-26,Shift B,Malawian Airlines,ET35,DH8,HRE-LLW via LUN,10,13:10:00,13:45:00,13:22:00,14:02:00,13:25:00,13:55:00,,,13:24:00,13:57:00,13:26:00,13:40:00,107
27-01-26,Shift B,South African Airways,SA62,A320,JNB-JNB via LUN,12,12:40:00,13:30:00,12:54:00,13:34:00,12:58:00,13:20:00,,,12:57:00,13:22:00,12:59:00,13:12:00,181
27-01-26,Shift B,Air Tanzania,TC212,A220,DAR-HRE via LUN,13,12:20:00,13:10:00,12:38:00,13:05:00,12:43:00,12:51:00,,,12:42:00,12:53:00,12:44:00,12:54:00,40
27-01-26,Shift B,Uganda Airlines,UR722,CRJ900,EBB-HRE via LUN,14,11:45:00,12:30:00,12:00:00,12:39:00,12:04:00,12:30:00,,,12:03:00,12:32:00,12:05:00,12:20:00,96
27-01-26,Shift B,RwandAir,WB112,B737,KGL-HRE via LUN,8,15:00:00,15:50:00,15:00:00,16:13:00,15:06:00,16:02:00,,,15:05:00,16:04:00,15:07:00,15:19:00,32
27-01-26,Shift B,Ethiopian Airways,ET873,B787,ADD-ADD via LUN,9,13:10:00,15:10:00,12:59:00,15:02:00,13:02:00,14:47:00,13:03:00,14:46:00,13:01:00,14:49:00,13:03:00,13:15:00,125
27-01-26,Shift B,Airlink,4Z166,E135,JNB-JNB via LUN,10,9:40:00,10:15:00,9:31:00,9:31:00,9:36:00,10:22:00,,,9:35:00,10:24:00,9:37:00,9:45:00,169
27-01-26,Shift B,Airlink,4Z162,E195,JNB-JNB via LUN,12,13:30:00,14:15:00,13:20:00,13:20:00,13:23:00,14:29:00,,,13:22:00,14:31:00,13:24:00,13:40:00,138
27-01-26,Shift B,Qatar Airways,QR1455,B787,DOH-HRE via LUN,13,7:50:00,9:40:00,7:46:00,9:41:00,7:52:00,9:34:00,7:53:00,9:33:00,7:51:00,9:36:00,7:53:00,7:57:00,126
27-01-26,Shift B,Qatar Airways,QR1456,B787,HRE-DOH via LUN,14,15:00:00,16:30:00,15:04:00,16:40:00,15:10:00,16:23:00,15:11:00,16:22:00,15:09:00,16:25:00,15:11:00,15:21:00,179
27-01-26,Shift B,Turkish Airlines,TK525,B737 Max,IST-IST via LUN,8,1:20:00,2:20:00,1:21:00,2:31:00,1:25:00,2:21:00,,,1:24:00,2:23:00,1:26:00,1:33:00,40
27-01-26,Shift B,Kenya Airways,KQ704,B737,NBO-HRE via LUN,9,17:20:00,18:10:00,17:11:00,18:27:00,17:14:00,18:20:00,,,17:13:00,18:22:00,17:15:00,17:27:00,49
27-01-26,Shift B,Kenya Airways,KQ706,E195,NBO-HRE via LUN,10,9:10:00,10:00:00,9:05:00,10:20:00,9:11:00,10:07:00,,,9:10:00,10:09:00,9:12:00,9:25:00,174
28-01-26,Shift A,Air Botswana,BP312,E175,GBE-HRE via LUN,1,8:50:00,9:40:00,9:06:00,9:49:00,9:11:00,9:32:00,,,9:10:00,9:34:00,9:12:00,9:26:00,121
28-01-26,Shift A,Malawian Airlines,ET34,DH8,LLW-HRE via LUN,2,11:45:00,12:20:00,11:49:00,12:15:00,11:53:00,12:06:00,,,11:52:00,12:08:00,11:54:00,11:59:00,68
28-01-26,Shift A,Malawian Airlines,ET35,DH8,HRE-LLW via LUN,3,13:10:00,13:45:00,13:02:00,13:36:00,13:06:00,13:29:00,,,13:05:00,13:31:00,13:07:00,13:15:00,143
28-01-26,Shift A,South African Airways,SA62,A320,JNB-JNB via LUN,4,12:40:00,13:30:00,12:34:00,13:35:00,12:40:00,13:18:00,,,12:39:00,13:20:00,12:41:00,12:52:00,68
28-01-26,Shift A,Air Tanzania,TC212,A220,DAR-HRE via LUN,5,12:20:00,13:10:00,12:10:00,13:19:00,12:16:00,13:10:00,,,12:15:00,13:12:00,12:17:00,12:27:00,128
28-01-26,Shift A,Uganda Airlines,UR722,CRJ900,EBB-HRE via LUN,6,11:45:00,12:30:00,11:31:00,12:27:00,11:35:00,12:18:00,,,11:34:00,12:20:00,11:36:00,11:48:00,144
28-01-26,Shift A,RwandAir,WB112,B737,KGL-HRE via LUN,7,15:00:00,15:50:00,15:15:00,15:41:00,15:21:00,15:25:00,,,15:20:00,15:27:00,15:22:00,15:28:00,71
28-01-26,Shift A,Ethiopian Airways,ET873,B777,ADD-ADD via LUN,1,13:10:00,15:10:00,13:20:00,15:03:00,13:25:00,14:56:00,13:26:00,14:55:00,13:24:00,14:58:00,13:26:00,13:31:00,181
28-01-26,Shift A,Airlink,4Z166,E135,JNB-JNB via LUN,2,9:40:00,10:15:00,9:52:00,10:31:00,9:58:00,10:15:00,,,9:57:00,10:17:00,9:59:00,10:11:00,161
28-01-26,Shift A,Airlink,4Z162,E195,JNB-JNB via LUN,3,13:30:00,14:15:00,13:33:00,14:07:00,13:39:00,13:54:00,,,13:38:00,13:56:00,13:40:00,13:50:00,151
28-01-26,Shift A,Qatar Airways,QR1455,B787,DOH-HRE via LUN,4,7:50:00,9:40:00,8:06:00,9:44:00,8:09:00,9:29:00,8:10:00,9:28:00,8:08:00,9:31:00,8:10:00,8:16:00,128
28-01-26,Shift A,Qatar Airways,QR1456,B787,HRE-DOH via LUN,5,15:00:00,16:30:00,15:05:00,16:55:00,15:08:00,16:44:00,15:09:00,16:43:00,15:07:00,16:46:00,15:09:00,15:25:00,126
28-01-26,Shift A,Turkish Airlines,TK525,B737 Max,IST-IST via LUN,6,1:20:00,2:20:00,1:35:00,2:17:00,1:41:00,2:01:00,,,1:40:00,2:03:00,1:42:00,1:55:00,108
28-01-26,Shift A,Kenya Airways,KQ704,B737,NBO-HRE via LUN,7,17:20:00,18:10:00,17:32:00,18:01:00,17:36:00,17:50:00,,,17:35:00,17:52:00,17:37:00,17:45:00,140
28-01-26,Shift A,Kenya Airways,KQ706,B737,NBO-HRE via LUN,1,9:10:00,10:00:00,9:23:00,10:04:00,9:27:00,9:48:00,,,9:26:00,9:50:00,9:28:00,9:43:00,106
29-01-26,Shift A,Air Botswana,BP312,E175,GBE-HRE via LUN,1,8:50:00,9:40:00,9:04:00,9:38:00,9:09:00,9:25:00,,,9:08:00,9:27:00,9:10:00,9:20:00,192
29-01-26,Shift A,Malawian Airlines,ET34,DH8,LLW-HRE via LUN,2,11:45:00,12:20:00,11:53:00,12:40:00,11:57:00,12:24:00,,,11:56:00,12:26:00,11:58:00,12:06:00,92
29-01-26,Shift A,Malawian Airlines,ET35,DH8,HRE-LLW via LUN,3,13:10:00,13:45:00,13:00:00,14:05:00,13:04:00,13:56:00,,,13:03:00,13:58:00,13:05:00,13:13:00,60
29-01-26,Shift A,South African Airways,SA62,A320,JNB-JNB via LUN,4,12:40:00,13:30:00,12:56:00,13:26:00,13:02:00,13:12:00,,,13:01:00,13:14:00,13:03:00,13:10:00,80
29-01-26,Shift A,Air Tanzania,TC212,A220,DAR-HRE via LUN,5,12:20:00,13:10:00,12:18:00,13:35:00,12:21:00,13:28:00,,,12:20:00,13:30:00,12:22:00,12:33:00,86
29-01-26,Shift A,Uganda Airlines,UR722,CRJ900,EBB-HRE via LUN,6,11:45:00,12:30:00,11:52:00,12:30:00,11:56:00,12:15:00,,,11:55:00,12:17:00,11:57:00,12:02:00,36
29-01-26,Shift A,RwandAir,WB112,B737,KGL-HRE via LUN,7,15:00:00,15:50:00,15:06:00,16:07:00,15:09:00,15:51:00,,,15:08:00,15:53:00,15:10:00,15:19:00,50
29-01-26,Shift A,Ethiopian Airways,ET873,B787,ADD-ADD via LUN,1,13:10:00,15:10:00,13:09:00,15:31:00,13:14:00,15:19:00,13:15:00,15:18:00,13:13:00,15:21:00,13:15:00,13:24:00,31
29-01-26,Shift A,Airlink,4Z166,E135,JNB-JNB via LUN,2,9:40:00,10:15:00,10:00:00,10:22:00,10:04:00,10:07:00,,,10:03:00,10:09:00,10:05:00,10:19:00,191
29-01-26,Shift A,Airlink,4Z162,E195,JNB-JNB via LUN,3,13:30:00,14:15:00,13:21:00,14:08:00,13:27:00,13:54:00,,,13:26:00,13:56:00,13:28:00,13:32:00,47
29-01-26,Shift A,Qatar Airways,QR1455,B787,DOH-HRE via LUN,4,7:50:00,9:40:00,7:41:00,10:05:00,7:44:00,9:50:00,7:45:00,9:49:00,7:43:00,9:52:00,7:45:00,7:52:00,62
29-01-26,Shift A,Qatar Airways,QR1456,B787,HRE-DOH via LUN,5,15:00:00,16:30:00,14:52:00,16:33:00,14:57:00,16:24:00,14:58:00,16:23:00,14:56:00,16:26:00,14:58:00,15:06:00,133
29-01-26,Shift A,Turkish Airlines,TK525,B737 Max,IST-IST via LUN,6,1:20:00,2:20:00,1:37:00,2:41:00,1:40:00,2:32:00,,,1:39:00,2:34:00,1:41:00,1:57:00,113
29-01-26,Shift A,Kenya Airways,KQ704,B737,NBO-HRE via LUN,7,17:20:00,18:10:00,17:13:00,18:07:00,17:17:00,17:53:00,,,17:16:00,17:55:00,17:18:00,17:29:00,21
29-01-26,Shift A,Kenya Airways,KQ706,E195,NBO-HRE via LUN,1,9:10:00,10:00:00,9:25:00,10:11:00,9:30:00,9:56:00,,,9:29:00,9:58:00,9:31:00,9:37:00,41
30-01-26,Shift A,Air Botswana,BP312,E175,GBE-HRE via LUN,1,8:50:00,9:40:00,8:52:00,9:53:00,8:58:00,9:41:00,,,8:57:00,9:43:00,8:59:00,9:12:00,190
30-01-26,Shift A,Malawian Airlines,ET34,DH8,LLW-HRE via LUN,2,11:45:00,12:20:00,11:45:00,12:19:00,11:51:00,12:09:00,,,11:50:00,12:11:00,11:52:00,11:57:00,129
30-01-26,Shift A,Malawian Airlines,ET35,DH8,HRE-LLW via LUN,3,13:10:00,13:45:00,13:21:00,14:01:00,13:27:00,13:46:00,,,13:26:00,13:48:00,13:28:00,13:41:00,112
30-01-26,Shift A,South African Airways,SA62,A320,JNB-JNB via LUN,4,12:40:00,13:30:00,12:26:00,13:48:00,12:30:00,13:41:00,,,12:29:00,13:43:00,12:31:00,12:44:00,37
30-01-26,Shift A,Air Tanzania,TC212,A220,DAR-HRE via LUN,5,12:20:00,13:10:00,12:10:00,13:21:00,12:15:00,13:08:00,,,12:14:00,13:10:00,12:16:00,12:22:00,131
30-01-26,Shift A,Uganda Airlines,UR722,CRJ900,EBB-HRE via LUN,6,11:45:00,12:30:00,11:33:00,11:33:00,11:36:00,12:28:00,,,11:35:00,12:30:00,11:37:00,11:53:00,58
30-01-26,Shift A,RwandAir,WB112,B737,KGL-HRE via LUN,7,15:00:00,15:50:00,14:48:00,16:13:00,14:53:00,16:00:00,,,14:52:00,16:02:00,14:54:00,15:04:00,194
30-01-26,Shift A,Ethiopian Airways,ET873,B787,ADD-ADD via LUN,1,13:10:00,15:10:00,13:30:00,15:19:00,13:35:00,15:07:00,13:36:00,15:06:00,13:34:00,15:09:00,13:36:00,13:40:00,91
30-01-26,Shift A,Airlink,4Z166,E135,JNB-JNB via LUN,2,9:40:00,10:15:00,9:58:00,10:14:00,10:04:00,10:00:00,,,10:03:00,10:02:00,10:05:00,10:18:00,72
30-01-26,Shift A,Airlink,4Z162,E195,JNB-JNB via LUN,3,13:30:00,14:15:00,13:49:00,14:33:00,13:54:00,14:16:00,,,13:53:00,14:18:00,13:55:00,14:05:00,70
30-01-26,Shift A,Qatar Airways,QR1455,B787,DOH-HRE via LUN,4,7:50:00,9:40:00,7:54:00,9:35:00,7:57:00,9:20:00,7:58:00,9:19:00,7:56:00,9:22:00,7:58:00,8:09:00,119
30-01-26,Shift A,Qatar Airways,QR1456,B787,HRE-DOH via LUN,5,15:00:00,16:30:00,14:53:00,16:53:00,14:58:00,16:43:00,14:59:00,16:42:00,14:57:00,16:45:00,14:59:00,15:04:00,150
30-01-26,Shift A,Turkish Airlines,TK525,B737 Max,IST-IST via LUN,6,1:20:00,2:20:00,1:40:00,2:29:00,1:45:00,2:12:00,,,1:44:00,2:14:00,1:46:00,1:52:00,25
30-01-26,Shift A,Kenya Airways,KQ704,E195,NBO-HRE via LUN,7,17:20:00,18:10:00,17:39:00,18:16:00,17:43:00,18:05:00,,,17:42:00,18:07:00,17:44:00,17:55:00,149
30-01-26,Shift A,Kenya Airways,KQ706,E195,NBO-HRE via LUN,1,9:10:00,10:00:00,8:58:00,8:58:00,9:03:00,9:56:00,,,9:02:00,9:58:00,9:04:00,9:16:00,110
31-01-26,Shift A,Air Botswana,BP312,E175,GBE-HRE via LUN,1,8:50:00,9:40:00,8:42:00,9:33:00,8:45:00,9:19:00,,,8:44:00,9:21:00,8:46:00,8:56:00,166
31-01-26,Shift A,Malawian Airlines,ET34,DH8,LLW-HRE via LUN,2,11:45:00,12:20:00,11:30:00,12:39:00,11:35:00,12:29:00,,,11:34:00,12:31:00,11:36:00,11:49:00,164
31-01-26,Shift A,Malawian Airlines,ET35,DH8,HRE-LLW via LUN,3,13:10:00,13:45:00,13:29:00,13:49:00,13:34:00,13:38:00,,,13:33:00,13:40:00,13:35:00,13:43:00,190
31-01-26,Shift A,South African Airways,SA62,A320,JNB-JNB via LUN,4,12:40:00,13:30:00,12:33:00,13:44:00,12:37:00,13:36:00,,,12:36:00,13:38:00,12:38:00,12:48:00,152
31-01-26,Shift A,Air Tanzania,TC212,A220,DAR-HRE via LUN,5,12:20:00,13:10:00,12:17:00,13:23:00,12:23:00,13:15:00,,,12:22:00,13:17:00,12:24:00,12:29:00,128
31-01-26,Shift A,Uganda Airlines,UR722,CRJ900,EBB-HRE via LUN,6,11:45:00,12:30:00,11:56:00,12:25:00,11:59:00,12:18:00,,,11:58:00,12:20:00,12:00:00,12:12:00,53
31-01-26,Shift A,RwandAir,WB112,B737,KGL-HRE via LUN,7,15:00:00,15:50:00,15:15:00,15:15:00,15:21:00,15:45:00,,,15:20:00,15:47:00,15:22:00,15:30:00,193
31-01-26,Shift A,Ethiopian Airways,ET873,B787,ADD-ADD via LUN,1,13:10:00,15:10:00,13:20:00,15:35:00,13:26:00,15:24:00,13:27:00,15:23:00,13:25:00,15:26:00,13:27:00,13:39:00,147
31-01-26,Shift A,Airlink,4Z166,E135,JNB-JNB via LUN,2,9:40:00,10:15:00,9:52:00,10:33:00,9:58:00,10:20:00,,,9:57:00,10:22:00,9:59:00,10:04:00,56
31-01-26,Shift A,Airlink,4Z162,E195,JNB-JNB via LUN,3,13:30:00,14:15:00,13:47:00,14:13:00,13:53:00,13:59:00,,,13:52:00,14:01:00,13:54:00,13:59:00,200
31-01-26,Shift A,Qatar Airways,QR1455,B787,DOH-HRE via LUN,4,7:50:00,9:40:00,8:07:00,10:03:00,8:10:00,9:53:00,8:11:00,9:52:00,8:09:00,9:55:00,8:11:00,8:24:00,141
31-01-26,Shift A,Qatar Airways,QR1456,B787,HRE-DOH via LUN,5,15:00:00,16:30:00,14:47:00,16:30:00,14:52:00,16:22:00,14:53:00,16:21:00,14:51:00,16:24:00,14:53:00,15:06:00,124
31-01-26,Shift A,Turkish Airlines,TK525,B737 Max,IST-IST via LUN,6,1:20:00,2:20:00,1:12:00,2:17:00,1:17:00,2:01:00,,,1:16:00,2:03:00,1:18:00,1:26:00,30
31-01-26,Shift A,Kenya Airways,KQ704,E195,NBO-HRE via LUN,7,17:20:00,18:10:00,17:12:00,18:23:00,17:17:00,18:11:00,,,17:16:00,18:13:00,17:18:00,17:26:00,95
31-01-26,Shift A,Kenya Airways,KQ706,B737,NBO-HRE via LUN,1,9:10:00,10:00:00,8:56:00,9:59:00,9:00:00,9:43:00,,,8:59:00,9:45:00,9:01:00,9:12:00,32
01-02-26,Shift B,Air Botswana,BP312,E175,GBE-HRE via LUN,8,8:50:00,9:40:00,8:54:00,9:48:00,8:58:00,9:39:00,,,8:57:00,9:41:00,8:59:00,9:11:00,20
01-02-26,Shift B,Malawian Airlines,ET34,DH8,LLW-HRE via LUN,9,11:45:00,12:20:00,11:37:00,12:45:00,11:42:00,12:37:00,,,11:41:00,12:39:00,11:43:00,11:47:00,126
01-02-26,Shift B,Malawian Airlines,ET35,DH8,HRE-LLW via LUN,10,13:10:00,13:45:00,13:25:00,13:54:00,13:31:00,13:42:00,,,13:30:00,13:44:00,13:32:00,13:41:00,141
01-02-26,Shift B,South African Airways,SA62,A320,JNB-JNB via LUN,12,12:40:00,13:30:00,12:33:00,13:28:00,12:39:00,13:14:00,,,12:38:00,13:16:00,12:40:00,12:53:00,134
01-02-26,Shift B,Air Tanzania,TC212,A220,DAR-HRE via LUN,13,12:20:00,13:10:00,12:14:00,13:20:00,12:17:00,13:04:00,,,12:16:00,13:06:00,12:18:00,12:34:00,179
01-02-26,Shift B,Uganda Airlines,UR722,CRJ900,EBB-HRE via LUN,14,11:45:00,12:30:00,11:56:00,12:44:00,12:00:00,12:31:00,,,11:59:00,12:33:00,12:01:00,12:11:00,158
01-02-26,Shift B,RwandAir,WB112,B737,KGL-HRE via LUN,8,15:00:00,15:50:00,14:47:00,16:08:00,14:52:00,15:51:00,,,14:51:00,15:53:00,14:53:00,14:58:00,62
01-02-26,Shift B,Ethiopian Airways,ET873,B787,ADD-ADD via LUN,9,13:10:00,15:10:00,12:56:00,15:19:00,12:59:00,15:02:00,13:00:00,15:01:00,12:58:00,15:04:00,13:00:00,13:14:00,41
01-02-26,Shift B,Airlink,4Z166,E135,JNB-JNB via LUN,10,9:40:00,10:15:00,9:37:00,10:39:00,9:40:00,10:23:00,,,9:39:00,10:25:00,9:41:00,9:55:00,68
01-02-26,Shift B,Airlink,4Z162,E195,JNB-JNB via LUN,12,13:30:00,14:15:00,13:45:00,14:37:00,13:48:00,14:29:00,,,13:47:00,14:31:00,13:49:00,14:05:00,156
01-02-26,Shift B,Qatar Airways,QR1455,B787,DOH-HRE via LUN,13,7:50:00,9:40:00,7:46:00,9:31:00,7:51:00,9:21:00,7:52:00,9:20:00,7:50:00,9:23:00,7:52:00,7:59:00,200
01-02-26,Shift B,Qatar Airways,QR1456,B787,HRE-DOH via LUN,14,15:00:00,16:30:00,15:13:00,16:25:00,15:18:00,16:12:00,15:19:00,16:11:00,15:17:00,16:14:00,15:19:00,15:32:00,31
01-02-26,Shift B,Turkish Airlines,TK525,B737 Max,IST-IST via LUN,8,1:20:00,2:20:00,1:36:00,2:11:00,1:41:00,1:58:00,,,1:40:00,2:00:00,1:42:00,1:48:00,126
01-02-26,Shift B,Kenya Airways,KQ704,E195,NBO-HRE via LUN,9,17:20:00,18:10:00,17:38:00,18:20:00,17:44:00,18:09:00,,,17:43:00,18:11:00,17:45:00,17:49:00,49
01-02-26,Shift B,Kenya Airways,KQ706,E195,NBO-HRE via LUN,10,9:10:00,10:00:00,9:29:00,10:00:00,9:34:00,9:51:00,,,9:33:00,9:53:00,9:35:00,9:41:00,85
02-02-26,Shift B,Air Botswana,BP312,E175,GBE-HRE via LUN,8,8:50:00,9:40:00,8:40:00,9:39:00,8:45:00,9:26:00,,,8:44:00,9:28:00,8:46:00,9:00:00,63
02-02-26,Shift B,Malawian Airlines,ET34,DH8,LLW-HRE via LUN,9,11:45:00,12:20:00,11:33:00,12:30:00,11:37:00,12:23:00,,,11:36:00,12:25:00,11:38:00,11:43:00,96
02-02-26,Shift B,Malawian Airlines,ET35,DH8,HRE-LLW via LUN,10,13:10:00,13:45:00,13:19:00,13:41:00,13:24:00,13:32:00,,,13:23:00,13:34:00,13:25:00,13:35:00,102
02-02-26,Shift B,South African Airways,SA62,A320,JNB-JNB via LUN,12,12:40:00,13:30:00,12:41:00,13:44:00,12:44:00,13:37:00,,,12:43:00,13:39:00,12:45:00,12:54:00,81
02-02-26,Shift B,Air Tanzania,TC212,A220,DAR-HRE via LUN,13,12:20:00,13:10:00,12:20:00,13:31:00,12:26:00,13:23:00,,,12:25:00,13:25:00,12:27:00,12:34:00,35
02-02-26,Shift B,Uganda Airlines,UR722,CRJ900,EBB-HRE via LUN,14,11:45:00,12:30:00,11:50:00,12:49:00,11:56:00,12:41:00,,,11:55:00,12:43:00,11:57:00,12:07:00,27
02-02-26,Shift B,RwandAir,WB112,B737,KGL-HRE via LUN,8,15:00:00,15:50:00,15:11:00,15:54:00,15:14:00,15:43:00,,,15:13:00,15:45:00,15:15:00,15:29:00,170
02-02-26,Shift B,Ethiopian Airways,ET873,B787,ADD-ADD via LUN,9,13:10:00,15:10:00,13:01:00,15:15:00,13:05:00,15:04:00,13:06:00,15:03:00,13:04:00,15:06:00,13:06:00,13:20:00,124
02-02-26,Shift B,Airlink,4Z166,E135,JNB-JNB via LUN,10,9:40:00,10:15:00,9:53:00,10:10:00,9:57:00,10:01:00,,,9:56:00,10:03:00,9:58:00,10:08:00,158
02-02-26,Shift B,Airlink,4Z162,E195,JNB-JNB via LUN,12,13:30:00,14:15:00,13:25:00,14:20:00,13:31:00,14:05:00,,,13:30:00,14:07:00,13:32:00,13:42:00,30
02-02-26,Shift B,Qatar Airways,QR1455,B787,DOH-HRE via LUN,13,7:50:00,9:40:00,7:35:00,9:59:00,7:40:00,9:42:00,7:41:00,9:41:00,7:39:00,9:44:00,7:41:00,7:47:00,20
02-02-26,Shift B,Qatar Airways,QR1456,B787,HRE-DOH via LUN,14,15:00:00,16:30:00,14:48:00,16:50:00,14:53:00,16:34:00,14:54:00,16:33:00,14:52:00,16:36:00,14:54:00,15:02:00,194
02-02-26,Shift B,Turkish Airlines,TK525,B737 Max,IST-IST via LUN,8,1:20:00,2:20:00,1:29:00,2:32:00,1:33:00,2:16:00,,,1:32:00,2:18:00,1:34:00,1:47:00,92
02-02-26,Shift B,Kenya Airways,KQ704,E195,NBO-HRE via LUN,9,17:20:00,18:10:00,17:15:00,18:34:00,17:18:00,18:23:00,,,17:17:00,18:25:00,17:19:00,17:26:00,121
02-02-26,Shift B,Kenya Airways,KQ706,E195,NBO-HRE via LUN,10,9:10:00,10:00:00,9:03:00,10:25:00,9:08:00,10:12:00,,,9:07:00,10:14:00,9:09:00,9:16:00,176
03-02-26,Shift B,Air Botswana,BP312,E175,GBE-HRE via LUN,8,8:50:00,9:40:00,9:07:00,9:50:00,9:12:00,9:33:00,,,9:11:00,9:35:00,9:13:00,9:21:00,135
03-02-26,Shift B,Malawian Airlines,ET34,DH8,LLW-HRE via LUN,9,11:45:00,12:20:00,11:47:00,12:25:00,11:52:00,12:13:00,,,11:51:00,12:15:00,11:53:00,12:00:00,137
03-02-26,Shift B,Malawian Airlines,ET35,DH8,HRE-LLW via LUN,10,13:10:00,13:45:00,13:16:00,13:36:00,13:20:00,13:19:00,,,13:19:00,13:21:00,13:21:00,13:26:00,175
03-02-26,Shift B,South African Airways,SA62,A320,JNB-JNB via LUN,12,12:40:00,13:30:00,12:55:00,12:55:00,12:58:00,13:03:00,,,12:57:00,13:05:00,12:59:00,13:07:00,125
03-02-26,Shift B,Air Tanzania,TC212,A220,DAR-HRE via LUN,13,12:20:00,13:10:00,12:40:00,13:31:00,12:46:00,13:16:00,,,12:45:00,13:18:00,12:47:00,12:51:00,186
03-02-26,Shift B,Uganda Airlines,UR722,CRJ900,EBB-HRE via LUN,14,11:45:00,12:30:00,11:34:00,12:54:00,11:37:00,12:37:00,,,11:36:00,12:39:00,11:38:00,11:51:00,192
03-02-26,Shift B,RwandAir,WB112,B737,KGL-HRE via LUN,8,15:00:00,15:50:00,14:52:00,16:02:00,14:58:00,15:46:00,,,14:57:00,15:48:00,14:59:00,15:07:00,119
03-02-26,Shift B,Ethiopian Airways,ET873,A350,ADD-ADD via LUN,9,13:10:00,15:10:00,12:55:00,15:07:00,13:01:00,14:55:00,13:02:00,14:54:00,13:00:00,14:57:00,13:02:00,13:08:00,133
03-02-26,Shift B,Airlink,4Z166,E135,JNB-JNB via LUN,10,9:40:00,10:15:00,9:25:00,10:19:00,9:28:00,10:08:00,,,9:27:00,10:10:00,9:29:00,9:45:00,111
03-02-26,Shift B,Airlink,4Z162,E195,JNB-JNB via LUN,12,13:30:00,14:15:00,13:27:00,14:10:00,13:32:00,14:00:00,,,13:31:00,14:02:00,13:33:00,13:40:00,146
03-02-26,Shift B,Qatar Airways,QR1455,B787,DOH-HRE via LUN,13,7:50:00,9:40:00,7:58:00,9:32:00,8:03:00,9:18:00,8:04:00,9:17:00,8:02:00,9:20:00,8:04:00,8:17:00,73
03-02-26,Shift B,Qatar Airways,QR1456,B787,HRE-DOH via LUN,14,15:00:00,16:30:00,14:45:00,16:32:00,14:51:00,16:24:00,14:52:00,16:23:00,14:50:00,16:26:00,14:52:00,14:59:00,165
03-02-26,Shift B,Turkish Airlines,TK525,B737 Max,IST-IST via LUN,8,1:20:00,2:20:00,1:37:00,1:37:00,1:41:00,2:26:00,,,1:40:00,2:28:00,1:42:00,1:50:00,188
03-02-26,Shift B,Kenya Airways,KQ704,E195,NBO-HRE via LUN,9,17:20:00,18:10:00,17:09:00,18:08:00,17:12:00,17:59:00,,,17:11:00,18:01:00,17:13:00,17:23:00,165
03-02-26,Shift B,Kenya Airways,KQ706,E195,NBO-HRE via LUN,10,9:10:00,10:00:00,9:28:00,10:07:00,9:32:00,9:50:00,,,9:31:00,9:52:00,9:33:00,9:38:00,197
04-02-26,Shift B,Air Botswana,BP312,E175,GBE-HRE via LUN,8,8:50:00,9:40:00,9:09:00,9:46:00,9:15:00,9:39:00,,,9:14:00,9:41:00,9:16:00,9:25:00,184
04-02-26,Shift B,Malawian Airlines,ET34,DH8,LLW-HRE via LUN,9,11:45:00,12:20:00,11:33:00,12:30:00,11:39:00,12:17:00,,,11:38:00,12:19:00,11:40:00,11:47:00,51
04-02-26,Shift B,Malawian Airlines,ET35,DH8,HRE-LLW via LUN,10,13:10:00,13:45:00,13:28:00,14:04:00,13:34:00,13:52:00,,,13:33:00,13:54:00,13:35:00,13:46:00,31
04-02-26,Shift B,South African Airways,SA62,A320,JNB-JNB via LUN,12,12:40:00,13:30:00,12:39:00,13:23:00,12:44:00,13:10:00,,,12:43:00,13:12:00,12:45:00,12:57:00,134
04-02-26,Shift B,Air Tanzania,TC212,A220,DAR-HRE via LUN,13,12:20:00,13:10:00,12:25:00,13:00:00,12:31:00,12:50:00,,,12:30:00,12:52:00,12:32:00,12:40:00,40
04-02-26,Shift B,Uganda Airlines,UR722,CRJ900,EBB-HRE via LUN,14,11:45:00,12:30:00,11:31:00,12:34:00,11:37:00,12:26:00,,,11:36:00,12:28:00,11:38:00,11:44:00,70
04-02-26,Shift B,RwandAir,WB112,B737,KGL-HRE via LUN,8,15:00:00,15:50:00,14:55:00,16:01:00,15:00:00,15:53:00,,,14:59:00,15:55:00,15:01:00,15:15:00,180
04-02-26,Shift B,Ethiopian Airways,ET873,A350,ADD-ADD via LUN,9,13:10:00,15:10:00,12:56:00,15:30:00,13:02:00,15:23:00,13:03:00,15:22:00,13:01:00,15:25:00,13:03:00,13:15:00,180
04-02-26,Shift B,Airlink,4Z166,E135,JNB-JNB via LUN,10,9:40:00,10:15:00,9:46:00,10:21:00,9:50:00,10:13:00,,,9:49:00,10:15:00,9:51:00,10:03:00,81
04-02-26,Shift B,Airlink,4Z162,E195,JNB-JNB via LUN,12,13:30:00,14:15:00,13:36:00,14:08:00,13:41:00,13:53:00,,,13:40:00,13:55:00,13:42:00,13:49:00,38
04-02-26,Shift B,Qatar Airways,QR1455,B787,DOH-HRE via LUN,13,7:50:00,9:40:00,8:03:00,9:36:00,8:09:00,9:20:00,8:10:00,9:19:00,8:08:00,9:22:00,8:10:00,8:14:00,41
04-02-26,Shift B,Qatar Airways,QR1456,B787,HRE-DOH via LUN,14,15:00:00,16:30:00,14:48:00,16:22:00,14:54:00,16:10:00,14:55:00,16:09:00,14:53:00,16:12:00,14:55:00,14:59:00,52
04-02-26,Shift B,Turkish Airlines,TK525,B737 Max,IST-IST via LUN,8,1:20:00,2:20:00,1:08:00,2:38:00,1:11:00,2:27:00,,,1:10:00,2:29:00,1:12:00,1:27:00,180
04-02-26,Shift B,Kenya Airways,KQ704,B737,NBO-HRE via LUN,9,17:20:00,18:10:00,17:09:00,18:06:00,17:12:00,17:51:00,,,17:11:00,17:53:00,17:13:00,17:19:00,95
04-02-26,Shift B,Kenya Airways,KQ706,B737,NBO-HRE via LUN,10,9:10:00,10:00:00,9:20:00,9:56:00,9:26:00,9:46:00,,,9:25:00,9:48:00,9:27:00,9:39:00,188
05-02-26,Shift A,Air Botswana,BP312,E175,GBE-HRE via LUN,1,8:50:00,9:40:00,8:35:00,9:59:00,8:41:00,9:45:00,,,8:40:00,9:47:00,8:42:00,8:51:00,178
05-02-26,Shift A,Malawian Airlines,ET34,DH8,LLW-HRE via LUN,2,11:45:00,12:20:00,11:36:00,12:31:00,11:39:00,12:17:00,,,11:38:00,12:19:00,11:40:00,11:54:00,104
05-02-26,Shift A,Malawian Airlines,ET35,DH8,HRE-LLW via LUN,3,13:10:00,13:45:00,13:07:00,13:41:00,13:10:00,13:34:00,,,13:09:00,13:36:00,13:11:00,13:26:00,37
05-02-26,Shift A,South African Airways,SA62,A320,JNB-JNB via LUN,4,12:40:00,13:30:00,12:37:00,13:28:00,12:42:00,13:16:00,,,12:41:00,13:18:00,12:43:00,12:53:00,143
05-02-26,Shift A,Air Tanzania,TC212,A220,DAR-HRE via LUN,5,12:20:00,13:10:00,12:33:00,13:11:00,12:37:00,13:02:00,,,12:36:00,13:04:00,12:38:00,12:43:00,35
05-02-26,Shift A,Uganda Airlines,UR722,CRJ900,EBB-HRE via LUN,6,11:45:00,12:30:00,11:38:00,12:39:00,11:44:00,12:24:00,,,11:43:00,12:26:00,11:45:00,11:58:00,111
05-02-26,Shift A,RwandAir,WB112,B737,KGL-HRE via LUN,7,15:00:00,15:50:00,15:04:00,16:14:00,15:08:00,16:05:00,,,15:07:00,16:07:00,15:09:00,15:21:00,99
05-02-26,Shift A,Ethiopian Airways,ET873,B787,ADD-ADD via LUN,1,13:10:00,15:10:00,13:16:00,15:18:00,13:21:00,15:11:00,13:22:00,15:10:00,13:20:00,15:13:00,13:22:00,13:34:00,170
05-02-26,Shift A,Airlink,4Z166,E135,JNB-JNB via LUN,2,9:40:00,10:15:00,9:34:00,10:08:00,9:38:00,9:53:00,,,9:37:00,9:55:00,9:39:00,9:52:00,33
05-02-26,Shift A,Airlink,4Z162,E195,JNB-JNB via LUN,3,13:30:00,14:15:00,13:42:00,14:27:00,13:46:00,14:17:00,,,13:45:00,14:19:00,13:47:00,14:02:00,71
05-02-26,Shift A,Qatar Airways,QR1455,B787,DOH-HRE via LUN,4,7:50:00,9:40:00,7:39:00,9:51:00,7:43:00,9:34:00,7:44:00,9:33:00,7:42:00,9:36:00,7:44:00,7:56:00,197
05-02-26,Shift A,Qatar Airways,QR1456,B787,HRE-DOH via LUN,5,15:00:00,16:30:00,15:14:00,16:41:00,15:19:00,16:25:00,15:20:00,16:24:00,15:18:00,16:27:00,15:20:00,15:28:00,127
05-02-26,Shift A,Turkish Airlines,TK525,B737 Max,IST-IST via LUN,6,1:20:00,2:20:00,1:26:00,2:20:00,1:29:00,2:06:00,,,1:28:00,2:08:00,1:30:00,1:36:00,146
05-02-26,Shift A,Kenya Airways,KQ704,E195,NBO-HRE via LUN,7,17:20:00,18:10:00,17:05:00,17:05:00,17:09:00,18:00:00,,,17:08:00,18:02:00,17:10:00,17:24:00,74
05-02-26,Shift A,Kenya Airways,KQ706,E195,NBO-HRE via LUN,1,9:10:00,10:00:00,9:25:00,10:11:00,9:31:00,10:01:00,,,9:30:00,10:03:00,9:32:00,9:41:00,67
06-02-26,Shift A,Air Botswana,BP312,E175,GBE-HRE via LUN,1,8:50:00,9:40:00,8:35:00,9:53:00,8:38:00,9:45:00,,,8:37:00,9:47:00,8:39:00,8:50:00,27
06-02-26,Shift A,Malawian Airlines,ET34,DH8,LLW-HRE via LUN,2,11:45:00,12:20:00,12:05:00,12:17:00,12:09:00,12:06:00,,,12:08:00,12:08:00,12:10:00,12:22:00,69
06-02-26,Shift A,Malawian Airlines,ET35,DH8,HRE-LLW via LUN,3,13:10:00,13:45:00,13:18:00,13:37:00,13:21:00,13:27:00,,,13:20:00,13:29:00,13:22:00,13:31:00,92
06-02-26,Shift A,South African Airways,SA62,A320,JNB-JNB via LUN,4,12:40:00,13:30:00,12:36:00,13:34:00,12:41:00,13:25:00,,,12:40:00,13:27:00,12:42:00,12:51:00,161
06-02-26,Shift A,Air Tanzania,TC212,A220,DAR-HRE via LUN,5,12:20:00,13:10:00,12:20:00,13:11:00,12:24:00,13:04:00,,,12:23:00,13:06:00,12:25:00,12:32:00,87
06-02-26,Shift A,Uganda Airlines,UR722,CRJ900,EBB-HRE via LUN,6,11:45:00,12:30:00,11:36:00,12:21:00,11:40:00,12:08:00,,,11:39:00,12:10:00,11:41:00,11:56:00,48
06-02-26,Shift A,RwandAir,WB112,B737,KGL-HRE via LUN,7,15:00:00,15:50:00,15:06:00,15:53:00,15:11:00,15:39:00,,,15:10:00,15:41:00,15:12:00,15:19:00,114
06-02-26,Shift A,Ethiopian Airways,ET873,B777,ADD-ADD via LUN,1,13:10:00,15:10:00,13:05:00,15:33:00,13:11:00,15:25:00,13:12:00,15:24:00,13:10:00,15:27:00,13:12:00,13:16:00,56
06-02-26,Shift A,Airlink,4Z166,E135,JNB-JNB via LUN,2,9:40:00,10:15:00,9:33:00,10:17:00,9:37:00,10:02:00,,,9:36:00,10:04:00,9:38:00,9:49:00,197
06-02-26,Shift A,Airlink,4Z162,E195,JNB-JNB via LUN,3,13:30:00,14:15:00,13:38:00,14:25:00,13:44:00,14:08:00,,,13:43:00,14:10:00,13:45:00,13:51:00,31
06-02-26,Shift A,Qatar Airways,QR1455,B787,DOH-HRE via LUN,4,7:50:00,9:40:00,7:47:00,10:04:00,7:52:00,9:55:00,7:53:00,9:54:00,7:51:00,9:57:00,7:53:00,8:02:00,83
06-02-26,Shift A,Qatar Airways,QR1456,B787,HRE-DOH via LUN,5,15:00:00,16:30:00,14:48:00,16:37:00,14:52:00,16:22:00,14:53:00,16:21:00,14:51:00,16:24:00,14:53:00,15:07:00,145
06-02-26,Shift A,Turkish Airlines,TK525,B737 Max,IST-IST via LUN,6,1:20:00,2:20:00,1:18:00,2:15:00,1:24:00,1:58:00,,,1:23:00,2:00:00,1:25:00,1:37:00,36
06-02-26,Shift A,Kenya Airways,KQ704,E195,NBO-HRE via LUN,7,17:20:00,18:10:00,17:37:00,18:24:00,17:42:00,18:10:00,,,17:41:00,18:12:00,17:43:00,17:55:00,138
06-02-26,Shift A,Kenya Airways,KQ706,E195,NBO-HRE via LUN,1,9:10:00,10:00:00,9:15:00,9:15:00,9:21:00,9:59:00,,,9:20:00,10:01:00,9:22:00,9:32:00,88
07-02-26,Shift A,Air Botswana,BP312,E175,GBE-HRE via LUN,1,8:50:00,9:40:00,9:00:00,9:32:00,9:04:00,9:22:00,,,9:03:00,9:24:00,9:05:00,9:13:00,135
07-02-26,Shift A,Malawian Airlines,ET34,DH8,LLW-HRE via LUN,2,11:45:00,12:20:00,11:45:00,12:35:00,11:49:00,12:24:00,,,11:48:00,12:26:00,11:50:00,12:01:00,116
07-02-26,Shift A,Malawian Airlines,ET35,DH8,HRE-LLW via LUN,3,13:10:00,13:45:00,13:05:00,13:05:00,13:10:00,13:43:00,,,13:09:00,13:45:00,13:11:00,13:16:00,54
07-02-26,Shift A,South African Airways,SA62,A320,JNB-JNB via LUN,4,12:40:00,13:30:00,12:30:00,13:38:00,12:36:00,13:23:00,,,12:35:00,13:25:00,12:37:00,12:45:00,78
07-02-26,Shift A,Air Tanzania,TC212,A220,DAR-HRE via LUN,5,12:20:00,13:10:00,12:07:00,13:29:00,12:12:00,13:16:00,,,12:11:00,13:18:00,12:13:00,12:24:00,139
07-02-26,Shift A,Uganda Airlines,UR722,CRJ900,EBB-HRE via LUN,6,11:45:00,12:30:00,11:57:00,12:46:00,12:02:00,12:32:00,,,12:01:00,12:34:00,12:03:00,12:12:00,89
07-02-26,Shift A,RwandAir,WB112,B737,KGL-HRE via LUN,7,15:00:00,15:50:00,15:09:00,15:41:00,15:13:00,15:27:00,,,15:12:00,15:29:00,15:14:00,15:22:00,87
07-02-26,Shift A,Ethiopian Airways,ET873,B787,ADD-ADD via LUN,1,13:10:00,15:10:00,12:59:00,15:22:00,13:02:00,15:11:00,13:03:00,15:10:00,13:01:00,15:13:00,13:03:00,13:17:00,151
07-02-26,Shift A,Airlink,4Z166,E135,JNB-JNB via LUN,2,9:40:00,10:15:00,9:59:00,10:10:00,10:04:00,10:00:00,,,10:03:00,10:02:00,10:05:00,10:10:00,50
07-02-26,Shift A,Airlink,4Z162,E195,JNB-JNB via LUN,3,13:30:00,14:15:00,13:19:00,14:28:00,13:22:00,14:13:00,,,13:21:00,14:15:00,13:23:00,13:32:00,105
07-02-26,Shift A,Qatar Airways,QR1455,B787,DOH-HRE via LUN,4,7:50:00,9:40:00,7:47:00,9:51:00,7:52:00,9:40:00,7:53:00,9:39:00,7:51:00,9:42:00,7:53:00,8:07:00,90
07-02-26,Shift A,Qatar Airways,QR1456,B787,HRE-DOH via LUN,5,15:00:00,16:30:00,14:57:00,16:28:00,15:02:00,16:21:00,15:03:00,16:20:00,15:01:00,16:23:00,15:03:00,15:11:00,92
07-02-26,Shift A,Turkish Airlines,TK525,B737 Max,IST-IST via LUN,6,1:20:00,2:20:00,1:27:00,2:35:00,1:33:00,2:19:00,,,1:32:00,2:21:00,1:34:00,1:47:00,23
07-02-26,Shift A,Kenya Airways,KQ704,B737,NBO-HRE via LUN,7,17:20:00,18:10:00,17:37:00,18:09:00,17:43:00,17:59:00,,,17:42:00,18:01:00,17:44:00,17:50:00,73
07-02-26,Shift A,Kenya Airways,KQ706,B737,NBO-HRE via LUN,1,9:10:00,10:00:00,9:09:00,10:23:00,9:15:00,10:09:00,,,9:14:00,10:11:00,9:16:00,9:24:00,41
08-02-26,Shift A,Air Botswana,BP312,E175,GBE-HRE via LUN,1,8:50:00,9:40:00,8:55:00,9:42:00,9:01:00,9:29:00,,,9:00:00,9:31:00,9:02:00,9:08:00,132
08-02-26,Shift A,Malawian Airlines,ET34,DH8,LLW-HRE via LUN,2,11:45:00,12:20:00,11:58:00,12:45:00,12:01:00,12:33:00,,,12:00:00,12:35:00,12:02:00,12:10:00,167
08-02-26,Shift A,Malawian Airlines,ET35,DH8,HRE-LLW via LUN,3,13:10:00,13:45:00,13:03:00,13:54:00,13:06:00,13:40:00,,,13:05:00,13:42:00,13:07:00,13:23:00,110
08-02-26,Shift A,South African Airways,SA62,A320,JNB-JNB via LUN,4,12:40:00,13:30:00,12:46:00,13:34:00,12:52:00,13:21:00,,,12:51:00,13:23:00,12:53:00,13:06:00,123
08-02-26,Shift A,Air Tanzania,TC212,A220,DAR-HRE via LUN,5,12:20:00,13:10:00,12:39:00,13:19:00,12:44:00,13:03:00,,,12:43:00,13:05:00,12:45:00,12:49:00,165
08-02-26,Shift A,Uganda Airlines,UR722,CRJ900,EBB-HRE via LUN,6,11:45:00,12:30:00,11:32:00,12:28:00,11:36:00,12:16:00,,,11:35:00,12:18:00,11:37:00,11:51:00,181
08-02-26,Shift A,RwandAir,WB112,B737,KGL-HRE via LUN,7,15:00:00,15:50:00,15:10:00,16:04:00,15:14:00,15:51:00,,,15:13:00,15:53:00,15:15:00,15:21:00,156
08-02-26,Shift A,Ethiopian Airways,ET873,B777,ADD-ADD via LUN,1,13:10:00,15:10:00,13:07:00,15:30:00,13:10:00,15:18:00,13:11:00,15:17:00,13:09:00,15:20:00,13:11:00,13:26:00,135
08-02-26,Shift A,Airlink,4Z166,E135,JNB-JNB via LUN,2,9:40:00,10:15:00,9:44:00,10:10:00,9:48:00,10:02:00,,,9:47:00,10:04:00,9:49:00,10:04:00,161
08-02-26,Shift A,Airlink,4Z162,E195,JNB-JNB via LUN,3,13:30:00,14:15:00,13:26:00,14:07:00,13:32:00,14:00:00,,,13:31:00,14:02:00,13:33:00,13:38:00,70
08-02-26,Shift A,Qatar Airways,QR1455,B787,DOH-HRE via LUN,4,7:50:00,9:40:00,7:39:00,9:54:00,7:44:00,9:44:00,7:45:00,9:43:00,7:43:00,9:46:00,7:45:00,7:52:00,94
08-02-26,Shift A,Qatar Airways,QR1456,B787,HRE-DOH via LUN,5,15:00:00,16:30:00,15:18:00,16:24:00,15:24:00,16:17:00,15:25:00,16:16:00,15:23:00,16:19:00,15:25:00,15:33:00,152
08-02-26,Shift A,Turkish Airlines,TK525,B737 Max,IST-IST via LUN,6,1:20:00,2:20:00,1:05:00,2:20:00,1:10:00,2:07:00,,,1:09:00,2:09:00,1:11:00,1:21:00,60
08-02-26,Shift A,Kenya Airways,KQ704,E195,NBO-HRE via LUN,7,17:20:00,18:10:00,17:13:00,18:34:00,17:19:00,18:20:00,,,17:18:00,18:22:00,17:20:00,17:24:00,119
08-02-26,Shift A,Kenya Airways,KQ706,E195,NBO-HRE via LUN,1,9:10:00,10:00:00,9:03:00,10:03:00,9:08:00,9:50:00,,,9:07:00,9:52:00,9:09:00,9:23:00,141
09-02-26,Shift B,Air Botswana,BP312,E175,GBE-HRE via LUN,8,8:50:00,9:40:00,8:45:00,9:49:00,8:49:00,9:34:00,,,8:48:00,9:36:00,8:50:00,9:05:00,137
09-02-26,Shift B,Malawian Airlines,ET34,DH8,LLW-HRE via LUN,9,11:45:00,12:20:00,11:47:00,12:22:00,11:50:00,12:13:00,,,11:49:00,12:15:00,11:51:00,12:04:00,36
09-02-26,Shift B,Malawian Airlines,ET35,DH8,HRE-LLW via LUN,10,13:10:00,13:45:00,13:20:00,13:50:00,13:25:00,13:34:00,,,13:24:00,13:36:00,13:26:00,13:37:00,137
09-02-26,Shift B,South African Airways,SA62,A320,JNB-JNB via LUN,12,12:40:00,13:30:00,12:54:00,13:22:00,12:57:00,13:11:00,,,12:56:00,13:13:00,12:58:00,13:14:00,136
09-02-26,Shift B,Air Tanzania,TC212,A220,DAR-HRE via LUN,13,12:20:00,13:10:00,12:27:00,13:19:00,12:33:00,13:03:00,,,12:32:00,13:05:00,12:34:00,12:39:00,126
09-02-26,Shift B,Uganda Airlines,UR722,CRJ900,EBB-HRE via LUN,14,11:45:00,12:30:00,11:45:00,12:31:00,11:51:00,12:17:00,,,11:50:00,12:19:00,11:52:00,12:01:00,188
09-02-26,Shift B,RwandAir,WB112,B737,KGL-HRE via LUN,8,15:00:00,15:50:00,14:56:00,15:46:00,15:02:00,15:39:00,,,15:01:00,15:41:00,15:03:00,15:09:00,60
09-02-26,Shift B,Ethiopian Airways,ET873,B777,ADD-ADD via LUN,9,13:10:00,15:10:00,13:29:00,15:18:00,13:32:00,15:08:00,13:33:00,15:07:00,13:31:00,15:10:00,13:33:00,13:46:00,125
09-02-26,Shift B,Airlink,4Z166,E135,JNB-JNB via LUN,10,9:40:00,10:15:00,10:00:00,10:12:00,10:05:00,10:04:00,,,10:04:00,10:06:00,10:06:00,10:11:00,149
09-02-26,Shift B,Airlink,4Z162,E195,JNB-JNB via LUN,12,13:30:00,14:15:00,13:35:00,14:31:00,13:41:00,14:22:00,,,13:40:00,14:24:00,13:42:00,13:49:00,73
09-02-26,Shift B,Qatar Airways,QR1455,B787,DOH-HRE via LUN,13,7:50:00,9:40:00,8:07:00,9:32:00,8:13:00,9:25:00,8:14:00,9:24:00,8:12:00,9:27:00,8:14:00,8:18:00,183
09-02-26,Shift B,Qatar Airways,QR1456,B787,HRE-DOH via LUN,14,15:00:00,16:30:00,15:14:00,16:44:00,15:19:00,16:31:00,15:20:00,16:30:00,15:18:00,16:33:00,15:20:00,15:27:00,121
09-02-26,Shift B,Turkish Airlines,TK525,B737 Max,IST-IST via LUN,8,1:20:00,2:20:00,1:07:00,2:10:00,1:12:00,2:02:00,,,1:11:00,2:04:00,1:13:00,1:19:00,103
09-02-26,Shift B,Kenya Airways,KQ704,B737,NBO-HRE via LUN,9,17:20:00,18:10:00,17:36:00,17:36:00,17:39:00,18:21:00,,,17:38:00,18:23:00,17:40:00,17:54:00,188
09-02-26,Shift B,Kenya Airways,KQ706,E195,NBO-HRE via LUN,10,9:10:00,10:00:00,9:23:00,9:58:00,9:29:00,9:47:00,,,9:28:00,9:49:00,9:30:00,9:35:00,63
10-02-26,Shift B,Air Botswana,BP312,E175,GBE-HRE via LUN,8,8:50:00,9:40:00,8:36:00,9:36:00,8:40:00,9:25:00,,,8:39:00,9:27:00,8:41:00,8:47:00,156
10-02-26,Shift B,Malawian Airlines,ET34,DH8,LLW-HRE via LUN,9,11:45:00,12:20:00,11:55:00,12:20:00,11:58:00,12:03:00,,,11:57:00,12:05:00,11:59:00,12:05:00,193
10-02-26,Shift B,Malawian Airlines,ET35,DH8,HRE-LLW via LUN,10,13:10:00,13:45:00,13:12:00,13:12:00,13:18:00,13:32:00,,,13:17:00,13:34:00,13:19:00,13:24:00,75
10-02-26,Shift B,South African Airways,SA62,A320,JNB-JNB via LUN,12,12:40:00,13:30:00,12:27:00,13:54:00,12:31:00,13:40:00,,,12:30:00,13:42:00,12:32:00,12:37:00,182
10-02-26,Shift B,Air Tanzania,TC212,A220,DAR-HRE via LUN,13,12:20:00,13:10:00,12:38:00,13:06:00,12:44:00,12:55:00,,,12:43:00,12:57:00,12:45:00,12:55:00,33
10-02-26,Shift B,Uganda Airlines,UR722,CRJ900,EBB-HRE via LUN,14,11:45:00,12:30:00,11:30:00,12:23:00,11:36:00,12:13:00,,,11:35:00,12:15:00,11:37:00,11:43:00,115
10-02-26,Shift B,RwandAir,WB112,B737,KGL-HRE via LUN,8,15:00:00,15:50:00,15:00:00,15:52:00,15:03:00,15:45:00,,,15:02:00,15:47:00,15:04:00,15:16:00,27
10-02-26,Shift B,Ethiopian Airways,ET873,A350,ADD-ADD via LUN,9,13:10:00,15:10:00,13:16:00,15:12:00,13:19:00,15:02:00,13:20:00,15:01:00,13:18:00,15:04:00,13:20:00,13:27:00,190
10-02-26,Shift B,Airlink,4Z166,E135,JNB-JNB via LUN,10,9:40:00,10:15:00,9:35:00,10:15:00,9:38:00,10:02:00,,,9:37:00,10:04:00,9:39:00,9:53:00,47
10-02-26,Shift B,Airlink,4Z162,E195,JNB-JNB via LUN,12,13:30:00,14:15:00,13:35:00,14:25:00,13:39:00,14:09:00,,,13:38:00,14:11:00,13:40:00,13:48:00,158
10-02-26,Shift B,Qatar Airways,QR1455,B787,DOH-HRE via LUN,13,7:50:00,9:40:00,8:00:00,9:57:00,8:03:00,9:47:00,8:04:00,9:46:00,8:02:00,9:49:00,8:04:00,8:13:00,47
10-02-26,Shift B,Qatar Airways,QR1456,B787,HRE-DOH via LUN,14,15:00:00,16:30:00,15:07:00,16:40:00,15:11:00,16:33:00,15:12:00,16:32:00,15:10:00,16:35:00,15:12:00,15:23:00,187
10-02-26,Shift B,Turkish Airlines,TK525,B737 Max,IST-IST via LUN,8,1:20:00,2:20:00,1:25:00,2:10:00,1:31:00,2:00:00,,,1:30:00,2:02:00,1:32:00,1:42:00,76
10-02-26,Shift B,Kenya Airways,KQ704,E195,NBO-HRE via LUN,9,17:20:00,18:10:00,17:22:00,17:22:00,17:25:00,18:15:00,,,17:24:00,18:17:00,17:26:00,17:35:00,125
10-02-26,Shift B,Kenya Airways,KQ706,B737,NBO-HRE via LUN,10,9:10:00,10:00:00,9:26:00,9:56:00,9:30:00,9:45:00,,,9:29:00,9:47:00,9:31:00,9:37:00,173
11-02-26,Shift B,Air Botswana,BP312,E175,GBE-HRE via LUN,8,8:50:00,9:40:00,8:55:00,9:54:00,8:59:00,9:42:00,,,8:58:00,9:44:00,9:00:00,9:07:00,182
11-02-26,Shift B,Malawian Airlines,ET34,DH8,LLW-HRE via LUN,9,11:45:00,12:20:00,11:50:00,12:40:00,11:53:00,12:28:00,,,11:52:00,12:30:00,11:54:00,12:00:00,175
11-02-26,Shift B,Malawian Airlines,ET35,DH8,HRE-LLW via LUN,10,13:10:00,13:45:00,13:23:00,13:59:00,13:27:00,13:44:00,,,13:26:00,13:46:00,13:28:00,13:42:00,200
11-02-26,Shift B,South African Airways,SA62,A320,JNB-JNB via LUN,12,12:40:00,13:30:00,12:25:00,13:34:00,12:28:00,13:18:00,,,12:27:00,13:20:00,12:29:00,12:36:00,99
11-02-26,Shift B,Air Tanzania,TC212,A220,DAR-HRE via LUN,13,12:20:00,13:10:00,12:20:00,13:27:00,12:24:00,13:11:00,,,12:23:00,13:13:00,12:25:00,12:31:00,35
11-02-26,Shift B,Uganda Airlines,UR722,CRJ900,EBB-HRE via LUN,14,11:45:00,12:30:00,11:38:00,12:43:00,11:44:00,12:32:00,,,11:43:00,12:34:00,11:45:00,11:51:00,58
11-02-26,Shift B,RwandAir,WB112,B737,KGL-HRE via LUN,8,15:00:00,15:50:00,15:09:00,15:53:00,15:12:00,15:43:00,,,15:11:00,15:45:00,15:13:00,15:28:00,133
11-02-26,Shift B,Ethiopian Airways,ET873,B787,ADD-ADD via LUN,9,13:10:00,15:10:00,13:16:00,15:08:00,13:21:00,14:56:00,13:22:00,14:55:00,13:20:00,14:58:00,13:22:00,13:36:00,30
11-02-26,Shift B,Airlink,4Z166,E135,JNB-JNB via LUN,10,9:40:00,10:15:00,9:58:00,10:31:00,10:03:00,10:24:00,,,10:02:00,10:26:00,10:04:00,10:11:00,104
11-02-26,Shift B,Airlink,4Z162,E195,JNB-JNB via LUN,12,13:30:00,14:15:00,13:36:00,14:20:00,13:40:00,14:05:00,,,13:39:00,14:07:00,13:41:00,13:46:00,190
11-02-26,Shift B,Qatar Airways,QR1455,B787,DOH-HRE via LUN,13,7:50:00,9:40:00,7:50:00,9:44:00,7:56:00,9:29:00,7:57:00,9:28:00,7:55:00,9:31:00,7:57:00,8:05:00,66
11-02-26,Shift B,Qatar Airways,QR1456,B787,HRE-DOH via LUN,14,15:00:00,16:30:00,15:13:00,16:20:00,15:16:00,16:06:00,15:17:00,16:05:00,15:15:00,16:08:00,15:17:00,15:24:00,69
11-02-26,Shift B,Turkish Airlines,TK525,B737 Max,IST-IST via LUN,8,1:20:00,2:20:00,1:08:00,2:19:00,1:12:00,2:10:00,,,1:11:00,2:12:00,1:13:00,1:19:00,64
11-02-26,Shift B,Kenya Airways,KQ704,E195,NBO-HRE via LUN,9,17:20:00,18:10:00,17:20:00,18:32:00,17:23:00,18:19:00,,,17:22:00,18:21:00,17:24:00,17:37:00,99
11-02-26,Shift B,Kenya Airways,KQ706,E195,NBO-HRE via LUN,10,9:10:00,10:00:00,9:07:00,10:05:00,9:13:00,9:56:00,,,9:12:00,9:58:00,9:14:00,9:26:00,83
12-02-26,Shift B,Air Botswana,BP312,E175,GBE-HRE via LUN,8,8:50:00,9:40:00,8:54:00,9:48:00,9:00:00,9:31:00,,,8:59:00,9:33:00,9:01:00,9:07:00,89
12-02-26,Shift B,Malawian Airlines,ET34,DH8,LLW-HRE via LUN,9,11:45:00,12:20:00,12:00:00,12:15:00,12:05:00,12:02:00,,,12:04:00,12:04:00,12:06:00,12:16:00,62
12-02-26,Shift B,Malawian Airlines,ET35,DH8,HRE-LLW via LUN,10,13:10:00,13:45:00,13:25:00,14:03:00,13:31:00,13:48:00,,,13:30:00,13:50:00,13:32:00,13:44:00,130
12-02-26,Shift B,South African Airways,SA62,A320,JNB-JNB via LUN,12,12:40:00,13:30:00,12:34:00,13:50:00,12:37:00,13:37:00,,,12:36:00,13:39:00,12:38:00,12:50:00,41
12-02-26,Shift B,Air Tanzania,TC212,A220,DAR-HRE via LUN,13,12:20:00,13:10:00,12:24:00,13:34:00,12:28:00,13:19:00,,,12:27:00,13:21:00,12:29:00,12:36:00,85
12-02-26,Shift B,Uganda Airlines,UR722,CRJ900,EBB-HRE via LUN,14,11:45:00,12:30:00,11:54:00,12:49:00,11:59:00,12:35:00,,,11:58:00,12:37:00,12:00:00,12:08:00,116
12-02-26,Shift B,RwandAir,WB112,B737,KGL-HRE via LUN,8,15:00:00,15:50:00,15:20:00,16:10:00,15:23:00,15:58:00,,,15:22:00,16:00:00,15:24:00,15:32:00,140
12-02-26,Shift B,Ethiopian Airways,ET873,A350,ADD-ADD via LUN,9,13:10:00,15:10:00,13:04:00,15:12:00,13:07:00,15:05:00,13:08:00,15:04:00,13:06:00,15:07:00,13:08:00,13:22:00,115
12-02-26,Shift B,Airlink,4Z166,E135,JNB-JNB via LUN,10,9:40:00,10:15:00,9:56:00,10:30:00,10:02:00,10:17:00,,,10:01:00,10:19:00,10:03:00,10:11:00,118
12-02-26,Shift B,Airlink,4Z162,E195,JNB-JNB via LUN,12,13:30:00,14:15:00,13:46:00,14:24:00,13:49:00,14:11:00,,,13:48:00,14:13:00,13:50:00,13:56:00,51
12-02-26,Shift B,Qatar Airways,QR1455,B787,DOH-HRE via LUN,13,7:50:00,9:40:00,7:59:00,9:40:00,8:03:00,9:27:00,8:04:00,9:26:00,8:02:00,9:29:00,8:04:00,8:13:00,109
12-02-26,Shift B,Qatar Airways,QR1456,B787,HRE-DOH via LUN,14,15:00:00,16:30:00,15:17:00,16:51:00,15:22:00,16:44:00,15:23:00,16:43:00,15:21:00,16:46:00,15:23:00,15:37:00,118
12-02-26,Shift B,Turkish Airlines,TK525,B737 Max,IST-IST via LUN,8,1:20:00,2:20:00,1:32:00,2:25:00,1:36:00,2:11:00,,,1:35:00,2:13:00,1:37:00,1:42:00,112
12-02-26,Shift B,Kenya Airways,KQ704,E195,NBO-HRE via LUN,9,17:20:00,18:10:00,17:14:00,18:16:00,17:20:00,17:59:00,,,17:19:00,18:01:00,17:21:00,17:26:00,85
12-02-26,Shift B,Kenya Airways,KQ706,E195,NBO-HRE via LUN,10,9:10:00,10:00:00,9:05:00,9:50:00,9:08:00,9:42:00,,,9:07:00,9:44:00,9:09:00,9:25:00,118
13-02-26,Shift A,Air Botswana,BP312,E175,GBE-HRE via LUN,1,8:50:00,9:40:00,9:00:00,9:35:00,9:04:00,9:22:00,,,9:03:00,9:24:00,9:05:00,9:12:00,129
13-02-26,Shift A,Malawian Airlines,ET34,DH8,LLW-HRE via LUN,2,11:45:00,12:20:00,11:46:00,11:46:00,11:52:00,12:13:00,,,11:51:00,12:15:00,11:53:00,12:00:00,125
13-02-26,Shift A,Malawian Airlines,ET35,DH8,HRE-LLW via LUN,3,13:10:00,13:45:00,13:00:00,13:00:00,13:05:00,13:32:00,,,13:04:00,13:34:00,13:06:00,13:14:00,73
13-02-26,Shift A,South African Airways,SA62,A320,JNB-JNB via LUN,4,12:40:00,13:30:00,12:50:00,13:39:00,12:53:00,13:30:00,,,12:52:00,13:32:00,12:54:00,13:07:00,20
13-02-26,Shift A,Air Tanzania,TC212,A220,DAR-HRE via LUN,5,12:20:00,13:10:00,12:11:00,13:04:00,12:17:00,12:49:00,,,12:16:00,12:51:00,12:18:00,12:27:00,187
13-02-26,Shift A,Uganda Airlines,UR722,CRJ900,EBB-HRE via LUN,6,11:45:00,12:30:00,11:48:00,12:47:00,11:52:00,12:38:00,,,11:51:00,12:40:00,11:53:00,12:03:00,67
13-02-26,Shift A,RwandAir,WB112,B737,KGL-HRE via LUN,7,15:00:00,15:50:00,14:53:00,15:52:00,14:59:00,15:43:00,,,14:58:00,15:45:00,15:00:00,15:11:00,48
13-02-26,Shift A,Ethiopian Airways,ET873,B777,ADD-ADD via LUN,1,13:10:00,15:10:00,13:08:00,15:11:00,13:12:00,15:04:00,13:13:00,15:03:00,13:11:00,15:06:00,13:13:00,13:20:00,69
13-02-26,Shift A,Airlink,4Z166,E135,JNB-JNB via LUN,2,9:40:00,10:15:00,9:41:00,10:31:00,9:47:00,10:14:00,,,9:46:00,10:16:00,9:48:00,10:00:00,47
13-02-26,Shift A,Airlink,4Z162,E195,JNB-JNB via LUN,3,13:30:00,14:15:00,13:25:00,14:10:00,13:30:00,14:02:00,,,13:29:00,14:04:00,13:31:00,13:41:00,51
13-02-26,Shift A,Qatar Airways,QR1455,B787,DOH-HRE via LUN,4,7:50:00,9:40:00,7:52:00,9:34:00,7:57:00,9:27:00,7:58:00,9:26:00,7:56:00,9:29:00,7:58:00,8:11:00,80
13-02-26,Shift A,Qatar Airways,QR1456,B787,HRE-DOH via LUN,5,15:00:00,16:30:00,15:15:00,16:51:00,15:18:00,16:44:00,15:19:00,16:43:00,15:17:00,16:46:00,15:19:00,15:25:00,88
13-02-26,Shift A,Turkish Airlines,TK525,B737 Max,IST-IST via LUN,6,1:20:00,2:20:00,1:05:00,2:12:00,1:08:00,2:02:00,,,1:07:00,2:04:00,1:09:00,1:23:00,21
13-02-26,Shift A,Kenya Airways,KQ704,B737,NBO-HRE via LUN,7,17:20:00,18:10:00,17:38:00,18:17:00,17:44:00,18:03:00,,,17:43:00,18:05:00,17:45:00,17:53:00,174
13-02-26,Shift A,Kenya Airways,KQ706,B737,NBO-HRE via LUN,1,9:10:00,10:00:00,9:16:00,10:13:00,9:21:00,10:01:00,,,9:20:00,10:03:00,9:22:00,9:29:00,112
14-02-26,Shift A,Air Botswana,BP312,E175,GBE-HRE via LUN,1,8:50:00,9:40:00,9:00:00,9:54:00,9:03:00,9:42:00,,,9:02:00,9:44:00,9:04:00,9:15:00,45
14-02-26,Shift A,Malawian Airlines,ET34,DH8,LLW-HRE via LUN,2,11:45:00,12:20:00,11:30:00,12:39:00,11:36:00,12:30:00,,,11:35:00,12:32:00,11:37:00,11:40:00,174
14-02-26,Shift A,Malawian Airlines,ET35,DH8,HRE-LLW via LUN,3,13:10:00,13:45:00,13:02:00,13:02:00,13:07:00,13:58:00,,,13:06:00,14:00:00,13:08:00,13:17:00,135
14-02-26,Shift A,South African Airways,SA62,A320,JNB-JNB via LUN,4,12:40:00,13:30:00,12:55:00,12:55:00,13:01:00,13:35:00,,,13:00:00,13:37:00,13:02:00,13:08:00,20
14-02-26,Shift A,Air Tanzania,TC212,A220,DAR-HRE via LUN,5,12:20:00,13:10:00,12:25:00,12:25:00,12:30:00,12:54:00,,,12:29:00,12:56:00,12:31:00,12:40:00,193
14-02-26,Shift A,Uganda Airlines,UR722,CRJ900,EBB-HRE via LUN,6,11:45:00,12:30:00,11:58:00,12:34:00,12:04:00,12:21:00,,,12:03:00,12:23:00,12:05:00,12:17:00,40
14-02-26,Shift A,RwandAir,WB112,B737,KGL-HRE via LUN,7,15:00:00,15:50:00,15:07:00,16:07:00,15:13:00,15:50:00,,,15:12:00,15:52:00,15:14:00,15:18:00,118
14-02-26,Shift A,Ethiopian Airways,ET873,B777,ADD-ADD via LUN,1,13:10:00,15:10:00,13:07:00,15:09:00,13:10:00,15:00:00,13:11:00,14:59:00,13:09:00,15:02:00,13:11:00,13:24:00,42
14-02-26,Shift A,Airlink,4Z166,E135,JNB-JNB via LUN,2,9:40:00,10:15:00,9:44:00,10:40:00,9:50:00,10:31:00,,,9:49:00,10:33:00,9:51:00,10:01:00,49
14-02-26,Shift A,Airlink,4Z162,E195,JNB-JNB via LUN,3,13:30:00,14:15:00,13:45:00,14:39:00,13:49:00,14:29:00,,,13:48:00,14:31:00,13:50:00,13:58:00,63
14-02-26,Shift A,Qatar Airways,QR1455,B787,DOH-HRE via LUN,4,7:50:00,9:40:00,7:40:00,9:36:00,7:46:00,9:29:00,7:47:00,9:28:00,7:45:00,9:31:00,7:47:00,7:52:00,103
14-02-26,Shift A,Qatar Airways,QR1456,B787,HRE-DOH via LUN,5,15:00:00,16:30:00,15:09:00,16:37:00,15:13:00,16:26:00,15:14:00,16:25:00,15:12:00,16:28:00,15:14:00,15:29:00,141
14-02-26,Shift A,Turkish Airlines,TK525,B737 Max,IST-IST via LUN,6,1:20:00,2:20:00,1:12:00,2:18:00,1:18:00,2:10:00,,,1:17:00,2:12:00,1:19:00,1:27:00,77
14-02-26,Shift A,Kenya Airways,KQ704,E195,NBO-HRE via LUN,7,17:20:00,18:10:00,17:26:00,18:24:00,17:32:00,18:07:00,,,17:31:00,18:09:00,17:33:00,17:46:00,163
14-02-26,Shift A,Kenya Airways,KQ706,B737,NBO-HRE via LUN,1,9:10:00,10:00:00,9:09:00,10:04:00,9:14:00,9:56:00,,,9:13:00,9:58:00,9:15:00,9:23:00,42
15-02-26,Shift A,Air Botswana,BP312,E175,GBE-HRE via LUN,1,8:50:00,9:40:00,8:42:00,9:35:00,8:47:00,9:19:00,,,8:46:00,9:21:00,8:48:00,8:55:00,49
15-02-26,Shift A,Malawian Airlines,ET34,DH8,LLW-HRE via LUN,2,11:45:00,12:20:00,11:53:00,12:18:00,11:58:00,12:05:00,,,11:57:00,12:07:00,11:59:00,12:12:00,20
15-02-26,Shift A,Malawian Airlines,ET35,DH8,HRE-LLW via LUN,3,13:10:00,13:45:00,13:14:00,13:38:00,13:18:00,13:25:00,,,13:17:00,13:27:00,13:19:00,13:30:00,101
15-02-26,Shift A,South African Airways,SA62,A320,JNB-JNB via LUN,4,12:40:00,13:30:00,12:48:00,13:28:00,12:52:00,13:20:00,,,12:51:00,13:22:00,12:53:00,13:04:00,22
15-02-26,Shift A,Air Tanzania,TC212,A220,DAR-HRE via LUN,5,12:20:00,13:10:00,12:39:00,13:29:00,12:44:00,13:20:00,,,12:43:00,13:22:00,12:45:00,12:53:00,76
15-02-26,Shift A,Uganda Airlines,UR722,CRJ900,EBB-HRE via LUN,6,11:45:00,12:30:00,12:01:00,12:49:00,12:05:00,12:33:00,,,12:04:00,12:35:00,12:06:00,12:15:00,57
15-02-26,Shift A,RwandAir,WB112,B737,KGL-HRE via LUN,7,15:00:00,15:50:00,14:47:00,16:00:00,14:52:00,15:45:00,,,14:51:00,15:47:00,14:53:00,14:58:00,90
15-02-26,Shift A,Ethiopian Airways,ET873,B787,ADD-ADD via LUN,1,13:10:00,15:10:00,13:25:00,15:13:00,13:31:00,15:02:00,13:32:00,15:01:00,13:30:00,15:04:00,13:32:00,13:41:00,35
15-02-26,Shift A,Airlink,4Z166,E135,JNB-JNB via LUN,2,9:40:00,10:15:00,9:46:00,10:14:00,9:50:00,10:04:00,,,9:49:00,10:06:00,9:51:00,9:56:00,65
15-02-26,Shift A,Airlink,4Z162,E195,JNB-JNB via LUN,3,13:30:00,14:15:00,13:46:00,13:46:00,13:51:00,14:13:00,,,13:50:00,14:15:00,13:52:00,13:58:00,25
15-02-26,Shift A,Qatar Airways,QR1455,B787,DOH-HRE via LUN,4,7:50:00,9:40:00,8:10:00,9:55:00,8:15:00,9:42:00,8:16:00,9:41:00,8:14:00,9:44:00,8:16:00,8:30:00,141
15-02-26,Shift A,Qatar Airways,QR1456,B787,HRE-DOH via LUN,5,15:00:00,16:30:00,15:07:00,16:45:00,15:13:00,16:37:00,15:14:00,16:36:00,15:12:00,16:39:00,15:14:00,15:25:00,92
15-02-26,Shift A,Turkish Airlines,TK525,B737 Max,IST-IST via LUN,6,1:20:00,2:20:00,1:23:00,2:22:00,1:29:00,2:14:00,,,1:28:00,2:16:00,1:30:00,1:35:00,102
15-02-26,Shift A,Kenya Airways,KQ704,E195,NBO-HRE via LUN,7,17:20:00,18:10:00,17:24:00,18:29:00,17:28:00,18:13:00,,,17:27:00,18:15:00,17:29:00,17:36:00,133
15-02-26,Shift A,Kenya Airways,KQ706,B737,NBO-HRE via LUN,1,9:10:00,10:00:00,9:13:00,9:59:00,9:17:00,9:49:00,,,9:16:00,9:51:00,9:18:00,9:26:00,186
16-02-26,Shift A,Air Botswana,BP312,E175,GBE-HRE via LUN,1,8:50:00,9:40:00,8:35:00,9:53:00,8:38:00,9:36:00,,,8:37:00,9:38:00,8:39:00,8:47:00,116
16-02-26,Shift A,Malawian Airlines,ET34,DH8,LLW-HRE via LUN,2,11:45:00,12:20:00,11:57:00,12:20:00,12:00:00,12:12:00,,,11:59:00,12:14:00,12:01:00,12:12:00,141
16-02-26,Shift A,Malawian Airlines,ET35,DH8,HRE-LLW via LUN,3,13:10:00,13:45:00,13:06:00,13:38:00,13:09:00,13:23:00,,,13:08:00,13:25:00,13:10:00,13:26:00,106
16-02-26,Shift A,South African Airways,SA62,A320,JNB-JNB via LUN,4,12:40:00,13:30:00,12:52:00,13:29:00,12:58:00,13:19:00,,,12:57:00,13:21:00,12:59:00,13:02:00,50
16-02-26,Shift A,Air Tanzania,TC212,A220,DAR-HRE via LUN,5,12:20:00,13:10:00,12:20:00,13:25:00,12:26:00,13:14:00,,,12:25:00,13:16:00,12:27:00,12:39:00,64
16-02-26,Shift A,Uganda Airlines,UR722,CRJ900,EBB-HRE via LUN,6,11:45:00,12:30:00,11:54:00,12:25:00,12:00:00,12:08:00,,,11:59:00,12:10:00,12:01:00,12:10:00,90
16-02-26,Shift A,RwandAir,WB112,B737,KGL-HRE via LUN,7,15:00:00,15:50:00,15:13:00,16:03:00,15:16:00,15:55:00,,,15:15:00,15:57:00,15:17:00,15:24:00,41
16-02-26,Shift A,Ethiopian Airways,ET873,A350,ADD-ADD via LUN,1,13:10:00,15:10:00,13:26:00,15:32:00,13:30:00,15:25:00,13:31:00,15:24:00,13:29:00,15:27:00,13:31:00,13:45:00,166
16-02-26,Shift A,Airlink,4Z166,E135,JNB-JNB via LUN,2,9:40:00,10:15:00,9:55:00,10:22:00,9:58:00,10:06:00,,,9:57:00,10:08:00,9:59:00,10:07:00,118
16-02-26,Shift A,Airlink,4Z162,E195,JNB-JNB via LUN,3,13:30:00,14:15:00,13:45:00,14:32:00,13:50:00,14:16:00,,,13:49:00,14:18:00,13:51:00,13:57:00,45
16-02-26,Shift A,Qatar Airways,QR1455,B787,DOH-HRE via LUN,4,7:50:00,9:40:00,7:55:00,9:34:00,7:59:00,9:21:00,8:00:00,9:20:00,7:58:00,9:23:00,8:00:00,8:05:00,120
16-02-26,Shift A,Qatar Airways,QR1456,B787,HRE-DOH via LUN,5,15:00:00,16:30:00,15:20:00,16:54:00,15:26:00,16:46:00,15:27:00,16:45:00,15:25:00,16:48:00,15:27:00,15:38:00,169
16-02-26,Shift A,Turkish Airlines,TK525,B737 Max,IST-IST via LUN,6,1:20:00,2:20:00,1:39:00,2:17:00,1:43:00,2:00:00,,,1:42:00,2:02:00,1:44:00,1:50:00,66
16-02-26,Shift A,Kenya Airways,KQ704,E195,NBO-HRE via LUN,7,17:20:00,18:10:00,17:05:00,18:35:00,17:11:00,18:23:00,,,17:10:00,18:25:00,17:12:00,17:16:00,30
16-02-26,Shift A,Kenya Airways,KQ706,E195,NBO-HRE via LUN,1,9:10:00,10:00:00,9:08:00,10:00:00,9:11:00,9:45:00,,,9:10:00,9:47:00,9:12:00,9:22:00,28
17-02-26,Shift B,Air Botswana,BP312,E175,GBE-HRE via LUN,8,8:50:00,9:40:00,8:40:00,9:37:00,8:45:00,9:25:00,,,8:44:00,9:27:00,8:46:00,8:58:00,63
17-02-26,Shift B,Malawian Airlines,ET34,DH8,LLW-HRE via LUN,9,11:45:00,12:20:00,11:57:00,12:10:00,12:01:00,11:59:00,,,12:00:00,12:01:00,12:02:00,12:07:00,152
17-02-26,Shift B,Malawian Airlines,ET35,DH8,HRE-LLW via LUN,10,13:10:00,13:45:00,13:13:00,14:09:00,13:19:00,14:00:00,,,13:18:00,14:02:00,13:20:00,13:32:00,145
17-02-26,Shift B,South African Airways,SA62,A320,JNB-JNB via LUN,12,12:40:00,13:30:00,12:45:00,13:53:00,12:50:00,13:37:00,,,12:49:00,13:39:00,12:51:00,13:03:00,150
17-02-26,Shift B,Air Tanzania,TC212,A220,DAR-HRE via LUN,13,12:20:00,13:10:00,12:18:00,13:06:00,12:21:00,12:56:00,,,12:20:00,12:58:00,12:22:00,12:28:00,68
17-02-26,Shift B,Uganda Airlines,UR722,CRJ900,EBB-HRE via LUN,14,11:45:00,12:30:00,11:39:00,12:39:00,11:43:00,12:30:00,,,11:42:00,12:32:00,11:44:00,11:58:00,161
17-02-26,Shift B,RwandAir,WB112,B737,KGL-HRE via LUN,8,15:00:00,15:50:00,14:58:00,16:02:00,15:03:00,15:53:00,,,15:02:00,15:55:00,15:04:00,15:17:00,128
17-02-26,Shift B,Ethiopian Airways,ET873,A350,ADD-ADD via LUN,9,13:10:00,15:10:00,13:30:00,15:16:00,13:35:00,15:03:00,13:36:00,15:02:00,13:34:00,15:05:00,13:36:00,13:50:00,61
17-02-26,Shift B,Airlink,4Z166,E135,JNB-JNB via LUN,10,9:40:00,10:15:00,9:50:00,10:34:00,9:53:00,10:23:00,,,9:52:00,10:25:00,9:54:00,10:10:00,128
17-02-26,Shift B,Airlink,4Z162,E195,JNB-JNB via LUN,12,13:30:00,14:15:00,13:24:00,14:39:00,13:28:00,14:31:00,,,13:27:00,14:33:00,13:29:00,13:44:00,88
17-02-26,Shift B,Qatar Airways,QR1455,B787,DOH-HRE via LUN,13,7:50:00,9:40:00,7:47:00,9:53:00,7:51:00,9:40:00,7:52:00,9:39:00,7:50:00,9:42:00,7:52:00,7:59:00,100
17-02-26,Shift B,Qatar Airways,QR1456,B787,HRE-DOH via LUN,14,15:00:00,16:30:00,15:12:00,16:44:00,15:15:00,16:28:00,15:16:00,16:27:00,15:14:00,16:30:00,15:16:00,15:25:00,39
17-02-26,Shift B,Turkish Airlines,TK525,B737 Max,IST-IST via LUN,8,1:20:00,2:20:00,1:22:00,2:17:00,1:25:00,2:00:00,,,1:24:00,2:02:00,1:26:00,1:40:00,124
17-02-26,Shift B,Kenya Airways,KQ704,E195,NBO-HRE via LUN,9,17:20:00,18:10:00,17:26:00,18:05:00,17:31:00,17:53:00,,,17:30:00,17:55:00,17:32:00,17:40:00,57
17-02-26,Shift B,Kenya Airways,KQ706,E195,NBO-HRE via LUN,10,9:10:00,10:00:00,9:12:00,9:50:00,9:15:00,9:37:00,,,9:14:00,9:39:00,9:16:00,9:25:00,116
18-02-26,Shift B,Air Botswana,BP312,E175,GBE-HRE via LUN,8,8:50:00,9:40:00,8:41:00,9:37:00,8:45:00,9:22:00,,,8:44:00,9:24:00,8:46:00,8:55:00,170
18-02-26,Shift B,Malawian Airlines,ET34,DH8,LLW-HRE via LUN,9,11:45:00,12:20:00,12:01:00,12:16:00,12:06:00,12:00:00,,,12:05:00,12:02:00,12:07:00,12:15:00,161
18-02-26,Shift B,Malawian Airlines,ET35,DH8,HRE-LLW via LUN,10,13:10:00,13:45:00,13:12:00,13:41:00,13:15:00,13:32:00,,,13:14:00,13:34:00,13:16:00,13:27:00,119
18-02-26,Shift B,South African Airways,SA62,A320,JNB-JNB via LUN,12,12:40:00,13:30:00,12:36:00,13:42:00,12:42:00,13:28:00,,,12:41:00,13:30:00,12:43:00,12:55:00,52
18-02-26,Shift B,Air Tanzania,TC212,A220,DAR-HRE via LUN,13,12:20:00,13:10:00,12:21:00,13:00:00,12:25:00,12:43:00,,,12:24:00,12:45:00,12:26:00,12:33:00,56
18-02-26,Shift B,Uganda Airlines,UR722,CRJ900,EBB-HRE via LUN,14,11:45:00,12:30:00,11:54:00,12:37:00,11:57:00,12:20:00,,,11:56:00,12:22:00,11:58:00,12:09:00,83
18-02-26,Shift B,RwandAir,WB112,B737,KGL-HRE via LUN,8,15:00:00,15:50:00,15:11:00,16:09:00,15:15:00,15:55:00,,,15:14:00,15:57:00,15:16:00,15:26:00,139
18-02-26,Shift B,Ethiopian Airways,ET873,B787,ADD-ADD via LUN,9,13:10:00,15:10:00,13:13:00,15:17:00,13:19:00,15:02:00,13:20:00,15:01:00,13:18:00,15:04:00,13:20:00,13:26:00,98
18-02-26,Shift B,Airlink,4Z166,E135,JNB-JNB via LUN,10,9:40:00,10:15:00,9:30:00,10:24:00,9:36:00,10:12:00,,,9:35:00,10:14:00,9:37:00,9:41:00,182
18-02-26,Shift B,Airlink,4Z162,E195,JNB-JNB via LUN,12,13:30:00,14:15:00,13:20:00,14:09:00,13:24:00,14:01:00,,,13:23:00,14:03:00,13:25:00,13:32:00,167
18-02-26,Shift B,Qatar Airways,QR1455,B787,DOH-HRE via LUN,13,7:50:00,9:40:00,7:38:00,9:35:00,7:43:00,9:20:00,7:44:00,9:19:00,7:42:00,9:22:00,7:44:00,7:55:00,22
18-02-26,Shift B,Qatar Airways,QR1456,B787,HRE-DOH via LUN,14,15:00:00,16:30:00,15:12:00,16:52:00,15:16:00,16:38:00,15:17:00,16:37:00,15:15:00,16:40:00,15:17:00,15:29:00,151
18-02-26,Shift B,Turkish Airlines,TK525,B737 Max,IST-IST via LUN,8,1:20:00,2:20:00,1:39:00,2:17:00,1:45:00,2:10:00,,,1:44:00,2:12:00,1:46:00,1:58:00,68
18-02-26,Shift B,Kenya Airways,KQ704,E195,NBO-HRE via LUN,9,17:20:00,18:10:00,17:32:00,18:34:00,17:37:00,18:24:00,,,17:36:00,18:26:00,17:38:00,17:52:00,155
18-02-26,Shift B,Kenya Airways,KQ706,E195,NBO-HRE via LUN,10,9:10:00,10:00:00,9:23:00,10:00:00,9:27:00,9:51:00,,,9:26:00,9:53:00,9:28:00,9:34:00,113
19-02-26,Shift B,Air Botswana,BP312,E175,GBE-HRE via LUN,8,8:50:00,9:40:00,8:43:00,10:02:00,8:48:00,9:55:00,,,8:47:00,9:57:00,8:49:00,8:59:00,146
19-02-26,Shift B,Malawian Airlines,ET34,DH8,LLW-HRE via LUN,9,11:45:00,12:20:00,11:54:00,12:20:00,11:59:00,12:12:00,,,11:58:00,12:14:00,12:00:00,12:09:00,193
19-02-26,Shift B,Malawian Airlines,ET35,DH8,HRE-LLW via LUN,10,13:10:00,13:45:00,13:10:00,14:09:00,13:13:00,13:58:00,,,13:12:00,14:00:00,13:14:00,13:24:00,143
19-02-26,Shift B,South African Airways,SA62,A320,JNB-JNB via LUN,12,12:40:00,13:30:00,12:43:00,13:36:00,12:47:00,13:29:00,,,12:46:00,13:31:00,12:48:00,13:03:00,165
19-02-26,Shift B,Air Tanzania,TC212,A220,DAR-HRE via LUN,13,12:20:00,13:10:00,12:30:00,13:13:00,12:35:00,12:56:00,,,12:34:00,12:58:00,12:36:00,12:48:00,29
19-02-26,Shift B,Uganda Airlines,UR722,CRJ900,EBB-HRE via LUN,14,11:45:00,12:30:00,11:59:00,12:51:00,12:02:00,12:39:00,,,12:01:00,12:41:00,12:03:00,12:09:00,177
19-02-26,Shift B,RwandAir,WB112,B737,KGL-HRE via LUN,8,15:00:00,15:50:00,15:14:00,16:01:00,15:19:00,15:49:00,,,15:18:00,15:51:00,15:20:00,15:25:00,21
19-02-26,Shift B,Ethiopian Airways,ET873,B777,ADD-ADD via LUN,9,13:10:00,15:10:00,13:06:00,15:25:00,13:11:00,15:18:00,13:12:00,15:17:00,13:10:00,15:20:00,13:12:00,13:17:00,130
19-02-26,Shift B,Airlink,4Z166,E135,JNB-JNB via LUN,10,9:40:00,10:15:00,9:56:00,10:17:00,9:59:00,10:02:00,,,9:58:00,10:04:00,10:00:00,10:14:00,59
19-02-26,Shift B,Airlink,4Z162,E195,JNB-JNB via LUN,12,13:30:00,14:15:00,13:41:00,14:12:00,13:47:00,14:05:00,,,13:46:00,14:07:00,13:48:00,13:53:00,188
19-02-26,Shift B,Qatar Airways,QR1455,B787,DOH-HRE via LUN,13,7:50:00,9:40:00,7:51:00,9:44:00,7:57:00,9:31:00,7:58:00,9:30:00,7:56:00,9:33:00,7:58:00,8:06:00,96
19-02-26,Shift B,Qatar Airways,QR1456,B787,HRE-DOH via LUN,14,15:00:00,16:30:00,15:08:00,16:47:00,15:12:00,16:32:00,15:13:00,16:31:00,15:11:00,16:34:00,15:13:00,15:22:00,47
19-02-26,Shift B,Turkish Airlines,TK525,B737 Max,IST-IST via LUN,8,1:20:00,2:20:00,1:33:00,2:38:00,1:37:00,2:29:00,,,1:36:00,2:31:00,1:38:00,1:48:00,131
19-02-26,Shift B,Kenya Airways,KQ704,E195,NBO-HRE via LUN,9,17:20:00,18:10:00,17:27:00,18:12:00,17:30:00,18:02:00,,,17:29:00,18:04:00,17:31:00,17:41:00,30
19-02-26,Shift B,Kenya Airways,KQ706,E195,NBO-HRE via LUN,10,9:10:00,10:00:00,9:20:00,10:16:00,9:25:00,10:09:00,,,9:24:00,10:11:00,9:26:00,9:32:00,190
20-02-26,Shift B,Air Botswana,BP312,E175,GBE-HRE via LUN,8,8:50:00,9:40:00,8:47:00,10:00:00,8:52:00,9:52:00,,,8:51:00,9:54:00,8:53:00,9:03:00,145
20-02-26,Shift B,Malawian Airlines,ET34,DH8,LLW-HRE via LUN,9,11:45:00,12:20:00,12:05:00,12:41:00,12:09:00,12:29:00,,,12:08:00,12:31:00,12:10:00,12:21:00,148
20-02-26,Shift B,Malawian Airlines,ET35,DH8,HRE-LLW via LUN,10,13:10:00,13:45:00,13:19:00,13:43:00,13:22:00,13:35:00,,,13:21:00,13:37:00,13:23:00,13:29:00,52
20-02-26,Shift B,South African Airways,SA62,A320,JNB-JNB via LUN,12,12:40:00,13:30:00,12:34:00,13:42:00,12:37:00,13:25:00,,,12:36:00,13:27:00,12:38:00,12:47:00,33
20-02-26,Shift B,Air Tanzania,TC212,A220,DAR-HRE via LUN,13,12:20:00,13:10:00,12:26:00,13:27:00,12:29:00,13:14:00,,,12:28:00,13:16:00,12:30:00,12:43:00,94
20-02-26,Shift B,Uganda Airlines,UR722,CRJ900,EBB-HRE via LUN,14,11:45:00,12:30:00,11:48:00,12:51:00,11:51:00,12:38:00,,,11:50:00,12:40:00,11:52:00,12:01:00,178
20-02-26,Shift B,RwandAir,WB112,B737,KGL-HRE via LUN,8,15:00:00,15:50:00,14:54:00,14:54:00,14:58:00,16:02:00,,,14:57:00,16:04:00,14:59:00,15:08:00,49
20-02-26,Shift B,Ethiopian Airways,ET873,B777,ADD-ADD via LUN,9,13:10:00,15:10:00,13:10:00,13:10:00,13:14:00,15:13:00,13:15:00,15:12:00,13:13:00,15:15:00,13:15:00,13:21:00,199
20-02-26,Shift B,Airlink,4Z166,E135,JNB-JNB via LUN,10,9:40:00,10:15:00,9:57:00,10:16:00,10:01:00,10:00:00,,,10:00:00,10:02:00,10:02:00,10:17:00,182
20-02-26,Shift B,Airlink,4Z162,E195,JNB-JNB via LUN,12,13:30:00,14:15:00,13:24:00,14:19:00,13:27:00,14:10:00,,,13:26:00,14:12:00,13:28:00,13:40:00,29
20-02-26,Shift B,Qatar Airways,QR1455,B787,DOH-HRE via LUN,13,7:50:00,9:40:00,7:52:00,9:42:00,7:56:00,9:29:00,7:57:00,9:28:00,7:55:00,9:31:00,7:57:00,8:02:00,177
20-02-26,Shift B,Qatar Airways,QR1456,B787,HRE-DOH via LUN,14,15:00:00,16:30:00,14:57:00,16:25:00,15:00:00,16:12:00,15:01:00,16:11:00,14:59:00,16:14:00,15:01:00,15:13:00,154
20-02-26,Shift B,Turkish Airlines,TK525,B737 Max,IST-IST via LUN,8,1:20:00,2:20:00,1:24:00,2:24:00,1:28:00,2:12:00,,,1:27:00,2:14:00,1:29:00,1:40:00,142
20-02-26,Shift B,Kenya Airways,KQ704,E195,NBO-HRE via LUN,9,17:20:00,18:10:00,17:37:00,17:37:00,17:40:00,18:16:00,,,17:39:00,18:18:00,17:41:00,17:48:00,88
20-02-26,Shift B,Kenya Airways,KQ706,B737,NBO-HRE via LUN,10,9:10:00,10:00:00,9:12:00,10:12:00,9:18:00,10:02:00,,,9:17:00,10:04:00,9:19:00,9:27:00,32
21-02-26,Shift A,Air Botswana,BP312,E175,GBE-HRE via LUN,1,8:50:00,9:40:00,8:46:00,9:32:00,8:49:00,9:25:00,,,8:48:00,9:27:00,8:50:00,9:06:00,102
21-02-26,Shift A,Malawian Airlines,ET34,DH8,LLW-HRE via LUN,2,11:45:00,12:20:00,11:43:00,12:28:00,11:49:00,12:17:00,,,11:48:00,12:19:00,11:50:00,12:02:00,45
21-02-26,Shift A,Malawian Airlines,ET35,DH8,HRE-LLW via LUN,3,13:10:00,13:45:00,13:22:00,13:46:00,13:27:00,13:32:00,,,13:26:00,13:34:00,13:28:00,13:37:00,105
21-02-26,Shift A,South African Airways,SA62,A320,JNB-JNB via LUN,4,12:40:00,13:30:00,12:44:00,12:44:00,12:47:00,13:10:00,,,12:46:00,13:12:00,12:48:00,12:54:00,194
21-02-26,Shift A,Air Tanzania,TC212,A220,DAR-HRE via LUN,5,12:20:00,13:10:00,12:40:00,13:08:00,12:45:00,12:56:00,,,12:44:00,12:58:00,12:46:00,12:55:00,170
21-02-26,Shift A,Uganda Airlines,UR722,CRJ900,EBB-HRE via LUN,6,11:45:00,12:30:00,12:03:00,12:43:00,12:07:00,12:26:00,,,12:06:00,12:28:00,12:08:00,12:17:00,73
21-02-26,Shift A,RwandAir,WB112,B737,KGL-HRE via LUN,7,15:00:00,15:50:00,15:09:00,15:45:00,15:12:00,15:36:00,,,15:11:00,15:38:00,15:13:00,15:29:00,174
21-02-26,Shift A,Ethiopian Airways,ET873,A350,ADD-ADD via LUN,1,13:10:00,15:10:00,12:57:00,15:12:00,13:01:00,14:58:00,13:02:00,14:57:00,13:00:00,15:00:00,13:02:00,13:08:00,39
21-02-26,Shift A,Airlink,4Z166,E135,JNB-JNB via LUN,2,9:40:00,10:15:00,9:59:00,10:26:00,10:04:00,10:12:00,,,10:03:00,10:14:00,10:05:00,10:12:00,156
21-02-26,Shift A,Airlink,4Z162,E195,JNB-JNB via LUN,3,13:30:00,14:15:00,13:24:00,14:07:00,13:28:00,13:57:00,,,13:27:00,13:59:00,13:29:00,13:40:00,160
21-02-26,Shift A,Qatar Airways,QR1455,B787,DOH-HRE via LUN,4,7:50:00,9:40:00,7:51:00,10:05:00,7:56:00,9:53:00,7:57:00,9:52:00,7:55:00,9:55:00,7:57:00,8:08:00,181
21-02-26,Shift A,Qatar Airways,QR1456,B787,HRE-DOH via LUN,5,15:00:00,16:30:00,14:52:00,16:47:00,14:55:00,16:33:00,14:56:00,16:32:00,14:54:00,16:35:00,14:56:00,15:08:00,154
21-02-26,Shift A,Turkish Airlines,TK525,B737 Max,IST-IST via LUN,6,1:20:00,2:20:00,1:37:00,2:11:00,1:41:00,1:55:00,,,1:40:00,1:57:00,1:42:00,1:51:00,198
21-02-26,Shift A,Kenya Airways,KQ704,E195,NBO-HRE via LUN,7,17:20:00,18:10:00,17:23:00,18:02:00,17:26:00,17:52:00,,,17:25:00,17:54:00,17:27:00,17:39:00,146
21-02-26,Shift A,Kenya Airways,KQ706,E195,NBO-HRE via LUN,1,9:10:00,10:00:00,9:05:00,10:18:00,9:11:00,10:03:00,,,9:10:00,10:05:00,9:12:00,9:21:00,122
22-02-26,Shift A,Air Botswana,BP312,E175,GBE-HRE via LUN,1,8:50:00,9:40:00,8:52:00,9:43:00,8:56:00,9:36:00,,,8:55:00,9:38:00,8:57:00,9:04:00,166
22-02-26,Shift A,Malawian Airlines,ET34,DH8,LLW-HRE via LUN,2,11:45:00,12:20:00,11:43:00,12:10:00,11:49:00,11:55:00,,,11:48:00,11:57:00,11:50:00,12:01:00,86
22-02-26,Shift A,Malawian Airlines,ET35,DH8,HRE-LLW via LUN,3,13:10:00,13:45:00,13:14:00,13:49:00,13:19:00,13:38:00,,,13:18:00,13:40:00,13:20:00,13:32:00,50
22-02-26,Shift A,South African Airways,SA62,A320,JNB-JNB via LUN,4,12:40:00,13:30:00,12:35:00,13:34:00,12:38:00,13:19:00,,,12:37:00,13:21:00,12:39:00,12:48:00,94
22-02-26,Shift A,Air Tanzania,TC212,A220,DAR-HRE via LUN,5,12:20:00,13:10:00,12:07:00,13:09:00,12:12:00,13:00:00,,,12:11:00,13:02:00,12:13:00,12:21:00,33
22-02-26,Shift A,Uganda Airlines,UR722,CRJ900,EBB-HRE via LUN,6,11:45:00,12:30:00,11:45:00,12:33:00,11:48:00,12:26:00,,,11:47:00,12:28:00,11:49:00,12:05:00,108
22-02-26,Shift A,RwandAir,WB112,B737,KGL-HRE via LUN,7,15:00:00,15:50:00,15:08:00,16:00:00,15:11:00,15:45:00,,,15:10:00,15:47:00,15:12:00,15:22:00,54
22-02-26,Shift A,Ethiopian Airways,ET873,B777,ADD-ADD via LUN,1,13:10:00,15:10:00,13:13:00,15:20:00,13:16:00,15:03:00,13:17:00,15:02:00,13:15:00,15:05:00,13:17:00,13:23:00,111
22-02-26,Shift A,Airlink,4Z166,E135,JNB-JNB via LUN,2,9:40:00,10:15:00,9:39:00,10:22:00,9:43:00,10:11:00,,,9:42:00,10:13:00,9:44:00,9:49:00,157
22-02-26,Shift A,Airlink,4Z162,E195,JNB-JNB via LUN,3,13:30:00,14:15:00,13:21:00,14:29:00,13:26:00,14:12:00,,,13:25:00,14:14:00,13:27:00,13:41:00,174
22-02-26,Shift A,Qatar Airways,QR1455,B787,DOH-HRE via LUN,4,7:50:00,9:40:00,8:10:00,9:43:00,8:16:00,9:33:00,8:17:00,9:32:00,8:15:00,9:35:00,8:17:00,8:25:00,88
22-02-26,Shift A,Qatar Airways,QR1456,B787,HRE-DOH via LUN,5,15:00:00,16:30:00,14:58:00,16:45:00,15:02:00,16:31:00,15:03:00,16:30:00,15:01:00,16:33:00,15:03:00,15:11:00,131
22-02-26,Shift A,Turkish Airlines,TK525,B737 Max,IST-IST via LUN,6,1:20:00,2:20:00,1:28:00,2:19:00,1:34:00,2:11:00,,,1:33:00,2:13:00,1:35:00,1:45:00,66
22-02-26,Shift A,Kenya Airways,KQ704,B737,NBO-HRE via LUN,7,17:20:00,18:10:00,17:16:00,18:11:00,17:20:00,17:55:00,,,17:19:00,17:57:00,17:21:00,17:33:00,66
22-02-26,Shift A,Kenya Airways,KQ706,B737,NBO-HRE via LUN,1,9:10:00,10:00:00,8:56:00,10:09:00,9:00:00,10:00:00,,,8:59:00,10:02:00,9:01:00,9:12:00,195
23-02-26,Shift A,Air Botswana,BP312,E175,GBE-HRE via LUN,1,8:50:00,9:40:00,8:47:00,9:34:00,8:51:00,9:26:00,,,8:50:00,9:28:00,8:52:00,9:03:00,82
23-02-26,Shift A,Malawian Airlines,ET34,DH8,LLW-HRE via LUN,2,11:45:00,12:20:00,11:59:00,12:35:00,12:02:00,12:20:00,,,12:01:00,12:22:00,12:03:00,12:11:00,23
23-02-26,Shift A,Malawian Airlines,ET35,DH8,HRE-LLW via LUN,3,13:10:00,13:45:00,13:01:00,13:59:00,13:07:00,13:52:00,,,13:06:00,13:54:00,13:08:00,13:12:00,23
23-02-26,Shift A,South African Airways,SA62,A320,JNB-JNB via LUN,4,12:40:00,13:30:00,12:27:00,13:28:00,12:31:00,13:20:00,,,12:30:00,13:22:00,12:32:00,12:41:00,56
23-02-26,Shift A,Air Tanzania,TC212,A220,DAR-HRE via LUN,5,12:20:00,13:10:00,12:05:00,13:00:00,12:08:00,12:45:00,,,12:07:00,12:47:00,12:09:00,12:20:00,41
23-02-26,Shift A,Uganda Airlines,UR722,CRJ900,EBB-HRE via LUN,6,11:45:00,12:30:00,11:42:00,12:28:00,11:48:00,12:12:00,,,11:47:00,12:14:00,11:49:00,11:59:00,61
23-02-26,Shift A,RwandAir,WB112,B737,KGL-HRE via LUN,7,15:00:00,15:50:00,15:04:00,16:01:00,15:10:00,15:52:00,,,15:09:00,15:54:00,15:11:00,15:17:00,34
23-02-26,Shift A,Ethiopian Airways,ET873,B787,ADD-ADD via LUN,1,13:10:00,15:10:00,13:12:00,15:34:00,13:15:00,15:27:00,13:16:00,15:26:00,13:14:00,15:29:00,13:16:00,13:22:00,46
23-02-26,Shift A,Airlink,4Z166,E135,JNB-JNB via LUN,2,9:40:00,10:15:00,9:59:00,10:23:00,10:02:00,10:08:00,,,10:01:00,10:10:00,10:03:00,10:15:00,56
23-02-26,Shift A,Airlink,4Z162,E195,JNB-JNB via LUN,3,13:30:00,14:15:00,13:15:00,14:19:00,13:18:00,14:09:00,,,13:17:00,14:11:00,13:19:00,13:31:00,118
23-02-26,Shift A,Qatar Airways,QR1455,B787,DOH-HRE via LUN,4,7:50:00,9:40:00,7:44:00,9:52:00,7:49:00,9:42:00,7:50:00,9:41:00,7:48:00,9:44:00,7:50:00,8:04:00,118
23-02-26,Shift A,Qatar Airways,QR1456,B787,HRE-DOH via LUN,5,15:00:00,16:30:00,14:52:00,14:52:00,14:56:00,16:43:00,14:57:00,16:42:00,14:55:00,16:45:00,14:57:00,15:05:00,46
23-02-26,Shift A,Turkish Airlines,TK525,B737 Max,IST-IST via LUN,6,1:20:00,2:20:00,1:23:00,2:32:00,1:26:00,2:16:00,,,1:25:00,2:18:00,1:27:00,1:38:00,50
23-02-26,Shift A,Kenya Airways,KQ704,B737,NBO-HRE via LUN,7,17:20:00,18:10:00,17:10:00,18:02:00,17:14:00,17:53:00,,,17:13:00,17:55:00,17:15:00,17:26:00,155
23-02-26,Shift A,Kenya Airways,KQ706,B737,NBO-HRE via LUN,1,9:10:00,10:00:00,9:06:00,10:17:00,9:10:00,10:00:00,,,9:09:00,10:02:00,9:11:00,9:26:00,97
24-02-26,Shift A,Air Botswana,BP312,E175,GBE-HRE via LUN,1,8:50:00,9:40:00,8:53:00,8:53:00,8:56:00,9:41:00,,,8:55:00,9:43:00,8:57:00,9:10:00,189
24-02-26,Shift A,Malawian Airlines,ET34,DH8,LLW-HRE via LUN,2,11:45:00,12:20:00,11:53:00,12:26:00,11:56:00,12:19:00,,,11:55:00,12:21:00,11:57:00,12:05:00,187
24-02-26,Shift A,Malawian Airlines,ET35,DH8,HRE-LLW via LUN,3,13:10:00,13:45:00,13:04:00,13:55:00,13:08:00,13:42:00,,,13:07:00,13:44:00,13:09:00,13:21:00,142
24-02-26,Shift A,South African Airways,SA62,A320,JNB-JNB via LUN,4,12:40:00,13:30:00,12:29:00,13:27:00,12:35:00,13:16:00,,,12:34:00,13:18:00,12:36:00,12:41:00,43
24-02-26,Shift A,Air Tanzania,TC212,A220,DAR-HRE via LUN,5,12:20:00,13:10:00,12:25:00,13:08:00,12:29:00,12:55:00,,,12:28:00,12:57:00,12:30:00,12:40:00,101
24-02-26,Shift A,Uganda Airlines,UR722,CRJ900,EBB-HRE via LUN,6,11:45:00,12:30:00,12:01:00,12:47:00,12:07:00,12:34:00,,,12:06:00,12:36:00,12:08:00,12:20:00,182
24-02-26,Shift A,RwandAir,WB112,B737,KGL-HRE via LUN,7,15:00:00,15:50:00,15:06:00,15:48:00,15:10:00,15:35:00,,,15:09:00,15:37:00,15:11:00,15:22:00,160
24-02-26,Shift A,Ethiopian Airways,ET873,B777,ADD-ADD via LUN,1,13:10:00,15:10:00,13:29:00,15:34:00,13:35:00,15:19:00,13:36:00,15:18:00,13:34:00,15:21:00,13:36:00,13:47:00,78
24-02-26,Shift A,Airlink,4Z166,E135,JNB-JNB via LUN,2,9:40:00,10:15:00,9:49:00,10:10:00,9:55:00,9:55:00,,,9:54:00,9:57:00,9:56:00,10:08:00,197
24-02-26,Shift A,Airlink,4Z162,E195,JNB-JNB via LUN,3,13:30:00,14:15:00,13:29:00,14:10:00,13:33:00,13:58:00,,,13:32:00,14:00:00,13:34:00,13:39:00,72
24-02-26,Shift A,Qatar Airways,QR1455,B787,DOH-HRE via LUN,4,7:50:00,9:40:00,7:36:00,9:53:00,7:42:00,9:44:00,7:43:00,9:43:00,7:41:00,9:46:00,7:43:00,7:47:00,35
24-02-26,Shift A,Qatar Airways,QR1456,B787,HRE-DOH via LUN,5,15:00:00,16:30:00,15:07:00,16:43:00,15:11:00,16:32:00,15:12:00,16:31:00,15:10:00,16:34:00,15:12:00,15:24:00,56
24-02-26,Shift A,Turkish Airlines,TK525,B737 Max,IST-IST via LUN,6,1:20:00,2:20:00,1:40:00,2:36:00,1:44:00,2:26:00,,,1:43:00,2:28:00,1:45:00,1:53:00,34
24-02-26,Shift A,Kenya Airways,KQ704,E195,NBO-HRE via LUN,7,17:20:00,18:10:00,17:12:00,18:09:00,17:18:00,18:02:00,,,17:17:00,18:04:00,17:19:00,17:28:00,115
24-02-26,Shift A,Kenya Airways,KQ706,E195,NBO-HRE via LUN,1,9:10:00,10:00:00,9:01:00,9:54:00,9:07:00,9:38:00,,,9:06:00,9:40:00,9:08:00,9:13:00,27
25-02-26,Shift B,Air Botswana,BP312,E175,GBE-HRE via LUN,8,8:50:00,9:40:00,8:44:00,9:53:00,8:48:00,9:45:00,,,8:47:00,9:47:00,8:49:00,8:57:00,39
25-02-26,Shift B,Malawian Airlines,ET34,DH8,LLW-HRE via LUN,9,11:45:00,12:20:00,11:30:00,12:36:00,11:34:00,12:27:00,,,11:33:00,12:29:00,11:35:00,11:47:00,55
25-02-26,Shift B,Malawian Airlines,ET35,DH8,HRE-LLW via LUN,10,13:10:00,13:45:00,13:28:00,13:54:00,13:34:00,13:41:00,,,13:33:00,13:43:00,13:35:00,13:43:00,133
25-02-26,Shift B,South African Airways,SA62,A320,JNB-JNB via LUN,12,12:40:00,13:30:00,12:25:00,13:38:00,12:28:00,13:29:00,,,12:27:00,13:31:00,12:29:00,12:35:00,184
25-02-26,Shift B,Air Tanzania,TC212,A220,DAR-HRE via LUN,13,12:20:00,13:10:00,12:07:00,13:11:00,12:11:00,13:04:00,,,12:10:00,13:06:00,12:12:00,12:23:00,128
25-02-26,Shift B,Uganda Airlines,UR722,CRJ900,EBB-HRE via LUN,14,11:45:00,12:30:00,11:59:00,12:55:00,12:04:00,12:39:00,,,12:03:00,12:41:00,12:05:00,12:17:00,98
25-02-26,Shift B,RwandAir,WB112,B737,KGL-HRE via LUN,8,15:00:00,15:50:00,14:59:00,16:07:00,15:03:00,15:56:00,,,15:02:00,15:58:00,15:04:00,15:10:00,153
25-02-26,Shift B,Ethiopian Airways,ET873,B777,ADD-ADD via LUN,9,13:10:00,15:10:00,13:03:00,15:13:00,13:09:00,14:57:00,13:10:00,14:56:00,13:08:00,14:59:00,13:10:00,13:13:00,76
25-02-26,Shift B,Airlink,4Z166,E135,JNB-JNB via LUN,10,9:40:00,10:15:00,9:50:00,10:16:00,9:53:00,10:02:00,,,9:52:00,10:04:00,9:54:00,10:07:00,100
25-02-26,Shift B,Airlink,4Z162,E195,JNB-JNB via LUN,12,13:30:00,14:15:00,13:40:00,14:29:00,13:44:00,14:22:00,,,13:43:00,14:24:00,13:45:00,13:55:00,185
25-02-26,Shift B,Qatar Airways,QR1455,B787,DOH-HRE via LUN,13,7:50:00,9:40:00,8:02:00,9:42:00,8:07:00,9:34:00,8:08:00,9:33:00,8:06:00,9:36:00,8:08:00,8:13:00,39
25-02-26,Shift B,Qatar Airways,QR1456,B787,HRE-DOH via LUN,14,15:00:00,16:30:00,15:08:00,16:41:00,15:11:00,16:31:00,15:12:00,16:30:00,15:10:00,16:33:00,15:12:00,15:22:00,61
25-02-26,Shift B,Turkish Airlines,TK525,B737 Max,IST-IST via LUN,8,1:20:00,2:20:00,1:39:00,1:39:00,1:42:00,2:06:00,,,1:41:00,2:08:00,1:43:00,1:58:00,22
25-02-26,Shift B,Kenya Airways,KQ704,B737,NBO-HRE via LUN,9,17:20:00,18:10:00,17:17:00,18:35:00,17:21:00,18:18:00,,,17:20:00,18:20:00,17:22:00,17:27:00,81
25-02-26,Shift B,Kenya Airways,KQ706,B737,NBO-HRE via LUN,10,9:10:00,10:00:00,9:00:00,9:52:00,9:06:00,9:45:00,,,9:05:00,9:47:00,9:07:00,9:10:00,100
26-02-26,Shift B,Air Botswana,BP312,E175,GBE-HRE via LUN,8,8:50:00,9:40:00,8:40:00,9:49:00,8:43:00,9:37:00,,,8:42:00,9:39:00,8:44:00,8:54:00,121
26-02-26,Shift B,Malawian Airlines,ET34,DH8,LLW-HRE via LUN,9,11:45:00,12:20:00,12:02:00,12:22:00,12:07:00,12:09:00,,,12:06:00,12:11:00,12:08:00,12:17:00,53
26-02-26,Shift B,Malawian Airlines,ET35,DH8,HRE-LLW via LUN,10,13:10:00,13:45:00,13:01:00,13:56:00,13:07:00,13:41:00,,,13:06:00,13:43:00,13:08:00,13:12:00,148
26-02-26,Shift B,South African Airways,SA62,A320,JNB-JNB via LUN,12,12:40:00,13:30:00,12:34:00,13:21:00,12:40:00,13:07:00,,,12:39:00,13:09:00,12:41:00,12:53:00,29
26-02-26,Shift B,Air Tanzania,TC212,A220,DAR-HRE via LUN,13,12:20:00,13:10:00,12:23:00,13:10:00,12:27:00,12:53:00,,,12:26:00,12:55:00,12:28:00,12:40:00,40
26-02-26,Shift B,Uganda Airlines,UR722,CRJ900,EBB-HRE via LUN,14,11:45:00,12:30:00,11:35:00,12:34:00,11:39:00,12:17:00,,,11:38:00,12:19:00,11:40:00,11:55:00,56
26-02-26,Shift B,RwandAir,WB112,B737,KGL-HRE via LUN,8,15:00:00,15:50:00,14:55:00,16:12:00,15:00:00,15:58:00,,,14:59:00,16:00:00,15:01:00,15:07:00,106
26-02-26,Shift B,Ethiopian Airways,ET873,B777,ADD-ADD via LUN,9,13:10:00,15:10:00,13:18:00,15:27:00,13:21:00,15:10:00,13:22:00,15:09:00,13:20:00,15:12:00,13:22:00,13:34:00,81
26-02-26,Shift B,Airlink,4Z166,E135,JNB-JNB via LUN,10,9:40:00,10:15:00,9:38:00,10:09:00,9:42:00,9:53:00,,,9:41:00,9:55:00,9:43:00,9:58:00,147
26-02-26,Shift B,Airlink,4Z162,E195,JNB-JNB via LUN,12,13:30:00,14:15:00,13:21:00,14:05:00,13:25:00,13:54:00,,,13:24:00,13:56:00,13:26:00,13:39:00,42
26-02-26,Shift B,Qatar Airways,QR1455,B787,DOH-HRE via LUN,13,7:50:00,9:40:00,8:06:00,9:36:00,8:12:00,9:24:00,8:13:00,9:23:00,8:11:00,9:26:00,8:13:00,8:18:00,95
26-02-26,Shift B,Qatar Airways,QR1456,B787,HRE-DOH via LUN,14,15:00:00,16:30:00,14:55:00,16:24:00,15:00:00,16:08:00,15:01:00,16:07:00,14:59:00,16:10:00,15:01:00,15:10:00,110
26-02-26,Shift B,Turkish Airlines,TK525,B737 Max,IST-IST via LUN,8,1:20:00,2:20:00,1:10:00,1:10:00,1:14:00,2:00:00,,,1:13:00,2:02:00,1:15:00,1:24:00,141
26-02-26,Shift B,Kenya Airways,KQ704,B737,NBO-HRE via LUN,9,17:20:00,18:10:00,17:33:00,18:08:00,17:36:00,17:52:00,,,17:35:00,17:54:00,17:37:00,17:50:00,30
26-02-26,Shift B,Kenya Airways,KQ706,B737,NBO-HRE via LUN,10,9:10:00,10:00:00,9:13:00,10:15:00,9:19:00,9:59:00,,,9:18:00,10:01:00,9:20:00,9:33:00,53
