date,flight number,belt number,scheduled arrival time,actual arrival time,offloaded bags,expected bags,first bag on belt,last bag on belt
01-11-25,BP312,Belt 1,8:50:00,8:42:00,183,182,8:57:00,9:12:00
01-11-25,ET34,Belt 1,11:45:00,11:36:00,18,15,11:51:00,12:10:00
01-11-25,ET35,Belt 2,13:10:00,12:56:00,57,66,13:03:00,13:15:00
01-11-25,SA62,Belt 1,12:40:00,12:26:00,66,72,12:34:00,12:48:00
01-11-25,TC212,Belt 3,12:20:00,12:19:00,-5,110,12:32:00,12:39:00
01-11-25,UR722,Belt 1,11:45:00,11:57:00,38,34,12:05:00,12:21:00
01-11-25,WB112,Belt 3,15:00:00,14:51:00,199,189,15:06:00,15:25:00
01-11-25,ET873,Belt 1,13:10:00,13:11:00,88,93,13:19:00,13:36:00
01-11-25,4Z166,Belt 1,9:40:00,9:30:00,24,22,9:42:00,9:49:00
01-11-25,4Z162,Belt 2,13:30:00,13:27:00,40,31,13:41:00,13:52:00
01-11-25,QR1455,Belt 3,7:50:00,7:40:00,286,293,7:51:00,8:10:00
01-11-25,QR1456,Belt 2,15:00:00,15:08:00,323,329,15:22:00,15:31:00
01-11-25,TK525,Belt 3,1:20:00,1:22:00,159,159,1:29:00,1:46:00
01-11-25,KQ704,Belt 3,17:20:00,17:29:00,165,162,17:43:00,17:54:00
01-11-25,KQ706,Belt 1,9:10:00,8:57:00,114,124,9:10:00,9:23:00
02-11-25,BP312,Belt 1,8:50:00,8:55:00,107,115,9:04:00,9:11:00
02-11-25,ET34,Belt 1,11:45:00,11:39:00,27,35,11:50:00,12:09:00
02-11-25,ET35,Belt 3,13:10:00,13:11:00,39,43,13:22:00,13:32:00
02-11-25,SA62,Belt 3,12:40:00,12:57:00,96,93,13:09:00,13:23:00
02-11-25,TC212,Belt 1,12:20:00,12:15:00,121,120,12:28:00,12:48:00
02-11-25,UR722,Belt 2,11:45:00,11:59:00,39,44,12:12:00,12:28:00
02-11-25,WB112,Belt 3,15:00:00,14:52:00,159,169,15:07:00,15:18:00
02-11-25,ET873,Belt 2,13:10:00,13:22:00,399,391,13:31:00,13:46:00
02-11-25,4Z166,Belt 1,9:40:00,9:36:00,62,62,9:43:00,9:52:00
02-11-25,4Z162,Belt 3,13:30:00,13:47:00,63,69,14:01:00,14:16:00
02-11-25,QR1455,Belt 1,7:50:00,8:08:00,398,395,8:19:00,8:24:00
02-11-25,QR1456,Belt 3,15:00:00,15:08:00,124,114,15:22:00,15:30:00
02-11-25,TK525,Belt 2,1:20:00,1:10:00,157,161,1:23:00,1:33:00
02-11-25,KQ704,Belt 3,17:20:00,17:35:00,162,166,17:47:00,17:58:00
02-11-25,KQ706,Belt 1,9:10:00,9:08:00,74,73,9:20:00,9:25:00
03-11-25,BP312,Belt 2,8:50:00,8:58:00,154,148,9:06:00,9:26:00
03-11-25,ET34,Belt 1,11:45:00,11:34:00,42,39,11:47:00,12:03:00
03-11-25,ET35,Belt 3,13:10:00,13:09:00,70,63,13:22:00,13:37:00
03-11-25,SA62,Belt 3,12:40:00,12:29:00,119,115,12:42:00,12:58:00
03-11-25,TC212,Belt 1,12:20:00,12:22:00,118,111,12:35:00,12:52:00
03-11-25,UR722,Belt 3,11:45:00,12:00:00,67,64,12:11:00,12:19:00
03-11-25,WB112,Belt 3,15:00:00,14:51:00,88,96,14:58:00,15:16:00
03-11-25,ET873,Belt 2,13:10:00,12:58:00,313,304,13:13:00,13:21:00
03-11-25,4Z166,Belt 1,9:40:00,9:40:00,44,38,9:47:00,10:01:00
03-11-25,4Z162,Belt 3,13:30:00,13:42:00,20,23,13:56:00,14:13:00
03-11-25,QR1455,Belt 1,7:50:00,8:03:00,155,150,8:11:00,8:27:00
03-11-25,QR1456,Belt 1,15:00:00,14:45:00,271,261,14:58:00,15:03:00
03-11-25,TK525,Belt 2,1:20:00,1:35:00,170,164,1:46:00,1:59:00
03-11-25,KQ704,Belt 3,17:20:00,17:29:00,136,137,17:42:00,17:54:00
03-11-25,KQ706,Belt 3,9:10:00,9:04:00,167,176,9:11:00,9:16:00
04-11-25,BP312,Belt 3,8:50:00,9:09:00,171,165,9:21:00,9:36:00
04-11-25,ET34,Belt 3,11:45:00,12:00:00,49,46,12:10:00,12:27:00
04-11-25,ET35,Belt 2,13:10:00,13:06:00,59,49,13:19:00,13:25:00
04-11-25,SA62,Belt 1,12:40:00,12:32:00,173,179,12:45:00,12:55:00
04-11-25,TC212,Belt 3,12:20:00,12:38:00,157,151,12:47:00,13:05:00
04-11-25,UR722,Belt 2,11:45:00,11:45:00,10,16,12:00:00,12:08:00
04-11-25,WB112,Belt 1,15:00:00,15:04:00,180,170,15:15:00,15:25:00
04-11-25,ET873,Belt 1,13:10:00,13:01:00,146,154,13:09:00,13:14:00
04-11-25,4Z166,Belt 2,9:40:00,9:47:00,20,10,9:56:00,10:01:00
04-11-25,4Z162,Belt 3,13:30:00,13:43:00,62,55,13:51:00,14:08:00
04-11-25,QR1455,Belt 3,7:50:00,7:35:00,120,116,7:47:00,7:57:00
04-11-25,QR1456,Belt 2,15:00:00,15:01:00,381,384,15:12:00,15:23:00
04-11-25,TK525,Belt 1,1:20:00,1:23:00,177,175,1:34:00,1:40:00
04-11-25,KQ704,Belt 3,17:20:00,17:37:00,85,91,17:44:00,17:52:00
04-11-25,KQ706,Belt 3,9:10:00,9:12:00,196,187,9:20:00,9:28:00
05-11-25,BP312,Belt 3,8:50:00,8:51:00,140,142,9:00:00,9:07:00
05-11-25,ET34,Belt 3,11:45:00,11:30:00,42,41,11:40:00,11:57:00
05-11-25,ET35,Belt 1,13:10:00,13:18:00,31,41,13:31:00,13:38:00
05-11-25,SA62,Belt 1,12:40:00,12:44:00,85,89,12:57:00,13:14:00
05-11-25,TC212,Belt 3,12:20:00,12:20:00,180,185,12:29:00,12:43:00
05-11-25,UR722,Belt 1,11:45:00,11:39:00,62,67,11:46:00,11:54:00
05-11-25,WB112,Belt 3,15:00:00,14:56:00,163,158,15:11:00,15:16:00
05-11-25,ET873,Belt 2,13:10:00,13:01:00,315,317,13:09:00,13:20:00
05-11-25,4Z166,Belt 3,9:40:00,9:54:00,18,11,10:01:00,10:10:00
05-11-25,4Z162,Belt 3,13:30:00,13:27:00,66,65,13:35:00,13:46:00
05-11-25,QR1455,Belt 2,7:50:00,7:57:00,211,217,8:07:00,8:14:00
05-11-25,QR1456,Belt 3,15:00:00,14:46:00,112,114,14:57:00,15:17:00
05-11-25,TK525,Belt 1,1:20:00,1:07:00,98,97,1:22:00,1:36:00
05-11-25,KQ704,Belt 3,17:20:00,17:29:00,199,196,17:44:00,18:01:00
05-11-25,KQ706,Belt 1,9:10:00,9:18:00,129,134,9:28:00,9:41:00
06-11-25,BP312,Belt 3,8:50:00,8:55:00,104,96,9:06:00,9:16:00
06-11-25,ET34,Belt 1,11:45:00,11:56:00,61,56,12:09:00,12:28:00
06-11-25,ET35,Belt 2,13:10:00,13:07:00,46,48,13:19:00,13:27:00
06-11-25,SA62,Belt 1,12:40:00,12:44:00,171,168,12:54:00,13:10:00
06-11-25,TC212,Belt 2,12:20:00,12:32:00,90,86,12:41:00,12:47:00
06-11-25,UR722,Belt 2,11:45:00,11:43:00,34,26,11:56:00,12:10:00
06-11-25,WB112,Belt 3,15:00:00,15:03:00,162,160,15:10:00,15:18:00
06-11-25,ET873,Belt 3,13:10:00,13:09:00,218,215,13:18:00,13:34:00
06-11-25,4Z166,Belt 3,9:40:00,9:55:00,10,14,10:07:00,10:23:00
06-11-25,4Z162,Belt 1,13:30:00,13:27:00,59,59,13:35:00,13:40:00
06-11-25,QR1455,Belt 2,7:50:00,7:35:00,55,55,7:45:00,8:04:00
06-11-25,QR1456,Belt 1,15:00:00,15:18:00,211,214,15:33:00,15:40:00
06-11-25,TK525,Belt 3,1:20:00,1:34:00,204,195,1:44:00,1:55:00
06-11-25,KQ704,Belt 2,17:20:00,17:33:00,150,141,17:41:00,17:59:00
06-11-25,KQ706,Belt 3,9:10:00,9:23:00,181,181,9:35:00,9:46:00
07-11-25,BP312,Belt 1,8:50:00,9:06:00,87,82,9:20:00,9:26:00
07-11-25,ET34,Belt 3,11:45:00,11:45:00,29,36,11:53:00,12:12:00
07-11-25,ET35,Belt 2,13:10:00,13:03:00,48,48,13:16:00,13:28:00
07-11-25,SA62,Belt 1,12:40:00,12:38:00,-5,75,12:45:00,12:50:00
07-11-25,TC212,Belt 2,12:20:00,12:34:00,136,142,12:47:00,12:53:00
07-11-25,UR722,Belt 2,11:45:00,11:31:00,74,68,11:38:00,11:53:00
07-11-25,WB112,Belt 1,15:00:00,15:09:00,66,74,15:23:00,15:31:00
07-11-25,ET873,Belt 1,13:10:00,13:26:00,202,204,13:38:00,13:54:00
07-11-25,4Z166,Belt 2,9:40:00,9:50:00,22,15,10:02:00,10:22:00
07-11-25,4Z162,Belt 1,13:30:00,13:16:00,15,13,13:27:00,13:46:00
07-11-25,QR1455,Belt 3,7:50:00,7:43:00,371,378,7:55:00,8:03:00
07-11-25,QR1456,Belt 3,15:00:00,15:05:00,155,164,15:12:00,15:21:00
07-11-25,TK525,Belt 3,1:20:00,1:22:00,218,215,1:32:00,1:42:00
07-11-25,KQ704,Belt 2,17:20:00,17:27:00,119,118,17:42:00,17:47:00
07-11-25,KQ706,Belt 3,9:10:00,9:07:00,81,83,9:14:00,9:22:00
08-11-25,BP312,Belt 2,8:50:00,8:42:00,139,147,8:53:00,9:08:00
08-11-25,ET34,Belt 3,11:45:00,11:37:00,51,49,11:48:00,11:58:00
08-11-25,ET35,Belt 1,13:10:00,13:14:00,51,47,13:22:00,13:31:00
08-11-25,SA62,Belt 2,12:40:00,12:40:00,115,107,12:53:00,13:12:00
08-11-25,TC212,Belt 2,12:20:00,12:07:00,107,101,12:22:00,12:34:00
08-11-25,UR722,Belt 2,11:45:00,12:02:00,45,40,12:13:00,12:28:00
08-11-25,WB112,Belt 1,15:00:00,15:12:00,190,193,15:20:00,15:33:00
08-11-25,ET873,Belt 2,13:10:00,13:28:00,93,92,13:43:00,13:55:00
08-11-25,4Z166,Belt 1,9:40:00,9:42:00,47,51,9:50:00,9:57:00
08-11-25,4Z162,Belt 1,13:30:00,13:30:00,9,13,13:37:00,13:48:00
08-11-25,QR1455,Belt 1,7:50:00,7:55:00,243,247,8:09:00,8:17:00
08-11-25,QR1456,Belt 1,15:00:00,15:06:00,164,156,15:21:00,15:36:00
08-11-25,TK525,Belt 3,1:20:00,1:17:00,292,282,1:26:00,1:34:00
08-11-25,KQ704,Belt 2,17:20:00,17:35:00,127,126,17:48:00,18:07:00
08-11-25,KQ706,Belt 1,9:10:00,9:20:00,123,121,9:30:00,9:37:00
09-11-25,BP312,Belt 3,8:50:00,9:05:00,173,178,9:16:00,9:24:00
09-11-25,ET34,Belt 3,11:45:00,11:52:00,32,39,12:00:00,12:12:00
09-11-25,ET35,Belt 3,13:10:00,13:02:00,71,67,13:11:00,13:24:00
09-11-25,SA62,Belt 1,12:40:00,12:36:00,-5,191,12:50:00,13:06:00
09-11-25,TC212,Belt 1,12:20:00,12:38:00,107,100,12:46:00,13:02:00
09-11-25,UR722,Belt 2,11:45:00,11:53:00,17,23,12:06:00,12:24:00
09-11-25,WB112,Belt 1,15:00:00,15:02:00,146,155,15:16:00,15:29:00
09-11-25,ET873,Belt 3,13:10:00,13:26:00,91,100,13:39:00,13:57:00
09-11-25,4Z166,Belt 2,9:40:00,9:55:00,24,28,10:08:00,10:18:00
09-11-25,4Z162,Belt 3,13:30:00,13:45:00,33,27,13:59:00,14:17:00
09-11-25,QR1455,Belt 3,7:50:00,7:38:00,389,398,7:48:00,7:56:00
09-11-25,QR1456,Belt 3,15:00:00,15:00:00,99,108,15:07:00,15:20:00
09-11-25,TK525,Belt 3,1:20:00,1:19:00,90,83,1:27:00,1:40:00
09-11-25,KQ704,Belt 3,17:20:00,17:24:00,175,173,17:37:00,17:45:00
09-11-25,KQ706,Belt 3,9:10:00,9:00:00,143,138,9:10:00,9:20:00
10-11-25,BP312,Belt 2,8:50:00,8:45:00,168,158,8:56:00,9:10:00
10-11-25,ET34,Belt 2,11:45:00,11:48:00,3,10,11:57:00,12:17:00
10-11-25,ET35,Belt 2,13:10:00,13:24:00,-5,29,13:33:00,13:48:00
10-11-25,SA62,Belt 1,12:40:00,12:37:00,82,87,12:46:00,13:01:00
10-11-25,TC212,Belt 1,12:20:00,12:14:00,96,106,12:28:00,12:46:00
10-11-25,UR722,Belt 3,11:45:00,11:49:00,6,11,12:00:00,12:07:00
10-11-25,WB112,Belt 2,15:00:00,15:04:00,81,72,15:16:00,15:36:00
10-11-25,ET873,Belt 3,13:10:00,13:00:00,55,50,13:10:00,13:30:00
10-11-25,4Z166,Belt 2,9:40:00,9:26:00,-5,12,9:37:00,9:49:00
10-11-25,4Z162,Belt 3,13:30:00,13:16:00,37,42,13:25:00,13:33:00
10-11-25,QR1455,Belt 2,7:50:00,8:03:00,-5,205,8:17:00,8:37:00
10-11-25,QR1456,Belt 1,15:00:00,15:16:00,236,229,15:27:00,15:47:00
10-11-25,TK525,Belt 1,1:20:00,1:25:00,240,236,1:32:00,1:48:00
10-11-25,KQ704,Belt 1,17:20:00,17:23:00,161,155,17:37:00,17:45:00
10-11-25,KQ706,Belt 2,9:10:00,9:15:00,69,75,9:28:00,9:40:00
11-11-25,BP312,Belt 3,8:50:00,9:09:00,107,106,9:23:00,9:28:00
11-11-25,ET34,Belt 2,11:45:00,11:53:00,49,46,12:05:00,12:16:00
11-11-25,ET35,Belt 1,13:10:00,13:30:00,11,15,13:43:00,13:51:00
11-11-25,SA62,Belt 2,12:40:00,12:26:00,191,185,12:35:00,12:48:00
11-11-25,TC212,Belt 1,12:20:00,12:40:00,-5,159,12:53:00,13:11:00
11-11-25,UR722,Belt 2,11:45:00,11:37:00,25,29,11:44:00,11:59:00
11-11-25,WB112,Belt 1,15:00:00,15:02:00,104,101,15:16:00,15:32:00
11-11-25,ET873,Belt 1,13:10:00,13:04:00,96,106,13:18:00,13:27:00
11-11-25,4Z166,Belt 2,9:40:00,9:29:00,47,53,9:44:00,9:58:00
11-11-25,4Z162,Belt 1,13:30:00,13:15:00,40,45,13:26:00,13:46:00
11-11-25,QR1455,Belt 3,7:50:00,8:06:00,82,83,8:13:00,8:32:00
11-11-25,QR1456,Belt 1,15:00:00,15:06:00,-5,161,15:14:00,15:20:00
11-11-25,TK525,Belt 2,1:20:00,1:20:00,196,206,1:33:00,1:49:00
11-11-25,KQ704,Belt 1,17:20:00,17:29:00,61,70,17:40:00,17:49:00
11-11-25,KQ706,Belt 3,9:10:00,9:01:00,148,142,9:16:00,9:25:00
12-11-25,BP312,Belt 2,8:50:00,8:44:00,133,139,8:54:00,9:12:00
12-11-25,ET34,Belt 3,11:45:00,11:51:00,60,68,12:02:00,12:14:00
12-11-25,ET35,Belt 1,13:10:00,13:19:00,41,40,13:29:00,13:46:00
12-11-25,SA62,Belt 2,12:40:00,12:29:00,165,172,12:40:00,12:54:00
12-11-25,TC212,Belt 2,12:20:00,12:11:00,144,149,12:24:00,12:39:00
12-11-25,UR722,Belt 1,11:45:00,11:32:00,14,18,11:43:00,11:52:00
12-11-25,WB112,Belt 1,15:00:00,15:12:00,120,121,15:23:00,15:30:00
12-11-25,ET873,Belt 1,13:10:00,13:06:00,350,340,13:20:00,13:30:00
12-11-25,4Z166,Belt 2,9:40:00,9:40:00,63,60,9:48:00,9:57:00
12-11-25,4Z162,Belt 1,13:30:00,13:31:00,38,38,13:46:00,14:02:00
12-11-25,QR1455,Belt 1,7:50:00,7:53:00,234,231,8:07:00,8:25:00
12-11-25,QR1456,Belt 1,15:00:00,15:04:00,-5,286,15:19:00,15:24:00
12-11-25,TK525,Belt 2,1:20:00,1:29:00,89,95,1:40:00,1:52:00
12-11-25,KQ704,Belt 3,17:20:00,17:23:00,159,165,17:38:00,17:52:00
12-11-25,KQ706,Belt 1,9:10:00,8:58:00,164,170,9:11:00,9:16:00
13-11-25,BP312,Belt 1,8:50:00,8:49:00,178,187,8:57:00,9:03:00
13-11-25,ET34,Belt 2,11:45:00,11:38:00,73,63,11:46:00,12:01:00
13-11-25,ET35,Belt 3,13:10:00,13:18:00,15,16,13:32:00,13:47:00
13-11-25,SA62,Belt 2,12:40:00,12:36:00,109,101,12:51:00,12:57:00
13-11-25,TC212,Belt 3,12:20:00,12:37:00,128,122,12:46:00,13:06:00
13-11-25,UR722,Belt 2,11:45:00,11:51:00,34,24,12:00:00,12:14:00
13-11-25,WB112,Belt 3,15:00:00,15:10:00,139,149,15:24:00,15:35:00
13-11-25,ET873,Belt 2,13:10:00,13:29:00,74,84,13:38:00,13:46:00
13-11-25,4Z166,Belt 1,9:40:00,9:41:00,13,16,9:51:00,9:59:00
13-11-25,4Z162,Belt 3,13:30:00,13:45:00,17,11,13:59:00,14:16:00
13-11-25,QR1455,Belt 3,7:50:00,7:39:00,111,112,7:52:00,8:12:00
13-11-25,QR1456,Belt 2,15:00:00,14:53:00,177,170,15:04:00,15:23:00
13-11-25,TK525,Belt 2,1:20:00,1:11:00,358,365,1:24:00,1:33:00
13-11-25,KQ704,Belt 3,17:20:00,17:14:00,70,75,17:23:00,17:35:00
13-11-25,KQ706,Belt 1,9:10:00,8:57:00,207,200,9:07:00,9:27:00
14-11-25,BP312,Belt 1,8:50:00,8:58:00,143,144,9:06:00,9:26:00
14-11-25,ET34,Belt 2,11:45:00,11:33:00,50,52,11:46:00,12:03:00
14-11-25,ET35,Belt 1,13:10:00,13:00:00,54,61,13:14:00,13:32:00
14-11-25,SA62,Belt 3,12:40:00,12:33:00,97,107,12:44:00,13:03:00
14-11-25,TC212,Belt 2,12:20:00,12:18:00,159,169,12:29:00,12:35:00
14-11-25,UR722,Belt 1,11:45:00,11:47:00,60,51,12:01:00,12:07:00
14-11-25,WB112,Belt 3,15:00:00,14:52:00,109,105,15:06:00,15:19:00
14-11-25,ET873,Belt 1,13:10:00,13:15:00,132,131,13:30:00,13:41:00
14-11-25,4Z166,Belt 3,9:40:00,9:51:00,73,67,10:04:00,10:11:00
14-11-25,4Z162,Belt 1,13:30:00,13:38:00,45,51,13:50:00,14:05:00
14-11-25,QR1455,Belt 3,7:50:00,7:37:00,119,121,7:48:00,8:05:00
14-11-25,QR1456,Belt 2,15:00:00,14:48:00,385,380,15:01:00,15:21:00
14-11-25,TK525,Belt 3,1:20:00,1:36:00,382,387,1:51:00,2:04:00
14-11-25,KQ704,Belt 3,17:20:00,17:09:00,160,152,17:21:00,17:38:00
14-11-25,KQ706,Belt 3,9:10:00,9:19:00,71,81,9:28:00,9:40:00
15-11-25,BP312,Belt 3,8:50:00,9:02:00,102,97,9:16:00,9:31:00
15-11-25,ET34,Belt 2,11:45:00,11:43:00,56,59,11:51:00,12:01:00
15-11-25,ET35,Belt 3,13:10:00,13:24:00,69,67,13:37:00,13:44:00
15-11-25,SA62,Belt 1,12:40:00,12:45:00,127,134,12:52:00,12:59:00
15-11-25,TC212,Belt 1,12:20:00,12:09:00,174,165,12:16:00,12:26:00
15-11-25,UR722,Belt 2,11:45:00,11:53:00,-5,16,12:06:00,12:15:00
15-11-25,WB112,Belt 1,15:00:00,15:06:00,117,121,15:17:00,15:37:00
15-11-25,ET873,Belt 2,13:10:00,12:58:00,396,397,13:08:00,13:19:00
15-11-25,4Z166,Belt 3,9:40:00,9:57:00,23,20,10:12:00,10:23:00
15-11-25,4Z162,Belt 3,13:30:00,13:21:00,37,47,13:29:00,13:40:00
15-11-25,QR1455,Belt 2,7:50:00,7:49:00,111,121,8:01:00,8:19:00
15-11-25,QR1456,Belt 2,15:00:00,15:02:00,321,329,15:14:00,15:24:00
15-11-25,TK525,Belt 3,1:20:00,1:27:00,384,378,1:41:00,1:52:00
15-11-25,KQ704,Belt 2,17:20:00,17:09:00,197,191,17:21:00,17:37:00
15-11-25,KQ706,Belt 2,9:10:00,9:21:00,97,105,9:35:00,9:53:00
16-11-25,BP312,Belt 2,8:50:00,8:55:00,158,166,9:03:00,9:12:00
16-11-25,ET34,Belt 3,11:45:00,11:33:00,22,29,11:41:00,12:01:00
16-11-25,ET35,Belt 3,13:10:00,13:26:00,22,13,13:41:00,13:56:00
16-11-25,SA62,Belt 2,12:40:00,12:32:00,126,127,12:43:00,13:00:00
16-11-25,TC212,Belt 3,12:20:00,12:36:00,153,161,12:45:00,12:59:00
16-11-25,UR722,Belt 1,11:45:00,11:33:00,52,44,11:43:00,11:57:00
16-11-25,WB112,Belt 1,15:00:00,15:01:00,91,84,15:09:00,15:29:00
16-11-25,ET873,Belt 1,13:10:00,13:22:00,374,384,13:29:00,13:44:00
16-11-25,4Z166,Belt 3,9:40:00,9:39:00,22,26,9:51:00,9:57:00
16-11-25,4Z162,Belt 3,13:30:00,13:42:00,30,23,13:54:00,14:00:00
16-11-25,QR1455,Belt 3,7:50:00,8:02:00,294,302,8:09:00,8:25:00
16-11-25,QR1456,Belt 3,15:00:00,14:46:00,272,263,14:54:00,15:14:00
16-11-25,TK525,Belt 1,1:20:00,1:28:00,179,188,1:36:00,1:42:00
16-11-25,KQ704,Belt 1,17:20:00,17:38:00,196,199,17:50:00,18:08:00
16-11-25,KQ706,Belt 3,9:10:00,9:05:00,144,147,9:12:00,9:18:00
17-11-25,BP312,Belt 2,8:50:00,8:57:00,127,120,9:10:00,9:15:00
17-11-25,ET34,Belt 2,11:45:00,11:46:00,31,40,11:59:00,12:16:00
17-11-25,ET35,Belt 3,13:10:00,12:59:00,21,18,13:12:00,13:21:00
17-11-25,SA62,Belt 3,12:40:00,12:53:00,175,182,13:05:00,13:21:00
17-11-25,TC212,Belt 3,12:20:00,12:35:00,160,157,12:42:00,12:54:00
17-11-25,UR722,Belt 1,11:45:00,11:52:00,23,15,11:59:00,12:11:00
17-11-25,WB112,Belt 3,15:00:00,14:47:00,-5,81,14:57:00,15:03:00
17-11-25,ET873,Belt 1,13:10:00,13:27:00,73,79,13:41:00,13:51:00
17-11-25,4Z166,Belt 1,9:40:00,9:53:00,12,12,10:05:00,10:17:00
17-11-25,4Z162,Belt 2,13:30:00,13:24:00,27,18,13:37:00,13:57:00
17-11-25,QR1455,Belt 2,7:50:00,8:07:00,104,112,8:15:00,8:28:00
17-11-25,QR1456,Belt 1,15:00:00,15:18:00,160,155,15:30:00,15:42:00
17-11-25,TK525,Belt 2,1:20:00,1:29:00,205,204,1:44:00,1:58:00
17-11-25,KQ704,Belt 2,17:20:00,17:09:00,138,132,17:20:00,17:35:00
17-11-25,KQ706,Belt 1,9:10:00,9:11:00,191,198,9:18:00,9:34:00
18-11-25,BP312,Belt 3,8:50:00,8:44:00,192,194,8:52:00,9:03:00
18-11-25,ET34,Belt 2,11:45:00,11:38:00,69,63,11:48:00,12:02:00
18-11-25,ET35,Belt 2,13:10:00,13:16:00,41,45,13:24:00,13:40:00
18-11-25,SA62,Belt 2,12:40:00,12:57:00,97,106,13:07:00,13:26:00
18-11-25,TC212,Belt 3,12:20:00,12:18:00,179,186,12:25:00,12:45:00
18-11-25,UR722,Belt 3,11:45:00,11:39:00,25,27,11:52:00,12:06:00
18-11-25,WB112,Belt 3,15:00:00,15:18:00,83,85,15:31:00,15:51:00
18-11-25,ET873,Belt 3,13:10:00,13:04:00,247,245,13:18:00,13:24:00
18-11-25,4Z166,Belt 2,9:40:00,9:27:00,25,23,9:36:00,9:54:00
18-11-25,4Z162,Belt 3,13:30:00,13:33:00,12,13,13:40:00,13:56:00
18-11-25,QR1455,Belt 3,7:50:00,8:05:00,361,361,8:16:00,8:27:00
18-11-25,QR1456,Belt 2,15:00:00,15:14:00,233,224,15:27:00,15:45:00
18-11-25,TK525,Belt 2,1:20:00,1:15:00,72,79,1:30:00,1:47:00
18-11-25,KQ704,Belt 2,17:20:00,17:28:00,150,143,17:42:00,18:00:00
18-11-25,KQ706,Belt 2,9:10:00,9:05:00,131,136,9:18:00,9:37:00
19-11-25,BP312,Belt 2,8:50:00,8:40:00,124,130,8:47:00,9:00:00
19-11-25,ET34,Belt 2,11:45:00,11:33:00,68,70,11:41:00,11:53:00
19-11-25,ET35,Belt 2,13:10:00,13:18:00,28,28,13:31:00,13:37:00
19-11-25,SA62,Belt 2,12:40:00,12:46:00,141,140,12:57:00,13:10:00
19-11-25,TC212,Belt 1,12:20:00,12:13:00,66,73,12:24:00,12:39:00
19-11-25,UR722,Belt 3,11:45:00,11:31:00,59,64,11:45:00,12:04:00
19-11-25,WB112,Belt 1,15:00:00,15:18:00,172,182,15:32:00,15:38:00
19-11-25,ET873,Belt 1,13:10:00,12:58:00,305,295,13:13:00,13:24:00
19-11-25,4Z166,Belt 2,9:40:00,9:29:00,21,13,9:37:00,9:50:00
19-11-25,4Z162,Belt 3,13:30:00,13:47:00,45,45,13:55:00,14:14:00
19-11-25,QR1455,Belt 3,7:50:00,7:57:00,180,182,8:08:00,8:28:00
19-11-25,QR1456,Belt 2,15:00:00,14:50:00,176,166,14:59:00,15:08:00
19-11-25,TK525,Belt 2,1:20:00,1:37:00,376,385,1:47:00,1:55:00
19-11-25,KQ704,Belt 2,17:20:00,17:28:00,74,79,17:43:00,18:02:00
19-11-25,KQ706,Belt 3,9:10:00,9:01:00,142,151,9:16:00,9:28:00
20-11-25,BP312,Belt 2,8:50:00,8:56:00,134,136,9:03:00,9:19:00
20-11-25,ET34,Belt 3,11:45:00,11:38:00,46,55,11:48:00,12:04:00
20-11-25,ET35,Belt 2,13:10:00,12:57:00,-5,14,13:11:00,13:19:00
20-11-25,SA62,Belt 2,12:40:00,12:50:00,86,89,13:00:00,13:15:00
20-11-25,TC212,Belt 1,12:20:00,12:17:00,168,165,12:25:00,12:43:00
20-11-25,UR722,Belt 1,11:45:00,11:47:00,9,19,11:59:00,12:15:00
20-11-25,WB112,Belt 1,15:00:00,15:09:00,184,174,15:21:00,15:41:00
20-11-25,ET873,Belt 3,13:10:00,13:12:00,358,368,13:21:00,13:37:00
20-11-25,4Z166,Belt 2,9:40:00,9:36:00,22,28,9:43:00,9:51:00
20-11-25,4Z162,Belt 3,13:30:00,13:35:00,23,23,13:50:00,14:06:00
20-11-25,QR1455,Belt 1,7:50:00,7:45:00,251,243,7:52:00,8:01:00
20-11-25,QR1456,Belt 2,15:00:00,15:12:00,374,382,15:20:00,15:32:00
20-11-25,TK525,Belt 2,1:20:00,1:30:00,315,307,1:45:00,2:03:00
20-11-25,KQ704,Belt 2,17:20:00,17:07:00,107,101,17:14:00,17:34:00
20-11-25,KQ706,Belt 2,9:10:00,9:19:00,182,182,9:30:00,9:41:00
21-11-25,BP312,Belt 1,8:50:00,8:58:00,142,145,9:10:00,9:22:00
21-11-25,ET34,Belt 2,11:45:00,11:53:00,28,24,12:05:00,12:13:00
21-11-25,ET35,Belt 3,13:10:00,13:02:00,29,25,13:15:00,13:31:00
21-11-25,SA62,Belt 1,12:40:00,13:00:00,167,160,13:15:00,13:22:00
21-11-25,TC212,Belt 1,12:20:00,12:23:00,202,193,12:33:00,12:52:00
21-11-25,UR722,Belt 1,11:45:00,11:58:00,32,24,12:07:00,12:19:00
21-11-25,WB112,Belt 1,15:00:00,15:07:00,114,105,15:18:00,15:32:00
21-11-25,ET873,Belt 1,13:10:00,13:06:00,203,210,13:14:00,13:32:00
21-11-25,4Z166,Belt 3,9:40:00,9:40:00,36,42,9:54:00,10:05:00
21-11-25,4Z162,Belt 3,13:30:00,13:38:00,70,66,13:45:00,13:55:00
21-11-25,QR1455,Belt 2,7:50:00,7:54:00,262,264,8:09:00,8:29:00
21-11-25,QR1456,Belt 3,15:00:00,14:49:00,95,101,14:56:00,15:14:00
21-11-25,TK525,Belt 1,1:20:00,1:34:00,127,135,1:43:00,2:00:00
21-11-25,KQ704,Belt 2,17:20:00,17:13:00,154,160,17:26:00,17:38:00
21-11-25,KQ706,Belt 2,9:10:00,9:05:00,138,145,9:17:00,9:32:00
22-11-25,BP312,Belt 1,8:50:00,8:53:00,88,97,9:01:00,9:17:00
22-11-25,ET34,Belt 1,11:45:00,11:47:00,71,68,12:01:00,12:19:00
22-11-25,ET35,Belt 2,13:10:00,13:27:00,63,58,13:36:00,13:46:00
22-11-25,SA62,Belt 2,12:40:00,12:46:00,192,200,12:55:00,13:00:00
22-11-25,TC212,Belt 1,12:20:00,12:21:00,174,164,12:35:00,12:52:00
22-11-25,UR722,Belt 3,11:45:00,12:01:00,33,38,12:16:00,12:29:00
22-11-25,WB112,Belt 3,15:00:00,15:00:00,128,129,15:14:00,15:29:00
22-11-25,ET873,Belt 1,13:10:00,13:05:00,344,338,13:20:00,13:38:00
22-11-25,4Z166,Belt 3,9:40:00,9:46:00,-5,30,9:58:00,10:08:00
22-11-25,4Z162,Belt 2,13:30:00,13:23:00,8,12,13:36:00,13:49:00
22-11-25,QR1455,Belt 1,7:50:00,7:42:00,365,365,7:50:00,8:06:00
22-11-25,QR1456,Belt 1,15:00:00,14:48:00,127,134,14:59:00,15:12:00
22-11-25,TK525,Belt 1,1:20:00,1:15:00,271,274,1:24:00,1:38:00
22-11-25,KQ704,Belt 3,17:20:00,17:36:00,94,97,17:47:00,17:56:00
22-11-25,KQ706,Belt 3,9:10:00,9:10:00,129,122,9:25:00,9:35:00
23-11-25,BP312,Belt 3,8:50:00,9:06:00,87,80,9:21:00,9:32:00
23-11-25,ET34,Belt 1,11:45:00,11:57:00,31,41,12:09:00,12:20:00
23-11-25,ET35,Belt 2,13:10:00,12:57:00,-5,70,13:10:00,13:29:00
23-11-25,SA62,Belt 2,12:40:00,12:48:00,106,102,12:59:00,13:07:00
23-11-25,TC212,Belt 1,12:20:00,12:33:00,104,100,12:46:00,13:06:00
23-11-25,UR722,Belt 1,11:45:00,11:37:00,9,15,11:48:00,11:56:00
23-11-25,WB112,Belt 3,15:00:00,15:20:00,87,90,15:28:00,15:43:00
23-11-25,ET873,Belt 2,13:10:00,13:27:00,309,309,13:38:00,13:57:00
23-11-25,4Z166,Belt 3,9:40:00,9:55:00,63,57,10:03:00,10:18:00
23-11-25,4Z162,Belt 3,13:30:00,13:23:00,30,37,13:38:00,13:53:00
23-11-25,QR1455,Belt 3,7:50:00,7:54:00,345,335,8:01:00,8:06:00
23-11-25,QR1456,Belt 2,15:00:00,14:46:00,128,120,14:59:00,15:11:00
23-11-25,TK525,Belt 1,1:20:00,1:24:00,148,150,1:38:00,1:47:00
23-11-25,KQ704,Belt 3,17:20:00,17:08:00,122,117,17:19:00,17:28:00
23-11-25,KQ706,Belt 1,9:10:00,9:04:00,98,92,9:14:00,9:19:00
24-11-25,BP312,Belt 2,8:50:00,8:36:00,92,87,8:51:00,9:02:00
24-11-25,ET34,Belt 2,11:45:00,11:43:00,12,21,11:56:00,12:09:00
24-11-25,ET35,Belt 1,13:10:00,13:08:00,44,34,13:18:00,13:34:00
24-11-25,SA62,Belt 2,12:40:00,12:49:00,115,116,12:59:00,13:13:00
24-11-25,TC212,Belt 2,12:20:00,12:39:00,199,194,12:52:00,13:08:00
24-11-25,UR722,Belt 3,11:45:00,11:45:00,39,40,11:53:00,12:05:00
24-11-25,WB112,Belt 3,15:00:00,14:58:00,146,143,15:12:00,15:27:00
24-11-25,ET873,Belt 1,13:10:00,13:12:00,392,389,13:20:00,13:30:00
24-11-25,4Z166,Belt 2,9:40:00,9:49:00,23,30,10:01:00,10:18:00
24-11-25,4Z162,Belt 2,13:30:00,13:33:00,23,18,13:47:00,14:05:00
24-11-25,QR1455,Belt 2,7:50:00,8:05:00,160,170,8:16:00,8:29:00
24-11-25,QR1456,Belt 1,15:00:00,15:02:00,163,160,15:09:00,15:24:00
24-11-25,TK525,Belt 1,1:20:00,1:20:00,395,395,1:33:00,1:50:00
24-11-25,KQ704,Belt 1,17:20:00,17:31:00,180,178,17:42:00,17:48:00
24-11-25,KQ706,Belt 1,9:10:00,9:30:00,191,194,9:42:00,9:48:00
25-11-25,BP312,Belt 2,8:50:00,8:47:00,187,184,8:57:00,9:07:00
25-11-25,ET34,Belt 3,11:45:00,11:35:00,33,23,11:43:00,11:58:00
25-11-25,ET35,Belt 1,13:10:00,12:57:00,55,48,13:04:00,13:09:00
25-11-25,SA62,Belt 2,12:40:00,12:25:00,93,93,12:37:00,12:44:00
25-11-25,TC212,Belt 2,12:20:00,12:39:00,88,82,12:49:00,13:05:00
25-11-25,UR722,Belt 2,11:45:00,11:47:00,17,22,12:02:00,12:19:00
25-11-25,WB112,Belt 1,15:00:00,15:01:00,127,128,15:10:00,15:26:00
25-11-25,ET873,Belt 3,13:10:00,13:07:00,257,261,13:22:00,13:34:00
25-11-25,4Z166,Belt 2,9:40:00,9:30:00,2,12,9:45:00,9:53:00
25-11-25,4Z162,Belt 1,13:30:00,13:35:00,40,35,13:42:00,13:52:00
25-11-25,QR1455,Belt 3,7:50:00,8:03:00,194,204,8:13:00,8:25:00
25-11-25,QR1456,Belt 3,15:00:00,14:45:00,182,189,14:58:00,15:15:00
25-11-25,TK525,Belt 2,1:20:00,1:12:00,180,188,1:20:00,1:27:00
25-11-25,KQ704,Belt 3,17:20:00,17:12:00,166,176,17:19:00,17:28:00
25-11-25,KQ706,Belt 1,9:10:00,9:25:00,166,170,9:36:00,9:51:00
26-11-25,BP312,Belt 3,8:50:00,9:10:00,74,75,9:21:00,9:40:00
26-11-25,ET34,Belt 1,11:45:00,11:35:00,14,16,11:49:00,12:06:00
26-11-25,ET35,Belt 2,13:10:00,13:02:00,29,37,13:12:00,13:30:00
26-11-25,SA62,Belt 1,12:40:00,12:35:00,146,141,12:46:00,12:58:00
26-11-25,TC212,Belt 2,12:20:00,12:36:00,79,74,12:49:00,13:05:00
26-11-25,UR722,Belt 2,11:45:00,12:02:00,48,55,12:16:00,12:28:00
26-11-25,WB112,Belt 1,15:00:00,15:14:00,78,76,15:24:00,15:43:00
26-11-25,ET873,Belt 1,13:10:00,13:08:00,302,294,13:16:00,13:30:00
26-11-25,4Z166,Belt 2,9:40:00,9:29:00,29,19,9:37:00,9:45:00
26-11-25,4Z162,Belt 3,13:30:00,13:33:00,16,20,13:47:00,13:59:00
26-11-25,QR1455,Belt 3,7:50:00,8:01:00,124,122,8:15:00,8:27:00
26-11-25,QR1456,Belt 2,15:00:00,14:50:00,300,302,15:03:00,15:17:00
26-11-25,TK525,Belt 2,1:20:00,1:16:00,216,222,1:23:00,1:38:00
26-11-25,KQ704,Belt 2,17:20:00,17:06:00,164,174,17:17:00,17:28:00
26-11-25,KQ706,Belt 2,9:10:00,9:09:00,202,195,9:23:00,9:38:00
27-11-25,BP312,Belt 2,8:50:00,8:47:00,130,130,9:01:00,9:21:00
27-11-25,ET34,Belt 2,11:45:00,11:31:00,-5,45,11:39:00,11:57:00
27-11-25,ET35,Belt 3,13:10:00,12:57:00,16,14,13:06:00,13:11:00
27-11-25,SA62,Belt 3,12:40:00,12:53:00,96,101,13:03:00,13:22:00
27-11-25,TC212,Belt 2,12:20:00,12:23:00,82,79,12:37:00,12:47:00
27-11-25,UR722,Belt 2,11:45:00,11:50:00,67,61,12:04:00,12:13:00
27-11-25,WB112,Belt 3,15:00:00,14:59:00,179,177,15:06:00,15:20:00
27-11-25,ET873,Belt 2,13:10:00,13:06:00,271,272,13:17:00,13:32:00
27-11-25,4Z166,Belt 1,9:40:00,9:49:00,67,66,9:58:00,10:07:00
27-11-25,4Z162,Belt 1,13:30:00,13:34:00,39,43,13:46:00,13:59:00
27-11-25,QR1455,Belt 3,7:50:00,7:49:00,282,286,8:01:00,8:10:00
27-11-25,QR1456,Belt 1,15:00:00,15:11:00,323,318,15:18:00,15:33:00
27-11-25,TK525,Belt 3,1:20:00,1:18:00,135,141,1:32:00,1:39:00
27-11-25,KQ704,Belt 2,17:20:00,17:08:00,145,149,17:18:00,17:26:00
27-11-25,KQ706,Belt 2,9:10:00,8:59:00,187,187,9:07:00,9:13:00
28-11-25,BP312,Belt 1,8:50:00,8:54:00,198,189,9:03:00,9:10:00
28-11-25,ET34,Belt 2,11:45:00,11:45:00,57,50,11:55:00,12:11:00
28-11-25,ET35,Belt 1,13:10:00,13:13:00,6,10,13:24:00,13:38:00
28-11-25,SA62,Belt 2,12:40:00,12:44:00,149,148,12:57:00,13:10:00
28-11-25,TC212,Belt 2,12:20:00,12:11:00,113,121,12:20:00,12:28:00
28-11-25,UR722,Belt 2,11:45:00,11:56:00,21,23,12:05:00,12:18:00
28-11-25,WB112,Belt 1,15:00:00,15:20:00,90,96,15:35:00,15:52:00
28-11-25,ET873,Belt 3,13:10:00,13:19:00,352,344,13:30:00,13:50:00
28-11-25,4Z166,Belt 3,9:40:00,9:46:00,10,20,9:56:00,10:07:00
28-11-25,4Z162,Belt 3,13:30:00,13:25:00,78,69,13:34:00,13:43:00
28-11-25,QR1455,Belt 3,7:50:00,7:46:00,283,293,7:58:00,8:05:00
28-11-25,QR1456,Belt 2,15:00:00,14:48:00,126,120,15:02:00,15:20:00
28-11-25,TK525,Belt 3,1:20:00,1:09:00,291,291,1:20:00,1:28:00
28-11-25,KQ704,Belt 1,17:20:00,17:08:00,-5,170,17:21:00,17:41:00
28-11-25,KQ706,Belt 2,9:10:00,8:55:00,155,149,9:07:00,9:14:00
29-11-25,BP312,Belt 1,8:50:00,9:07:00,119,124,9:18:00,9:27:00
29-11-25,ET34,Belt 2,11:45:00,11:39:00,49,45,11:53:00,12:06:00
29-11-25,ET35,Belt 3,13:10:00,13:17:00,24,17,13:30:00,13:46:00
29-11-25,SA62,Belt 2,12:40:00,12:54:00,77,76,13:08:00,13:24:00
29-11-25,TC212,Belt 1,12:20:00,12:07:00,174,178,12:22:00,12:33:00
29-11-25,UR722,Belt 1,11:45:00,12:00:00,28,33,12:07:00,12:18:00
29-11-25,WB112,Belt 2,15:00:00,15:12:00,168,162,15:22:00,15:27:00
29-11-25,ET873,Belt 1,13:10:00,13:25:00,208,208,13:33:00,13:49:00
29-11-25,4Z166,Belt 2,9:40:00,9:59:00,32,42,10:10:00,10:16:00
29-11-25,4Z162,Belt 3,13:30:00,13:24:00,37,27,13:38:00,13:55:00
29-11-25,QR1455,Belt 2,7:50:00,7:50:00,177,179,7:57:00,8:02:00
29-11-25,QR1456,Belt 3,15:00:00,14:50:00,300,291,15:04:00,15:24:00
29-11-25,TK525,Belt 3,1:20:00,1:19:00,302,292,1:34:00,1:42:00
29-11-25,KQ704,Belt 3,17:20:00,17:25:00,154,164,17:34:00,17:44:00
29-11-25,KQ706,Belt 1,9:10:00,9:30:00,94,91,9:38:00,9:44:00
30-11-25,BP312,Belt 3,8:50:00,8:59:00,85,85,9:07:00,9:20:00
30-11-25,ET34,Belt 2,11:45:00,11:47:00,60,51,11:54:00,12:09:00
30-11-25,ET35,Belt 2,13:10:00,13:15:00,64,64,13:24:00,13:40:00
30-11-25,SA62,Belt 3,12:40:00,12:53:00,75,73,13:06:00,13:12:00
30-11-25,TC212,Belt 3,12:20:00,12:16:00,125,119,12:25:00,12:38:00
30-11-25,UR722,Belt 2,11:45:00,11:56:00,25,21,12:03:00,12:16:00
30-11-25,WB112,Belt 2,15:00:00,14:50:00,126,120,15:03:00,15:13:00
30-11-25,ET873,Belt 3,13:10:00,13:00:00,50,51,13:11:00,13:27:00
30-11-25,4Z166,Belt 3,9:40:00,9:49:00,35,31,9:57:00,10:16:00
30-11-25,4Z162,Belt 3,13:30:00,13:46:00,9,17,13:55:00,14:02:00
30-11-25,QR1455,Belt 3,7:50:00,8:01:00,220,212,8:08:00,8:18:00
30-11-25,QR1456,Belt 3,15:00:00,15:00:00,171,161,15:12:00,15:31:00
30-11-25,TK525,Belt 1,1:20:00,1:24:00,175,176,1:34:00,1:43:00
30-11-25,KQ704,Belt 1,17:20:00,17:33:00,85,83,17:44:00,17:54:00
30-11-25,KQ706,Belt 3,9:10:00,9:15:00,113,105,9:27:00,9:45:00
01-12-25,BP312,Belt 1,8:50:00,8:55:00,116,118,9:05:00,9:15:00
01-12-25,ET34,Belt 1,11:45:00,11:54:00,30,26,12:05:00,12:12:00
01-12-25,ET35,Belt 2,13:10:00,13:07:00,40,32,13:19:00,13:35:00
01-12-25,SA62,Belt 2,12:40:00,12:54:00,195,185,13:03:00,13:09:00
01-12-25,TC212,Belt 2,12:20:00,12:36:00,162,168,12:51:00,13:02:00
01-12-25,UR722,Belt 1,11:45:00,11:39:00,38,37,11:50:00,12:01:00
01-12-25,WB112,Belt 2,15:00:00,15:15:00,-5,198,15:26:00,15:33:00
01-12-25,ET873,Belt 1,13:10:00,13:29:00,-5,157,13:39:00,13:58:00
01-12-25,4Z166,Belt 1,9:40:00,9:47:00,-5,12,10:02:00,10:12:00
01-12-25,4Z162,Belt 2,13:30:00,13:40:00,22,18,13:52:00,14:08:00
01-12-25,QR1455,Belt 2,7:50:00,7:51:00,251,243,7:58:00,8:13:00
01-12-25,QR1456,Belt 3,15:00:00,15:14:00,113,103,15:26:00,15:31:00
01-12-25,TK525,Belt 2,1:20:00,1:11:00,-5,265,1:23:00,1:38:00
01-12-25,KQ704,Belt 3,17:20:00,17:24:00,90,95,17:36:00,17:50:00
01-12-25,KQ706,Belt 1,9:10:00,9:25:00,196,189,9:34:00,9:39:00
02-12-25,BP312,Belt 1,8:50:00,8:54:00,194,186,9:07:00,9:24:00
02-12-25,ET34,Belt 2,11:45:00,11:36:00,60,63,11:47:00,12:03:00
02-12-25,ET35,Belt 3,13:10:00,13:05:00,36,31,13:18:00,13:32:00
02-12-25,SA62,Belt 1,12:40:00,12:36:00,135,129,12:44:00,13:02:00
02-12-25,TC212,Belt 3,12:20:00,12:17:00,146,138,12:30:00,12:35:00
02-12-25,UR722,Belt 2,11:45:00,11:43:00,37,42,11:54:00,12:05:00
02-12-25,WB112,Belt 3,15:00:00,15:19:00,99,105,15:31:00,15:37:00
02-12-25,ET873,Belt 1,13:10:00,13:11:00,-5,208,13:23:00,13:42:00
02-12-25,4Z166,Belt 3,9:40:00,9:50:00,24,20,9:57:00,10:06:00
02-12-25,4Z162,Belt 3,13:30:00,13:26:00,61,66,13:37:00,13:51:00
02-12-25,QR1455,Belt 3,7:50:00,7:42:00,141,144,7:52:00,8:10:00
02-12-25,QR1456,Belt 3,15:00:00,14:54:00,169,175,15:09:00,15:25:00
02-12-25,TK525,Belt 1,1:20:00,1:29:00,289,294,1:41:00,1:49:00
02-12-25,KQ704,Belt 1,17:20:00,17:40:00,166,170,17:54:00,18:11:00
02-12-25,KQ706,Belt 1,9:10:00,9:23:00,125,132,9:36:00,9:45:00
03-12-25,BP312,Belt 2,8:50:00,8:47:00,106,104,8:59:00,9:13:00
03-12-25,ET34,Belt 1,11:45:00,11:56:00,59,56,12:09:00,12:16:00
03-12-25,ET35,Belt 2,13:10:00,12:56:00,49,41,13:03:00,13:15:00
03-12-25,SA62,Belt 1,12:40:00,12:59:00,112,115,13:11:00,13:27:00
03-12-25,TC212,Belt 2,12:20:00,12:40:00,188,198,12:53:00,13:00:00
03-12-25,UR722,Belt 3,11:45:00,12:04:00,18,24,12:18:00,12:29:00
03-12-25,WB112,Belt 1,15:00:00,15:12:00,123,124,15:25:00,15:32:00
03-12-25,ET873,Belt 3,13:10:00,13:17:00,256,246,13:26:00,13:44:00
03-12-25,4Z166,Belt 3,9:40:00,9:47:00,27,28,10:00:00,10:20:00
03-12-25,4Z162,Belt 1,13:30:00,13:28:00,29,26,13:37:00,13:47:00
03-12-25,QR1455,Belt 3,7:50:00,8:09:00,405,399,8:17:00,8:36:00
03-12-25,QR1456,Belt 3,15:00:00,15:02:00,220,227,15:15:00,15:20:00
03-12-25,TK525,Belt 2,1:20:00,1:22:00,-5,213,1:37:00,1:54:00
03-12-25,KQ704,Belt 1,17:20:00,17:30:00,176,186,17:44:00,18:01:00
03-12-25,KQ706,Belt 2,9:10:00,9:19:00,82,83,9:32:00,9:45:00
04-12-25,BP312,Belt 1,8:50:00,9:07:00,108,99,9:21:00,9:37:00
04-12-25,ET34,Belt 3,11:45:00,11:30:00,55,55,11:45:00,12:01:00
04-12-25,ET35,Belt 2,13:10:00,13:17:00,55,60,13:30:00,13:47:00
04-12-25,SA62,Belt 2,12:40:00,12:56:00,84,90,13:03:00,13:18:00
04-12-25,TC212,Belt 1,12:20:00,12:13:00,132,136,12:28:00,12:47:00
04-12-25,UR722,Belt 3,11:45:00,11:36:00,17,13,11:47:00,11:53:00
04-12-25,WB112,Belt 2,15:00:00,15:14:00,199,195,15:26:00,15:32:00
04-12-25,ET873,Belt 2,13:10:00,13:05:00,237,239,13:18:00,13:33:00
04-12-25,4Z166,Belt 3,9:40:00,9:30:00,18,28,9:45:00,9:58:00
04-12-25,4Z162,Belt 1,13:30:00,13:34:00,29,28,13:47:00,13:52:00
04-12-25,QR1455,Belt 1,7:50:00,7:41:00,-5,216,7:48:00,7:56:00
04-12-25,QR1456,Belt 3,15:00:00,14:59:00,75,68,15:12:00,15:24:00
04-12-25,TK525,Belt 2,1:20:00,1:26:00,100,93,1:34:00,1:43:00
04-12-25,KQ704,Belt 1,17:20:00,17:29:00,117,107,17:43:00,18:01:00
04-12-25,KQ706,Belt 3,9:10:00,9:03:00,162,158,9:13:00,9:32:00
05-12-25,BP312,Belt 3,8:50:00,8:39:00,89,89,8:51:00,8:57:00
05-12-25,ET34,Belt 2,11:45:00,11:58:00,58,48,12:06:00,12:23:00
05-12-25,ET35,Belt 1,13:10:00,13:23:00,48,56,13:35:00,13:49:00
05-12-25,SA62,Belt 2,12:40:00,12:49:00,162,172,12:58:00,13:11:00
05-12-25,TC212,Belt 2,12:20:00,12:22:00,93,90,12:30:00,12:41:00
05-12-25,UR722,Belt 2,11:45:00,11:48:00,25,26,12:03:00,12:15:00
05-12-25,WB112,Belt 1,15:00:00,15:17:00,83,82,15:31:00,15:42:00
05-12-25,ET873,Belt 2,13:10:00,13:26:00,185,190,13:37:00,13:43:00
05-12-25,4Z166,Belt 3,9:40:00,9:29:00,30,35,9:40:00,9:53:00
05-12-25,4Z162,Belt 2,13:30:00,13:39:00,32,36,13:46:00,14:04:00
05-12-25,QR1455,Belt 2,7:50:00,8:05:00,114,116,8:16:00,8:35:00
05-12-25,QR1456,Belt 3,15:00:00,15:01:00,375,375,15:09:00,15:21:00
05-12-25,TK525,Belt 2,1:20:00,1:23:00,59,59,1:33:00,1:40:00
05-12-25,KQ704,Belt 2,17:20:00,17:22:00,152,143,17:36:00,17:54:00
05-12-25,KQ706,Belt 2,9:10:00,9:29:00,161,154,9:42:00,10:02:00
06-12-25,BP312,Belt 1,8:50:00,8:39:00,73,73,8:51:00,9:06:00
06-12-25,ET34,Belt 2,11:45:00,11:35:00,66,62,11:44:00,12:03:00
06-12-25,ET35,Belt 2,13:10:00,12:58:00,37,41,13:13:00,13:23:00
06-12-25,SA62,Belt 2,12:40:00,12:25:00,167,169,12:38:00,12:44:00
06-12-25,TC212,Belt 3,12:20:00,12:21:00,100,90,12:35:00,12:51:00
06-12-25,UR722,Belt 1,11:45:00,11:31:00,29,23,11:43:00,11:57:00
06-12-25,WB112,Belt 3,15:00:00,15:01:00,154,150,15:15:00,15:20:00
06-12-25,ET873,Belt 2,13:10:00,13:26:00,377,369,13:35:00,13:51:00
06-12-25,4Z166,Belt 2,9:40:00,9:32:00,40,37,9:39:00,9:53:00
06-12-25,4Z162,Belt 2,13:30:00,13:17:00,62,57,13:27:00,13:44:00
06-12-25,QR1455,Belt 1,7:50:00,7:37:00,119,117,7:45:00,7:53:00
06-12-25,QR1456,Belt 3,15:00:00,15:11:00,157,161,15:19:00,15:33:00
06-12-25,TK525,Belt 1,1:20:00,1:12:00,133,131,1:27:00,1:45:00
06-12-25,KQ704,Belt 1,17:20:00,17:30:00,128,125,17:41:00,17:56:00
06-12-25,KQ706,Belt 3,9:10:00,9:30:00,107,97,9:42:00,9:59:00
07-12-25,BP312,Belt 1,8:50:00,8:54:00,178,173,9:08:00,9:22:00
07-12-25,ET34,Belt 3,11:45:00,11:42:00,-5,20,11:55:00,12:09:00
07-12-25,ET35,Belt 2,13:10:00,12:56:00,44,44,13:10:00,13:20:00
07-12-25,SA62,Belt 1,12:40:00,12:25:00,97,95,12:38:00,12:56:00
07-12-25,TC212,Belt 3,12:20:00,12:20:00,128,118,12:27:00,12:39:00
07-12-25,UR722,Belt 2,11:45:00,11:35:00,58,49,11:50:00,11:57:00
07-12-25,WB112,Belt 3,15:00:00,15:08:00,164,174,15:20:00,15:32:00
07-12-25,ET873,Belt 1,13:10:00,13:20:00,351,341,13:34:00,13:41:00
07-12-25,4Z166,Belt 3,9:40:00,9:40:00,20,11,9:53:00,10:04:00
07-12-25,4Z162,Belt 1,13:30:00,13:35:00,40,39,13:45:00,13:55:00
07-12-25,QR1455,Belt 3,7:50:00,7:47:00,152,152,7:56:00,8:10:00
07-12-25,QR1456,Belt 3,15:00:00,15:13:00,61,65,15:27:00,15:46:00
07-12-25,TK525,Belt 3,1:20:00,1:27:00,409,400,1:41:00,1:53:00
07-12-25,KQ704,Belt 3,17:20:00,17:10:00,194,188,17:18:00,17:33:00
07-12-25,KQ706,Belt 2,9:10:00,9:04:00,136,132,9:12:00,9:17:00
08-12-25,BP312,Belt 1,8:50:00,8:38:00,81,78,8:53:00,9:13:00
08-12-25,ET34,Belt 2,11:45:00,11:58:00,17,14,12:09:00,12:17:00
08-12-25,ET35,Belt 1,13:10:00,13:03:00,68,59,13:18:00,13:23:00
08-12-25,SA62,Belt 2,12:40:00,12:37:00,184,193,12:48:00,13:05:00
08-12-25,TC212,Belt 1,12:20:00,12:10:00,81,80,12:23:00,12:42:00
08-12-25,UR722,Belt 1,11:45:00,11:58:00,53,60,12:06:00,12:15:00
08-12-25,WB112,Belt 2,15:00:00,15:14:00,93,98,15:26:00,15:44:00
08-12-25,ET873,Belt 3,13:10:00,12:56:00,217,223,13:06:00,13:26:00
08-12-25,4Z166,Belt 1,9:40:00,9:36:00,19,26,9:48:00,9:55:00
08-12-25,4Z162,Belt 1,13:30:00,13:30:00,72,67,13:40:00,13:53:00
08-12-25,QR1455,Belt 2,7:50:00,7:38:00,205,201,7:50:00,8:09:00
08-12-25,QR1456,Belt 3,15:00:00,14:57:00,190,182,15:08:00,15:14:00
08-12-25,TK525,Belt 3,1:20:00,1:29:00,131,125,1:40:00,1:45:00
08-12-25,KQ704,Belt 1,17:20:00,17:29:00,172,164,17:41:00,17:55:00
08-12-25,KQ706,Belt 2,9:10:00,8:56:00,118,110,9:07:00,9:27:00
09-12-25,BP312,Belt 3,8:50:00,8:49:00,181,182,8:58:00,9:07:00
09-12-25,ET34,Belt 2,11:45:00,11:47:00,47,48,12:00:00,12:13:00
09-12-25,ET35,Belt 3,13:10:00,13:17:00,14,24,13:27:00,13:41:00
09-12-25,SA62,Belt 1,12:40:00,12:47:00,71,73,12:59:00,13:16:00
09-12-25,TC212,Belt 2,12:20:00,12:17:00,114,113,12:26:00,12:41:00
09-12-25,UR722,Belt 2,11:45:00,11:35:00,-5,33,11:49:00,11:59:00
09-12-25,WB112,Belt 3,15:00:00,15:18:00,188,193,15:32:00,15:49:00
09-12-25,ET873,Belt 1,13:10:00,13:16:00,384,392,13:28:00,13:40:00
09-12-25,4Z166,Belt 2,9:40:00,9:34:00,20,23,9:43:00,9:56:00
09-12-25,4Z162,Belt 1,13:30:00,13:40:00,52,59,13:50:00,14:06:00
09-12-25,QR1455,Belt 2,7:50:00,7:45:00,293,285,7:52:00,8:04:00
09-12-25,QR1456,Belt 2,15:00:00,15:20:00,154,153,15:27:00,15:44:00
09-12-25,TK525,Belt 1,1:20:00,1:29:00,100,100,1:44:00,1:51:00
09-12-25,KQ704,Belt 3,17:20:00,17:07:00,81,90,17:21:00,17:33:00
09-12-25,KQ706,Belt 2,9:10:00,9:26:00,130,135,9:36:00,9:48:00
10-12-25,BP312,Belt 2,8:50:00,8:55:00,181,186,9:02:00,9:15:00
10-12-25,ET34,Belt 3,11:45:00,11:58:00,19,27,12:08:00,12:15:00
10-12-25,ET35,Belt 3,13:10:00,12:59:00,42,43,13:06:00,13:17:00
10-12-25,SA62,Belt 3,12:40:00,12:49:00,140,132,13:03:00,13:22:00
10-12-25,TC212,Belt 1,12:20:00,12:29:00,83,83,12:37:00,12:48:00
10-12-25,UR722,Belt 3,11:45:00,11:44:00,21,17,11:52:00,12:12:00
10-12-25,WB112,Belt 1,15:00:00,14:46:00,102,95,14:56:00,15:16:00
10-12-25,ET873,Belt 2,13:10:00,13:19:00,331,341,13:32:00,13:40:00
10-12-25,4Z166,Belt 3,9:40:00,9:55:00,70,66,10:05:00,10:24:00
10-12-25,4Z162,Belt 2,13:30:00,13:42:00,29,26,13:53:00,14:13:00
10-12-25,QR1455,Belt 2,7:50:00,7:47:00,140,140,8:02:00,8:22:00
10-12-25,QR1456,Belt 2,15:00:00,15:00:00,205,195,15:11:00,15:24:00
10-12-25,TK525,Belt 2,1:20:00,1:36:00,177,177,1:47:00,2:01:00
10-12-25,KQ704,Belt 3,17:20:00,17:23:00,175,182,17:32:00,17:52:00
10-12-25,KQ706,Belt 3,9:10:00,9:13:00,157,151,9:27:00,9:47:00
11-12-25,BP312,Belt 3,8:50:00,9:05:00,107,115,9:18:00,9:32:00
11-12-25,ET34,Belt 3,11:45:00,11:54:00,-5,69,12:06:00,12:16:00
11-12-25,ET35,Belt 1,13:10:00,13:23:00,52,59,13:33:00,13:44:00
11-12-25,SA62,Belt 3,12:40:00,12:39:00,197,198,12:51:00,13:11:00
11-12-25,TC212,Belt 1,12:20:00,12:10:00,155,146,12:20:00,12:29:00
11-12-25,UR722,Belt 3,11:45:00,11:33:00,16,20,11:46:00,11:56:00
11-12-25,WB112,Belt 2,15:00:00,15:00:00,-5,110,15:15:00,15:35:00
11-12-25,ET873,Belt 1,13:10:00,13:28:00,357,354,13:39:00,13:51:00
11-12-25,4Z166,Belt 1,9:40:00,9:38:00,39,40,9:50:00,9:59:00
11-12-25,4Z162,Belt 1,13:30:00,13:42:00,32,31,13:54:00,14:13:00
11-12-25,QR1455,Belt 3,7:50:00,7:39:00,275,267,7:52:00,8:10:00
11-12-25,QR1456,Belt 2,15:00:00,15:05:00,247,256,15:18:00,15:34:00
11-12-25,TK525,Belt 2,1:20:00,1:38:00,125,121,1:49:00,1:54:00
11-12-25,KQ704,Belt 1,17:20:00,17:11:00,117,121,17:22:00,17:36:00
11-12-25,KQ706,Belt 1,9:10:00,9:19:00,76,76,9:32:00,9:49:00
12-12-25,BP312,Belt 1,8:50:00,9:00:00,117,121,9:15:00,9:34:00
12-12-25,ET34,Belt 1,11:45:00,11:45:00,8,16,11:55:00,12:05:00
12-12-25,ET35,Belt 2,13:10:00,13:16:00,61,56,13:30:00,13:36:00
12-12-25,SA62,Belt 2,12:40:00,12:31:00,174,169,12:41:00,12:54:00
12-12-25,TC212,Belt 2,12:20:00,12:22:00,-5,166,12:30:00,12:36:00
12-12-25,UR722,Belt 1,11:45:00,11:56:00,29,31,12:11:00,12:27:00
12-12-25,WB112,Belt 2,15:00:00,14:49:00,135,142,15:03:00,15:12:00
12-12-25,ET873,Belt 3,13:10:00,13:06:00,87,87,13:19:00,13:28:00
12-12-25,4Z166,Belt 1,9:40:00,9:54:00,46,47,10:04:00,10:11:00
12-12-25,4Z162,Belt 2,13:30:00,13:44:00,-5,25,13:59:00,14:12:00
12-12-25,QR1455,Belt 3,7:50:00,7:36:00,320,321,7:43:00,7:52:00
12-12-25,QR1456,Belt 3,15:00:00,14:56:00,211,210,15:10:00,15:21:00
12-12-25,TK525,Belt 1,1:20:00,1:10:00,218,214,1:20:00,1:39:00
12-12-25,KQ704,Belt 2,17:20:00,17:19:00,151,155,17:30:00,17:43:00
12-12-25,KQ706,Belt 1,9:10:00,8:55:00,69,75,9:03:00,9:21:00
13-12-25,BP312,Belt 2,8:50:00,8:35:00,176,171,8:42:00,8:48:00
13-12-25,ET34,Belt 2,11:45:00,11:47:00,23,33,12:00:00,12:06:00
13-12-25,ET35,Belt 1,13:10:00,13:08:00,65,65,13:23:00,13:43:00
13-12-25,SA62,Belt 2,12:40:00,12:50:00,165,155,12:58:00,13:05:00
13-12-25,TC212,Belt 2,12:20:00,12:40:00,100,93,12:48:00,12:58:00
13-12-25,UR722,Belt 3,11:45:00,11:34:00,56,64,11:48:00,11:59:00
13-12-25,WB112,Belt 2,15:00:00,15:01:00,178,180,15:15:00,15:34:00
13-12-25,ET873,Belt 3,13:10:00,13:20:00,137,127,13:32:00,13:39:00
13-12-25,4Z166,Belt 2,9:40:00,9:43:00,59,51,9:55:00,10:14:00
13-12-25,4Z162,Belt 2,13:30:00,13:27:00,62,59,13:34:00,13:51:00
13-12-25,QR1455,Belt 3,7:50:00,8:05:00,190,200,8:18:00,8:23:00
13-12-25,QR1456,Belt 1,15:00:00,14:56:00,165,165,15:09:00,15:18:00
13-12-25,TK525,Belt 2,1:20:00,1:40:00,172,164,1:52:00,2:11:00
13-12-25,KQ704,Belt 3,17:20:00,17:19:00,129,121,17:31:00,17:40:00
13-12-25,KQ706,Belt 3,9:10:00,9:24:00,103,107,9:35:00,9:45:00
14-12-25,BP312,Belt 2,8:50:00,8:39:00,83,76,8:46:00,8:55:00
14-12-25,ET34,Belt 3,11:45:00,11:54:00,24,32,12:06:00,12:21:00
14-12-25,ET35,Belt 3,13:10:00,13:03:00,48,52,13:13:00,13:27:00
14-12-25,SA62,Belt 1,12:40:00,12:34:00,176,178,12:44:00,12:55:00
14-12-25,TC212,Belt 1,12:20:00,12:16:00,70,76,12:30:00,12:38:00
14-12-25,UR722,Belt 3,11:45:00,11:43:00,15,11,11:53:00,12:10:00
14-12-25,WB112,Belt 3,15:00:00,15:12:00,188,184,15:25:00,15:36:00
14-12-25,ET873,Belt 3,13:10:00,12:57:00,252,244,13:05:00,13:12:00
14-12-25,4Z166,Belt 3,9:40:00,9:58:00,50,42,10:13:00,10:21:00
14-12-25,4Z162,Belt 2,13:30:00,13:30:00,54,58,13:38:00,13:58:00
14-12-25,QR1455,Belt 3,7:50:00,7:59:00,360,359,8:11:00,8:29:00
14-12-25,QR1456,Belt 1,15:00:00,15:04:00,149,157,15:19:00,15:35:00
14-12-25,TK525,Belt 3,1:20:00,1:26:00,186,180,1:34:00,1:53:00
14-12-25,KQ704,Belt 3,17:20:00,17:15:00,73,71,17:28:00,17:45:00
14-12-25,KQ706,Belt 1,9:10:00,8:56:00,161,160,9:07:00,9:14:00
15-12-25,BP312,Belt 1,8:50:00,8:37:00,143,146,8:45:00,9:02:00
15-12-25,ET34,Belt 3,11:45:00,11:33:00,9,11,11:45:00,11:51:00
15-12-25,ET35,Belt 3,13:10:00,13:23:00,-5,64,13:32:00,13:37:00
15-12-25,SA62,Belt 3,12:40:00,12:34:00,103,109,12:48:00,12:54:00
15-12-25,TC212,Belt 3,12:20:00,12:11:00,122,123,12:23:00,12:41:00
15-12-25,UR722,Belt 2,11:45:00,11:38:00,31,36,11:47:00,11:56:00
15-12-25,WB112,Belt 3,15:00:00,15:03:00,117,116,15:11:00,15:21:00
15-12-25,ET873,Belt 2,13:10:00,13:11:00,300,304,13:22:00,13:39:00
15-12-25,4Z166,Belt 3,9:40:00,9:35:00,31,33,9:47:00,9:52:00
15-12-25,4Z162,Belt 2,13:30:00,13:30:00,21,31,13:44:00,13:50:00
15-12-25,QR1455,Belt 2,7:50:00,8:06:00,126,123,8:13:00,8:30:00
15-12-25,QR1456,Belt 3,15:00:00,15:01:00,313,318,15:10:00,15:18:00
15-12-25,TK525,Belt 3,1:20:00,1:08:00,225,228,1:16:00,1:34:00
15-12-25,KQ704,Belt 2,17:20:00,17:32:00,103,98,17:46:00,18:04:00
15-12-25,KQ706,Belt 1,9:10:00,9:16:00,176,182,9:23:00,9:37:00
16-12-25,BP312,Belt 2,8:50:00,8:58:00,188,190,9:07:00,9:22:00
16-12-25,ET34,Belt 1,11:45:00,11:59:00,45,44,12:07:00,12:27:00
16-12-25,ET35,Belt 3,13:10:00,13:05:00,65,57,13:15:00,13:24:00
16-12-25,SA62,Belt 2,12:40:00,12:51:00,97,103,13:01:00,13:08:00
16-12-25,TC212,Belt 3,12:20:00,12:27:00,96,94,12:38:00,12:46:00
16-12-25,UR722,Belt 1,11:45:00,11:56:00,22,24,12:05:00,12:19:00
16-12-25,WB112,Belt 3,15:00:00,15:05:00,196,188,15:20:00,15:33:00
16-12-25,ET873,Belt 2,13:10:00,13:01:00,220,217,13:13:00,13:22:00
16-12-25,4Z166,Belt 3,9:40:00,9:49:00,48,57,10:02:00,10:08:00
16-12-25,4Z162,Belt 3,13:30:00,13:47:00,11,21,13:56:00,14:02:00
16-12-25,QR1455,Belt 2,7:50:00,7:55:00,134,132,8:07:00,8:12:00
16-12-25,QR1456,Belt 2,15:00:00,14:59:00,301,296,15:11:00,15:22:00
16-12-25,TK525,Belt 1,1:20:00,1:34:00,347,345,1:48:00,1:59:00
16-12-25,KQ704,Belt 2,17:20:00,17:12:00,144,137,17:26:00,17:34:00
16-12-25,KQ706,Belt 1,9:10:00,9:30:00,151,141,9:45:00,10:00:00
17-12-25,BP312,Belt 2,8:50:00,8:54:00,115,117,9:06:00,9:26:00
17-12-25,ET34,Belt 3,11:45:00,11:51:00,32,39,12:03:00,12:16:00
17-12-25,ET35,Belt 2,13:10:00,13:30:00,61,60,13:43:00,13:48:00
17-12-25,SA62,Belt 3,12:40:00,12:39:00,95,102,12:49:00,13:08:00
17-12-25,TC212,Belt 1,12:20:00,12:40:00,107,100,12:51:00,13:00:00
17-12-25,UR722,Belt 2,11:45:00,12:01:00,33,29,12:14:00,12:21:00
17-12-25,WB112,Belt 3,15:00:00,14:57:00,118,116,15:12:00,15:23:00
17-12-25,ET873,Belt 2,13:10:00,13:16:00,395,398,13:23:00,13:34:00
17-12-25,4Z166,Belt 2,9:40:00,9:32:00,58,57,9:47:00,9:56:00
17-12-25,4Z162,Belt 2,13:30:00,13:23:00,71,65,13:38:00,13:44:00
17-12-25,QR1455,Belt 1,7:50:00,8:02:00,242,235,8:12:00,8:22:00
17-12-25,QR1456,Belt 2,15:00:00,14:51:00,124,131,15:00:00,15:12:00
17-12-25,TK525,Belt 1,1:20:00,1:20:00,134,127,1:33:00,1:44:00
17-12-25,KQ704,Belt 2,17:20:00,17:13:00,84,82,17:24:00,17:41:00
17-12-25,KQ706,Belt 3,9:10:00,9:07:00,182,177,9:21:00,9:36:00
18-12-25,BP312,Belt 2,8:50:00,8:43:00,136,146,8:51:00,9:04:00
18-12-25,ET34,Belt 3,11:45:00,12:00:00,44,45,12:10:00,12:17:00
18-12-25,ET35,Belt 1,13:10:00,13:01:00,61,58,13:10:00,13:19:00
18-12-25,SA62,Belt 2,12:40:00,12:28:00,108,111,12:41:00,12:51:00
18-12-25,TC212,Belt 1,12:20:00,12:21:00,179,177,12:31:00,12:43:00
18-12-25,UR722,Belt 1,11:45:00,11:32:00,11,14,11:43:00,11:52:00
18-12-25,WB112,Belt 1,15:00:00,15:20:00,109,101,15:29:00,15:40:00
18-12-25,ET873,Belt 2,13:10:00,12:58:00,120,122,13:10:00,13:15:00
18-12-25,4Z166,Belt 2,9:40:00,10:00:00,23,17,10:11:00,10:19:00
18-12-25,4Z162,Belt 1,13:30:00,13:43:00,53,48,13:53:00,14:12:00
18-12-25,QR1455,Belt 3,7:50:00,7:47:00,120,113,8:01:00,8:10:00
18-12-25,QR1456,Belt 1,15:00:00,14:49:00,222,224,14:56:00,15:13:00
18-12-25,TK525,Belt 2,1:20:00,1:07:00,117,107,1:21:00,1:39:00
18-12-25,KQ704,Belt 2,17:20:00,17:21:00,118,113,17:32:00,17:44:00
18-12-25,KQ706,Belt 2,9:10:00,9:15:00,88,96,9:27:00,9:39:00
19-12-25,BP312,Belt 2,8:50:00,8:57:00,199,196,9:10:00,9:16:00
19-12-25,ET34,Belt 2,11:45:00,12:03:00,14,16,12:14:00,12:27:00
19-12-25,ET35,Belt 1,13:10:00,13:20:00,42,42,13:33:00,13:46:00
19-12-25,SA62,Belt 3,12:40:00,12:46:00,81,91,12:54:00,13:14:00
19-12-25,TC212,Belt 3,12:20:00,12:38:00,193,196,12:51:00,13:04:00
19-12-25,UR722,Belt 2,11:45:00,11:58:00,64,59,12:13:00,12:30:00
19-12-25,WB112,Belt 2,15:00:00,15:09:00,158,167,15:17:00,15:25:00
19-12-25,ET873,Belt 2,13:10:00,13:28:00,91,98,13:38:00,13:54:00
19-12-25,4Z166,Belt 2,9:40:00,9:37:00,62,53,9:50:00,10:07:00
19-12-25,4Z162,Belt 1,13:30:00,13:49:00,48,57,14:01:00,14:20:00
19-12-25,QR1455,Belt 2,7:50:00,7:48:00,349,343,7:55:00,8:12:00
19-12-25,QR1456,Belt 3,15:00:00,15:12:00,261,271,15:22:00,15:32:00
19-12-25,TK525,Belt 1,1:20:00,1:07:00,372,372,1:15:00,1:29:00
19-12-25,KQ704,Belt 2,17:20:00,17:19:00,81,77,17:30:00,17:46:00
19-12-25,KQ706,Belt 1,9:10:00,9:22:00,159,158,9:32:00,9:45:00
20-12-25,BP312,Belt 3,8:50:00,9:09:00,82,82,9:23:00,9:36:00
20-12-25,ET34,Belt 2,11:45:00,11:34:00,30,23,11:49:00,12:04:00
20-12-25,ET35,Belt 3,13:10:00,13:00:00,36,35,13:09:00,13:29:00
20-12-25,SA62,Belt 1,12:40:00,12:26:00,156,155,12:41:00,12:53:00
20-12-25,TC212,Belt 1,12:20:00,12:30:00,141,148,12:38:00,12:55:00
20-12-25,UR722,Belt 3,11:45:00,11:53:00,54,49,12:02:00,12:19:00
20-12-25,WB112,Belt 1,15:00:00,15:10:00,142,137,15:22:00,15:37:00
20-12-25,ET873,Belt 3,13:10:00,13:21:00,230,235,13:30:00,13:45:00
20-12-25,4Z166,Belt 2,9:40:00,9:41:00,13,17,9:52:00,10:06:00
20-12-25,4Z162,Belt 3,13:30:00,13:18:00,-5,44,13:31:00,13:38:00
20-12-25,QR1455,Belt 3,7:50:00,7:53:00,89,97,8:06:00,8:19:00
20-12-25,QR1456,Belt 3,15:00:00,15:16:00,231,224,15:28:00,15:45:00
20-12-25,TK525,Belt 1,1:20:00,1:20:00,240,247,1:31:00,1:38:00
20-12-25,KQ704,Belt 2,17:20:00,17:36:00,131,127,17:43:00,17:55:00
20-12-25,KQ706,Belt 3,9:10:00,9:18:00,107,109,9:25:00,9:45:00
21-12-25,BP312,Belt 2,8:50:00,8:50:00,123,126,9:00:00,9:19:00
21-12-25,ET34,Belt 1,11:45:00,11:51:00,57,61,12:00:00,12:05:00
21-12-25,ET35,Belt 1,13:10:00,13:26:00,15,25,13:40:00,13:59:00
21-12-25,SA62,Belt 2,12:40:00,12:30:00,122,119,12:39:00,12:56:00
21-12-25,TC212,Belt 1,12:20:00,12:09:00,167,169,12:21:00,12:34:00
21-12-25,UR722,Belt 2,11:45:00,11:55:00,34,33,12:05:00,12:20:00
21-12-25,WB112,Belt 2,15:00:00,15:19:00,153,161,15:28:00,15:43:00
21-12-25,ET873,Belt 2,13:10:00,13:13:00,183,176,13:22:00,13:30:00
21-12-25,4Z166,Belt 3,9:40:00,9:50:00,60,55,10:05:00,10:20:00
21-12-25,4Z162,Belt 2,13:30:00,13:25:00,70,61,13:35:00,13:51:00
21-12-25,QR1455,Belt 1,7:50:00,7:44:00,387,380,7:54:00,8:13:00
21-12-25,QR1456,Belt 1,15:00:00,14:59:00,335,344,15:13:00,15:32:00
21-12-25,TK525,Belt 3,1:20:00,1:18:00,355,352,1:26:00,1:36:00
21-12-25,KQ704,Belt 1,17:20:00,17:07:00,191,184,17:14:00,17:30:00
21-12-25,KQ706,Belt 2,9:10:00,9:29:00,99,107,9:41:00,9:48:00
22-12-25,BP312,Belt 2,8:50:00,8:39:00,148,140,8:50:00,8:55:00
22-12-25,ET34,Belt 1,11:45:00,11:55:00,53,48,12:08:00,12:17:00
22-12-25,ET35,Belt 1,13:10:00,12:55:00,27,23,13:06:00,13:20:00
22-12-25,SA62,Belt 3,12:40:00,12:29:00,137,129,12:44:00,13:02:00
22-12-25,TC212,Belt 2,12:20:00,12:15:00,140,150,12:22:00,12:38:00
22-12-25,UR722,Belt 2,11:45:00,11:51:00,9,17,11:59:00,12:17:00
22-12-25,WB112,Belt 3,15:00:00,14:58:00,107,111,15:08:00,15:18:00
22-12-25,ET873,Belt 1,13:10:00,13:05:00,75,65,13:19:00,13:27:00
22-12-25,4Z166,Belt 1,9:40:00,9:35:00,8,15,9:48:00,10:05:00
22-12-25,4Z162,Belt 3,13:30:00,13:16:00,39,34,13:25:00,13:40:00
22-12-25,QR1455,Belt 2,7:50:00,8:05:00,98,99,8:17:00,8:27:00
22-12-25,QR1456,Belt 3,15:00:00,14:54:00,268,270,15:08:00,15:15:00
22-12-25,TK525,Belt 1,1:20:00,1:34:00,185,183,1:44:00,1:56:00
22-12-25,KQ704,Belt 2,17:20:00,17:06:00,90,90,17:20:00,17:28:00
22-12-25,KQ706,Belt 2,9:10:00,9:25:00,125,135,9:32:00,9:38:00
23-12-25,BP312,Belt 2,8:50:00,8:43:00,158,165,8:52:00,8:57:00
23-12-25,ET34,Belt 1,11:45:00,12:03:00,0,10,12:15:00,12:32:00
23-12-25,ET35,Belt 3,13:10:00,13:09:00,19,11,13:21:00,13:28:00
23-12-25,SA62,Belt 2,12:40:00,12:31:00,128,118,12:45:00,12:55:00
23-12-25,TC212,Belt 2,12:20:00,12:10:00,126,125,12:18:00,12:27:00
23-12-25,UR722,Belt 2,11:45:00,11:30:00,41,33,11:39:00,11:58:00
23-12-25,WB112,Belt 3,15:00:00,14:58:00,121,115,15:07:00,15:26:00
23-12-25,ET873,Belt 1,13:10:00,13:11:00,359,368,13:26:00,13:34:00
23-12-25,4Z166,Belt 2,9:40:00,9:42:00,68,69,9:50:00,10:06:00
23-12-25,4Z162,Belt 3,13:30:00,13:45:00,29,21,14:00:00,14:10:00
23-12-25,QR1455,Belt 1,7:50:00,7:51:00,300,304,8:00:00,8:15:00
23-12-25,QR1456,Belt 3,15:00:00,14:52:00,394,387,15:05:00,15:24:00
23-12-25,TK525,Belt 3,1:20:00,1:37:00,399,392,1:45:00,2:00:00
23-12-25,KQ704,Belt 3,17:20:00,17:15:00,157,163,17:25:00,17:45:00
23-12-25,KQ706,Belt 1,9:10:00,9:00:00,164,173,9:12:00,9:18:00
24-12-25,BP312,Belt 2,8:50:00,8:37:00,101,95,8:45:00,9:00:00
24-12-25,ET34,Belt 2,11:45:00,11:48:00,54,46,12:03:00,12:20:00
24-12-25,ET35,Belt 3,13:10:00,12:55:00,47,51,13:06:00,13:21:00
24-12-25,SA62,Belt 1,12:40:00,12:57:00,180,184,13:08:00,13:26:00
24-12-25,TC212,Belt 3,12:20:00,12:07:00,183,181,12:15:00,12:35:00
24-12-25,UR722,Belt 2,11:45:00,11:35:00,34,41,11:47:00,12:07:00
24-12-25,WB112,Belt 2,15:00:00,15:10:00,168,169,15:24:00,15:38:00
24-12-25,ET873,Belt 3,13:10:00,13:30:00,84,78,13:37:00,13:48:00
24-12-25,4Z166,Belt 2,9:40:00,9:37:00,37,29,9:52:00,10:02:00
24-12-25,4Z162,Belt 3,13:30:00,13:26:00,21,30,13:41:00,13:46:00
24-12-25,QR1455,Belt 2,7:50:00,7:53:00,207,205,8:03:00,8:19:00
24-12-25,QR1456,Belt 2,15:00:00,15:01:00,79,76,15:16:00,15:26:00
24-12-25,TK525,Belt 1,1:20:00,1:26:00,230,239,1:36:00,1:44:00
24-12-25,KQ704,Belt 2,17:20:00,17:21:00,114,117,17:33:00,17:40:00
24-12-25,KQ706,Belt 3,9:10:00,9:15:00,127,122,9:25:00,9:30:00
25-12-25,BP312,Belt 3,8:50:00,8:51:00,163,167,8:59:00,9:13:00
25-12-25,ET34,Belt 1,11:45:00,11:51:00,64,67,12:03:00,12:13:00
25-12-25,ET35,Belt 3,13:10:00,13:08:00,59,62,13:20:00,13:37:00
25-12-25,SA62,Belt 1,12:40:00,12:37:00,-5,109,12:47:00,13:00:00
25-12-25,TC212,Belt 2,12:20:00,12:17:00,145,149,12:28:00,12:46:00
25-12-25,UR722,Belt 1,11:45:00,11:35:00,13,10,11:48:00,12:05:00
25-12-25,WB112,Belt 2,15:00:00,15:08:00,123,118,15:19:00,15:24:00
25-12-25,ET873,Belt 2,13:10:00,13:27:00,243,252,13:41:00,13:50:00
25-12-25,4Z166,Belt 3,9:40:00,9:28:00,51,54,9:36:00,9:44:00
25-12-25,4Z162,Belt 2,13:30:00,13:47:00,25,20,13:55:00,14:05:00
25-12-25,QR1455,Belt 1,7:50:00,7:42:00,212,217,7:53:00,8:10:00
25-12-25,QR1456,Belt 3,15:00:00,14:58:00,323,324,15:09:00,15:22:00
25-12-25,TK525,Belt 2,1:20:00,1:21:00,113,111,1:31:00,1:38:00
25-12-25,KQ704,Belt 1,17:20:00,17:28:00,193,197,17:37:00,17:43:00
25-12-25,KQ706,Belt 3,9:10:00,9:18:00,185,192,9:26:00,9:38:00
26-12-25,BP312,Belt 3,8:50:00,8:43:00,164,169,8:51:00,8:58:00
26-12-25,ET34,Belt 2,11:45:00,11:57:00,-5,37,12:09:00,12:28:00
26-12-25,ET35,Belt 3,13:10:00,12:55:00,23,19,13:02:00,13:13:00
26-12-25,SA62,Belt 1,12:40:00,12:58:00,142,151,13:05:00,13:14:00
26-12-25,TC212,Belt 3,12:20:00,12:40:00,129,134,12:52:00,13:11:00
26-12-25,UR722,Belt 1,11:45:00,11:43:00,77,67,11:50:00,12:07:00
26-12-25,WB112,Belt 3,15:00:00,15:06:00,108,109,15:21:00,15:28:00
26-12-25,ET873,Belt 2,13:10:00,13:17:00,154,144,13:27:00,13:42:00
26-12-25,4Z166,Belt 3,9:40:00,9:37:00,60,56,9:44:00,10:03:00
26-12-25,4Z162,Belt 2,13:30:00,13:47:00,60,63,14:02:00,14:16:00
26-12-25,QR1455,Belt 3,7:50:00,7:53:00,126,132,8:08:00,8:23:00
26-12-25,QR1456,Belt 2,15:00:00,15:11:00,99,107,15:24:00,15:29:00
26-12-25,TK525,Belt 3,1:20:00,1:19:00,136,136,1:31:00,1:37:00
26-12-25,KQ704,Belt 3,17:20:00,17:22:00,93,96,17:29:00,17:46:00
26-12-25,KQ706,Belt 2,9:10:00,9:05:00,86,84,9:13:00,9:25:00
27-12-25,BP312,Belt 3,8:50:00,8:51:00,87,79,9:06:00,9:13:00
27-12-25,ET34,Belt 2,11:45:00,11:36:00,56,51,11:49:00,12:03:00
27-12-25,ET35,Belt 2,13:10:00,13:20:00,51,49,13:34:00,13:46:00
27-12-25,SA62,Belt 2,12:40:00,12:34:00,204,195,12:45:00,13:01:00
27-12-25,TC212,Belt 2,12:20:00,12:23:00,191,186,12:32:00,12:51:00
27-12-25,UR722,Belt 1,11:45:00,11:31:00,67,66,11:41:00,11:50:00
27-12-25,WB112,Belt 1,15:00:00,15:19:00,116,114,15:30:00,15:40:00
27-12-25,ET873,Belt 3,13:10:00,13:24:00,63,60,13:35:00,13:44:00
27-12-25,4Z166,Belt 1,9:40:00,9:39:00,42,39,9:54:00,10:06:00
27-12-25,4Z162,Belt 1,13:30:00,13:31:00,28,18,13:43:00,13:54:00
27-12-25,QR1455,Belt 1,7:50:00,7:43:00,268,265,7:57:00,8:16:00
27-12-25,QR1456,Belt 1,15:00:00,15:16:00,252,248,15:28:00,15:43:00
27-12-25,TK525,Belt 3,1:20:00,1:19:00,392,390,1:28:00,1:39:00
27-12-25,KQ704,Belt 1,17:20:00,17:30:00,121,125,17:40:00,17:56:00
27-12-25,KQ706,Belt 1,9:10:00,9:11:00,175,174,9:22:00,9:33:00
28-12-25,BP312,Belt 1,8:50:00,8:52:00,111,106,9:00:00,9:19:00
28-12-25,ET34,Belt 3,11:45:00,11:41:00,76,67,11:54:00,12:00:00
28-12-25,ET35,Belt 2,13:10:00,13:23:00,23,23,13:38:00,13:48:00
28-12-25,SA62,Belt 1,12:40:00,12:34:00,174,168,12:47:00,12:57:00
28-12-25,TC212,Belt 1,12:20:00,12:22:00,72,76,12:35:00,12:45:00
28-12-25,UR722,Belt 2,11:45:00,11:39:00,65,57,11:48:00,12:05:00
28-12-25,WB112,Belt 1,15:00:00,15:04:00,114,120,15:17:00,15:32:00
28-12-25,ET873,Belt 2,13:10:00,13:04:00,169,175,13:18:00,13:33:00
28-12-25,4Z166,Belt 2,9:40:00,9:55:00,78,69,10:10:00,10:16:00
28-12-25,4Z162,Belt 3,13:30:00,13:22:00,8,16,13:30:00,13:35:00
28-12-25,QR1455,Belt 1,7:50:00,7:47:00,77,77,7:55:00,8:10:00
28-12-25,QR1456,Belt 3,15:00:00,15:15:00,147,153,15:25:00,15:39:00
28-12-25,TK525,Belt 1,1:20:00,1:07:00,244,235,1:19:00,1:38:00
28-12-25,KQ704,Belt 3,17:20:00,17:17:00,151,156,17:28:00,17:42:00
28-12-25,KQ706,Belt 3,9:10:00,9:22:00,104,110,9:31:00,9:49:00
29-12-25,BP312,Belt 2,8:50:00,8:42:00,169,174,8:57:00,9:17:00
29-12-25,ET34,Belt 1,11:45:00,12:00:00,24,27,12:08:00,12:17:00
29-12-25,ET35,Belt 1,13:10:00,13:26:00,7,16,13:35:00,13:52:00
29-12-25,SA62,Belt 2,12:40:00,12:47:00,172,167,12:56:00,13:01:00
29-12-25,TC212,Belt 3,12:20:00,12:25:00,166,162,12:34:00,12:53:00
29-12-25,UR722,Belt 3,11:45:00,11:54:00,49,41,12:06:00,12:21:00
29-12-25,WB112,Belt 2,15:00:00,15:13:00,156,164,15:22:00,15:31:00
29-12-25,ET873,Belt 2,13:10:00,13:06:00,205,203,13:15:00,13:23:00
29-12-25,4Z166,Belt 2,9:40:00,10:00:00,32,22,10:12:00,10:26:00
29-12-25,4Z162,Belt 3,13:30:00,13:33:00,52,60,13:45:00,14:05:00
29-12-25,QR1455,Belt 1,7:50:00,8:07:00,376,368,8:20:00,8:30:00
29-12-25,QR1456,Belt 2,15:00:00,15:00:00,175,179,15:15:00,15:28:00
29-12-25,TK525,Belt 3,1:20:00,1:17:00,67,62,1:29:00,1:39:00
29-12-25,KQ704,Belt 1,17:20:00,17:25:00,130,131,17:36:00,17:55:00
29-12-25,KQ706,Belt 2,9:10:00,8:57:00,147,156,9:08:00,9:27:00
30-12-25,BP312,Belt 3,8:50:00,9:06:00,90,90,9:21:00,9:27:00
30-12-25,ET34,Belt 1,11:45:00,11:54:00,74,65,12:01:00,12:06:00
30-12-25,ET35,Belt 1,13:10:00,12:59:00,30,34,13:13:00,13:30:00
30-12-25,SA62,Belt 1,12:40:00,12:54:00,77,79,13:07:00,13:22:00
30-12-25,TC212,Belt 1,12:20:00,12:08:00,181,178,12:20:00,12:29:00
30-12-25,UR722,Belt 1,11:45:00,11:43:00,54,56,11:58:00,12:09:00
30-12-25,WB112,Belt 2,15:00:00,15:09:00,140,142,15:17:00,15:36:00
30-12-25,ET873,Belt 3,13:10:00,13:06:00,93,93,13:21:00,13:29:00
30-12-25,4Z166,Belt 3,9:40:00,9:47:00,55,61,9:55:00,10:07:00
30-12-25,4Z162,Belt 2,13:30:00,13:50:00,22,21,13:58:00,14:07:00
30-12-25,QR1455,Belt 2,7:50:00,8:03:00,163,171,8:11:00,8:16:00
30-12-25,QR1456,Belt 2,15:00:00,15:11:00,56,56,15:19:00,15:28:00
30-12-25,TK525,Belt 2,1:20:00,1:39:00,374,370,1:51:00,1:59:00
30-12-25,KQ704,Belt 2,17:20:00,17:33:00,92,101,17:42:00,17:53:00
30-12-25,KQ706,Belt 3,9:10:00,9:28:00,85,90,9:36:00,9:43:00
31-12-25,BP312,Belt 2,8:50:00,8:48:00,177,180,8:58:00,9:04:00
31-12-25,ET34,Belt 1,11:45:00,12:05:00,17,15,12:17:00,12:28:00
31-12-25,ET35,Belt 1,13:10:00,13:04:00,58,62,13:18:00,13:28:00
31-12-25,SA62,Belt 3,12:40:00,12:39:00,151,143,12:46:00,13:05:00
31-12-25,TC212,Belt 3,12:20:00,12:18:00,189,199,12:26:00,12:36:00
31-12-25,UR722,Belt 2,11:45:00,11:36:00,20,26,11:51:00,12:02:00
31-12-25,WB112,Belt 1,15:00:00,14:48:00,93,101,14:58:00,15:08:00
31-12-25,ET873,Belt 2,13:10:00,12:55:00,-5,166,13:08:00,13:22:00
31-12-25,4Z166,Belt 1,9:40:00,9:45:00,42,36,9:56:00,10:07:00
31-12-25,4Z162,Belt 2,13:30:00,13:29:00,27,26,13:39:00,13:44:00
31-12-25,QR1455,Belt 3,7:50:00,8:07:00,397,399,8:18:00,8:28:00
31-12-25,QR1456,Belt 2,15:00:00,14:54:00,-5,81,15:08:00,15:24:00
31-12-25,TK525,Belt 2,1:20:00,1:08:00,89,80,1:21:00,1:28:00
31-12-25,KQ704,Belt 2,17:20:00,17:13:00,174,184,17:21:00,17:36:00
31-12-25,KQ706,Belt 2,9:10:00,9:07:00,171,162,9:15:00,9:28:00
01-01-26,BP312,Belt 1,8:50:00,9:02:00,155,151,9:14:00,9:34:00
01-01-26,ET34,Belt 2,11:45:00,11:57:00,40,41,12:11:00,12:26:00
01-01-26,ET35,Belt 3,13:10:00,12:56:00,-5,57,13:06:00,13:16:00
01-01-26,SA62,Belt 1,12:40:00,12:34:00,163,160,12:48:00,13:07:00
01-01-26,TC212,Belt 3,12:20:00,12:28:00,177,173,12:42:00,13:01:00
01-01-26,UR722,Belt 3,11:45:00,11:39:00,21,19,11:52:00,11:57:00
01-01-26,WB112,Belt 1,15:00:00,15:13:00,-5,151,15:22:00,15:39:00
01-01-26,ET873,Belt 2,13:10:00,13:08:00,60,57,13:17:00,13:26:00
01-01-26,4Z166,Belt 3,9:40:00,9:34:00,65,70,9:44:00,9:52:00
01-01-26,4Z162,Belt 1,13:30:00,13:17:00,40,35,13:26:00,13:39:00
01-01-26,QR1455,Belt 3,7:50:00,7:52:00,141,151,8:06:00,8:23:00
01-01-26,QR1456,Belt 3,15:00:00,15:09:00,212,205,15:20:00,15:32:00
01-01-26,TK525,Belt 1,1:20:00,1:29:00,308,299,1:43:00,2:01:00
01-01-26,KQ704,Belt 3,17:20:00,17:39:00,115,110,17:46:00,18:02:00
01-01-26,KQ706,Belt 3,9:10:00,8:57:00,87,87,9:11:00,9:25:00
02-01-26,BP312,Belt 1,8:50:00,8:45:00,136,130,8:59:00,9:10:00
02-01-26,ET34,Belt 1,11:45:00,11:49:00,31,41,12:00:00,12:10:00
02-01-26,ET35,Belt 2,13:10:00,13:19:00,49,50,13:32:00,13:40:00
02-01-26,SA62,Belt 2,12:40:00,12:50:00,109,103,13:01:00,13:16:00
02-01-26,TC212,Belt 3,12:20:00,12:19:00,159,165,12:31:00,12:51:00
02-01-26,UR722,Belt 3,11:45:00,11:49:00,15,11,12:01:00,12:19:00
02-01-26,WB112,Belt 2,15:00:00,14:53:00,123,123,15:03:00,15:18:00
02-01-26,ET873,Belt 2,13:10:00,13:28:00,291,293,13:43:00,13:58:00
02-01-26,4Z166,Belt 1,9:40:00,9:35:00,60,60,9:45:00,9:54:00
02-01-26,4Z162,Belt 3,13:30:00,13:26:00,70,60,13:36:00,13:48:00
02-01-26,QR1455,Belt 1,7:50:00,8:01:00,308,300,8:15:00,8:20:00
02-01-26,QR1456,Belt 2,15:00:00,14:57:00,304,311,15:10:00,15:19:00
02-01-26,TK525,Belt 1,1:20:00,1:22:00,206,214,1:37:00,1:57:00
02-01-26,KQ704,Belt 3,17:20:00,17:10:00,130,138,17:24:00,17:41:00
02-01-26,KQ706,Belt 1,9:10:00,9:06:00,134,140,9:18:00,9:24:00
03-01-26,BP312,Belt 1,8:50:00,8:47:00,130,133,8:54:00,9:09:00
03-01-26,ET34,Belt 1,11:45:00,11:56:00,71,62,12:10:00,12:19:00
03-01-26,ET35,Belt 2,13:10:00,13:23:00,35,30,13:35:00,13:46:00
03-01-26,SA62,Belt 2,12:40:00,12:50:00,127,118,12:58:00,13:12:00
03-01-26,TC212,Belt 3,12:20:00,12:39:00,81,85,12:54:00,13:08:00
03-01-26,UR722,Belt 1,11:45:00,11:59:00,62,60,12:12:00,12:17:00
03-01-26,WB112,Belt 3,15:00:00,14:47:00,132,136,14:56:00,15:10:00
03-01-26,ET873,Belt 1,13:10:00,13:13:00,74,64,13:26:00,13:33:00
03-01-26,4Z166,Belt 2,9:40:00,9:35:00,33,39,9:49:00,10:06:00
03-01-26,4Z162,Belt 3,13:30:00,13:48:00,29,20,14:02:00,14:17:00
03-01-26,QR1455,Belt 2,7:50:00,8:07:00,194,190,8:18:00,8:29:00
03-01-26,QR1456,Belt 2,15:00:00,15:10:00,364,360,15:21:00,15:31:00
03-01-26,TK525,Belt 3,1:20:00,1:34:00,115,115,1:41:00,1:49:00
03-01-26,KQ704,Belt 3,17:20:00,17:12:00,160,153,17:26:00,17:42:00
03-01-26,KQ706,Belt 2,9:10:00,9:28:00,152,150,9:43:00,9:48:00
04-01-26,BP312,Belt 3,8:50:00,8:37:00,191,181,8:49:00,9:06:00
04-01-26,ET34,Belt 1,11:45:00,11:40:00,39,30,11:47:00,12:01:00
04-01-26,ET35,Belt 2,13:10:00,13:14:00,54,46,13:21:00,13:27:00
04-01-26,SA62,Belt 3,12:40:00,12:33:00,108,103,12:41:00,12:48:00
04-01-26,TC212,Belt 2,12:20:00,12:34:00,101,108,12:49:00,12:59:00
04-01-26,UR722,Belt 1,11:45:00,12:01:00,17,25,12:13:00,12:29:00
04-01-26,WB112,Belt 1,15:00:00,15:14:00,93,90,15:26:00,15:33:00
04-01-26,ET873,Belt 2,13:10:00,13:10:00,262,255,13:17:00,13:35:00
04-01-26,4Z166,Belt 3,9:40:00,9:38:00,62,60,9:47:00,9:54:00
04-01-26,4Z162,Belt 3,13:30:00,13:37:00,33,38,13:45:00,13:58:00
04-01-26,QR1455,Belt 3,7:50:00,7:54:00,163,172,8:09:00,8:14:00
04-01-26,QR1456,Belt 3,15:00:00,14:56:00,376,379,15:10:00,15:16:00
04-01-26,TK525,Belt 2,1:20:00,1:40:00,159,162,1:49:00,1:58:00
04-01-26,KQ704,Belt 3,17:20:00,17:24:00,151,151,17:37:00,17:54:00
04-01-26,KQ706,Belt 2,9:10:00,9:13:00,199,200,9:27:00,9:32:00
05-01-26,BP312,Belt 3,8:50:00,9:08:00,183,176,9:16:00,9:22:00
05-01-26,ET34,Belt 2,11:45:00,11:36:00,38,47,11:46:00,11:58:00
05-01-26,ET35,Belt 2,13:10:00,13:13:00,31,41,13:25:00,13:32:00
05-01-26,SA62,Belt 3,12:40:00,12:47:00,170,164,12:56:00,13:13:00
05-01-26,TC212,Belt 1,12:20:00,12:36:00,115,108,12:43:00,12:57:00
05-01-26,UR722,Belt 3,11:45:00,11:37:00,46,45,11:52:00,12:09:00
05-01-26,WB112,Belt 3,15:00:00,15:11:00,130,121,15:22:00,15:37:00
05-01-26,ET873,Belt 2,13:10:00,13:08:00,215,217,13:21:00,13:29:00
05-01-26,4Z166,Belt 2,9:40:00,9:44:00,32,28,9:51:00,10:10:00
05-01-26,4Z162,Belt 3,13:30:00,13:36:00,57,51,13:49:00,14:00:00
05-01-26,QR1455,Belt 2,7:50:00,7:46:00,98,107,7:59:00,8:07:00
05-01-26,QR1456,Belt 2,15:00:00,15:15:00,151,155,15:26:00,15:37:00
05-01-26,TK525,Belt 2,1:20:00,1:34:00,206,205,1:48:00,1:54:00
05-01-26,KQ704,Belt 2,17:20:00,17:25:00,136,128,17:36:00,17:47:00
05-01-26,KQ706,Belt 3,9:10:00,9:17:00,75,76,9:24:00,9:35:00
06-01-26,BP312,Belt 2,8:50:00,8:59:00,151,155,9:13:00,9:30:00
06-01-26,ET34,Belt 1,11:45:00,11:41:00,34,30,11:54:00,12:04:00
06-01-26,ET35,Belt 3,13:10:00,13:21:00,47,40,13:32:00,13:44:00
06-01-26,SA62,Belt 3,12:40:00,12:44:00,87,97,12:51:00,12:57:00
06-01-26,TC212,Belt 1,12:20:00,12:07:00,130,140,12:18:00,12:37:00
06-01-26,UR722,Belt 3,11:45:00,12:00:00,64,56,12:09:00,12:17:00
06-01-26,WB112,Belt 2,15:00:00,15:18:00,-5,164,15:28:00,15:46:00
06-01-26,ET873,Belt 2,13:10:00,13:03:00,232,240,13:14:00,13:32:00
06-01-26,4Z166,Belt 1,9:40:00,9:32:00,10,11,9:39:00,9:47:00
06-01-26,4Z162,Belt 3,13:30:00,13:20:00,-5,19,13:34:00,13:45:00
06-01-26,QR1455,Belt 3,7:50:00,7:54:00,365,375,8:08:00,8:18:00
06-01-26,QR1456,Belt 2,15:00:00,14:57:00,99,107,15:07:00,15:26:00
06-01-26,TK525,Belt 2,1:20:00,1:33:00,333,335,1:44:00,1:49:00
06-01-26,KQ704,Belt 3,17:20:00,17:05:00,184,192,17:14:00,17:25:00
06-01-26,KQ706,Belt 1,9:10:00,9:12:00,173,171,9:19:00,9:25:00
07-01-26,BP312,Belt 3,8:50:00,8:39:00,184,180,8:52:00,9:02:00
07-01-26,ET34,Belt 2,11:45:00,11:38:00,37,46,11:46:00,11:59:00
07-01-26,ET35,Belt 3,13:10:00,13:19:00,33,28,13:29:00,13:42:00
07-01-26,SA62,Belt 3,12:40:00,12:53:00,135,139,13:03:00,13:22:00
07-01-26,TC212,Belt 3,12:20:00,12:39:00,89,81,12:52:00,13:12:00
07-01-26,UR722,Belt 3,11:45:00,11:59:00,46,55,12:10:00,12:26:00
07-01-26,WB112,Belt 1,15:00:00,15:14:00,168,164,15:28:00,15:38:00
07-01-26,ET873,Belt 1,13:10:00,13:18:00,388,387,13:33:00,13:42:00
07-01-26,4Z166,Belt 3,9:40:00,9:54:00,67,57,10:06:00,10:24:00
07-01-26,4Z162,Belt 1,13:30:00,13:37:00,49,47,13:49:00,14:08:00
07-01-26,QR1455,Belt 1,7:50:00,7:43:00,193,199,7:57:00,8:15:00
07-01-26,QR1456,Belt 1,15:00:00,15:20:00,263,271,15:31:00,15:40:00
07-01-26,TK525,Belt 2,1:20:00,1:31:00,243,233,1:45:00,2:04:00
07-01-26,KQ704,Belt 2,17:20:00,17:09:00,103,112,17:21:00,17:30:00
07-01-26,KQ706,Belt 3,9:10:00,9:29:00,164,157,9:38:00,9:47:00
08-01-26,BP312,Belt 2,8:50:00,9:06:00,163,171,9:19:00,9:27:00
08-01-26,ET34,Belt 2,11:45:00,11:58:00,35,44,12:13:00,12:21:00
08-01-26,ET35,Belt 2,13:10:00,13:01:00,8,10,13:16:00,13:26:00
08-01-26,SA62,Belt 1,12:40:00,12:28:00,128,128,12:42:00,12:50:00
08-01-26,TC212,Belt 3,12:20:00,12:05:00,172,165,12:18:00,12:35:00
08-01-26,UR722,Belt 3,11:45:00,11:54:00,47,46,12:07:00,12:15:00
08-01-26,WB112,Belt 2,15:00:00,15:04:00,180,186,15:14:00,15:19:00
08-01-26,ET873,Belt 2,13:10:00,13:27:00,110,105,13:36:00,13:43:00
08-01-26,4Z166,Belt 1,9:40:00,10:00:00,69,70,10:10:00,10:27:00
08-01-26,4Z162,Belt 3,13:30:00,13:33:00,58,62,13:48:00,13:56:00
08-01-26,QR1455,Belt 3,7:50:00,7:55:00,52,62,8:02:00,8:16:00
08-01-26,QR1456,Belt 1,15:00:00,14:58:00,151,156,15:06:00,15:13:00
08-01-26,TK525,Belt 2,1:20:00,1:29:00,274,281,1:42:00,1:58:00
08-01-26,KQ704,Belt 1,17:20:00,17:13:00,163,173,17:24:00,17:39:00
08-01-26,KQ706,Belt 2,9:10:00,9:22:00,161,165,9:33:00,9:51:00
09-01-26,BP312,Belt 3,8:50:00,9:04:00,202,192,9:11:00,9:31:00
09-01-26,ET34,Belt 1,11:45:00,12:05:00,41,41,12:17:00,12:22:00
09-01-26,ET35,Belt 1,13:10:00,13:22:00,59,54,13:35:00,13:43:00
09-01-26,SA62,Belt 3,12:40:00,12:51:00,164,159,12:58:00,13:15:00
09-01-26,TC212,Belt 2,12:20:00,12:35:00,186,194,12:49:00,13:02:00
09-01-26,UR722,Belt 1,11:45:00,11:35:00,7,15,11:45:00,11:53:00
09-01-26,WB112,Belt 3,15:00:00,15:18:00,167,167,15:28:00,15:48:00
09-01-26,ET873,Belt 3,13:10:00,12:59:00,214,215,13:14:00,13:33:00
09-01-26,4Z166,Belt 2,9:40:00,9:59:00,52,49,10:07:00,10:12:00
09-01-26,4Z162,Belt 3,13:30:00,13:36:00,26,18,13:43:00,14:02:00
09-01-26,QR1455,Belt 2,7:50:00,7:37:00,302,307,7:51:00,8:04:00
09-01-26,QR1456,Belt 1,15:00:00,14:55:00,341,339,15:10:00,15:16:00
09-01-26,TK525,Belt 3,1:20:00,1:36:00,342,349,1:51:00,2:11:00
09-01-26,KQ704,Belt 1,17:20:00,17:13:00,184,185,17:22:00,17:28:00
09-01-26,KQ706,Belt 3,9:10:00,9:04:00,157,154,9:12:00,9:21:00
10-01-26,BP312,Belt 3,8:50:00,8:50:00,125,120,9:04:00,9:16:00
10-01-26,ET34,Belt 3,11:45:00,11:35:00,44,34,11:44:00,12:01:00
10-01-26,ET35,Belt 2,13:10:00,13:10:00,24,29,13:20:00,13:35:00
10-01-26,SA62,Belt 3,12:40:00,12:28:00,193,196,12:42:00,12:50:00
10-01-26,TC212,Belt 1,12:20:00,12:30:00,106,112,12:39:00,12:44:00
10-01-26,UR722,Belt 2,11:45:00,11:54:00,42,41,12:07:00,12:12:00
10-01-26,WB112,Belt 1,15:00:00,15:12:00,-5,164,15:27:00,15:35:00
10-01-26,ET873,Belt 2,13:10:00,13:28:00,283,292,13:39:00,13:57:00
10-01-26,4Z166,Belt 3,9:40:00,9:52:00,57,54,10:00:00,10:07:00
10-01-26,4Z162,Belt 2,13:30:00,13:31:00,27,26,13:45:00,14:02:00
10-01-26,QR1455,Belt 3,7:50:00,7:47:00,168,174,7:55:00,8:00:00
10-01-26,QR1456,Belt 1,15:00:00,15:20:00,102,94,15:29:00,15:40:00
10-01-26,TK525,Belt 1,1:20:00,1:11:00,394,387,1:23:00,1:36:00
10-01-26,KQ704,Belt 2,17:20:00,17:23:00,82,87,17:36:00,17:44:00
10-01-26,KQ706,Belt 1,9:10:00,8:58:00,77,80,9:08:00,9:17:00
11-01-26,BP312,Belt 3,8:50:00,8:43:00,106,104,8:50:00,9:06:00
11-01-26,ET34,Belt 2,11:45:00,11:48:00,32,42,11:56:00,12:09:00
11-01-26,ET35,Belt 1,13:10:00,13:22:00,33,43,13:33:00,13:42:00
11-01-26,SA62,Belt 2,12:40:00,12:28:00,137,132,12:38:00,12:49:00
11-01-26,TC212,Belt 3,12:20:00,12:21:00,196,191,12:35:00,12:46:00
11-01-26,UR722,Belt 3,11:45:00,11:55:00,23,21,12:10:00,12:17:00
11-01-26,WB112,Belt 1,15:00:00,15:12:00,108,102,15:21:00,15:28:00
11-01-26,ET873,Belt 2,13:10:00,12:59:00,304,312,13:08:00,13:20:00
11-01-26,4Z166,Belt 1,9:40:00,9:34:00,61,58,9:46:00,9:58:00
11-01-26,4Z162,Belt 1,13:30:00,13:24:00,27,36,13:37:00,13:43:00
11-01-26,QR1455,Belt 1,7:50:00,8:06:00,242,252,8:16:00,8:32:00
11-01-26,QR1456,Belt 1,15:00:00,14:59:00,289,280,15:09:00,15:18:00
11-01-26,TK525,Belt 3,1:20:00,1:39:00,-5,364,1:52:00,2:02:00
11-01-26,KQ704,Belt 2,17:20:00,17:10:00,148,143,17:18:00,17:36:00
11-01-26,KQ706,Belt 2,9:10:00,9:06:00,80,77,9:14:00,9:21:00
12-01-26,BP312,Belt 1,8:50:00,8:54:00,117,107,9:01:00,9:17:00
12-01-26,ET34,Belt 1,11:45:00,11:35:00,33,35,11:49:00,12:04:00
12-01-26,ET35,Belt 1,13:10:00,12:56:00,70,63,13:08:00,13:22:00
12-01-26,SA62,Belt 1,12:40:00,12:44:00,205,200,12:57:00,13:06:00
12-01-26,TC212,Belt 2,12:20:00,12:08:00,148,156,12:22:00,12:37:00
12-01-26,UR722,Belt 2,11:45:00,12:03:00,52,43,12:11:00,12:24:00
12-01-26,WB112,Belt 1,15:00:00,14:47:00,136,138,14:58:00,15:10:00
12-01-26,ET873,Belt 1,13:10:00,12:57:00,212,215,13:07:00,13:23:00
12-01-26,4Z166,Belt 1,9:40:00,9:28:00,22,22,9:43:00,10:01:00
12-01-26,4Z162,Belt 2,13:30:00,13:19:00,35,26,13:32:00,13:43:00
12-01-26,QR1455,Belt 2,7:50:00,7:49:00,120,121,7:59:00,8:15:00
12-01-26,QR1456,Belt 1,15:00:00,15:10:00,334,327,15:22:00,15:33:00
12-01-26,TK525,Belt 2,1:20:00,1:13:00,-5,347,1:22:00,1:30:00
12-01-26,KQ704,Belt 2,17:20:00,17:09:00,154,144,17:19:00,17:30:00
12-01-26,KQ706,Belt 3,9:10:00,9:30:00,151,156,9:44:00,10:00:00
13-01-26,BP312,Belt 2,8:50:00,8:43:00,175,170,8:54:00,9:13:00
13-01-26,ET34,Belt 1,11:45:00,11:35:00,25,31,11:46:00,11:53:00
13-01-26,ET35,Belt 3,13:10:00,13:13:00,-5,17,13:28:00,13:45:00
13-01-26,SA62,Belt 1,12:40:00,12:42:00,83,87,12:53:00,13:13:00
13-01-26,TC212,Belt 1,12:20:00,12:07:00,146,140,12:20:00,12:31:00
13-01-26,UR722,Belt 1,11:45:00,11:49:00,16,13,12:03:00,12:11:00
13-01-26,WB112,Belt 3,15:00:00,14:57:00,183,181,15:09:00,15:17:00
13-01-26,ET873,Belt 3,13:10:00,13:09:00,135,142,13:21:00,13:27:00
13-01-26,4Z166,Belt 2,9:40:00,9:32:00,56,64,9:43:00,9:51:00
13-01-26,4Z162,Belt 2,13:30:00,13:17:00,42,44,13:26:00,13:34:00
13-01-26,QR1455,Belt 3,7:50:00,7:51:00,-5,266,7:58:00,8:04:00
13-01-26,QR1456,Belt 1,15:00:00,15:19:00,107,107,15:30:00,15:44:00
13-01-26,TK525,Belt 2,1:20:00,1:12:00,170,173,1:22:00,1:35:00
13-01-26,KQ704,Belt 2,17:20:00,17:31:00,157,160,17:40:00,17:45:00
13-01-26,KQ706,Belt 3,9:10:00,9:01:00,148,151,9:10:00,9:27:00
14-01-26,BP312,Belt 1,8:50:00,8:39:00,69,74,8:47:00,9:00:00
14-01-26,ET34,Belt 3,11:45:00,11:43:00,10,17,11:53:00,12:11:00
14-01-26,ET35,Belt 3,13:10:00,13:24:00,29,25,13:33:00,13:43:00
14-01-26,SA62,Belt 2,12:40:00,12:33:00,134,141,12:40:00,12:52:00
14-01-26,TC212,Belt 3,12:20:00,12:34:00,-5,148,12:47:00,13:06:00
14-01-26,UR722,Belt 2,11:45:00,11:48:00,17,24,11:56:00,12:14:00
14-01-26,WB112,Belt 2,15:00:00,14:50:00,187,183,14:59:00,15:16:00
14-01-26,ET873,Belt 3,13:10:00,13:12:00,234,244,13:27:00,13:40:00
14-01-26,4Z166,Belt 1,9:40:00,9:52:00,71,66,10:05:00,10:20:00
14-01-26,4Z162,Belt 1,13:30:00,13:17:00,16,11,13:32:00,13:49:00
14-01-26,QR1455,Belt 2,7:50:00,8:08:00,356,360,8:20:00,8:29:00
14-01-26,QR1456,Belt 1,15:00:00,15:00:00,98,89,15:13:00,15:23:00
14-01-26,TK525,Belt 1,1:20:00,1:27:00,152,156,1:39:00,1:55:00
14-01-26,KQ704,Belt 1,17:20:00,17:24:00,137,140,17:35:00,17:47:00
14-01-26,KQ706,Belt 1,9:10:00,9:24:00,180,190,9:34:00,9:41:00
15-01-26,BP312,Belt 1,8:50:00,9:04:00,77,75,9:16:00,9:32:00
15-01-26,ET34,Belt 1,11:45:00,11:32:00,16,11,11:45:00,12:04:00
15-01-26,ET35,Belt 3,13:10:00,13:08:00,-5,15,13:19:00,13:35:00
15-01-26,SA62,Belt 3,12:40:00,12:48:00,139,138,12:59:00,13:19:00
15-01-26,TC212,Belt 3,12:20:00,12:07:00,-5,113,12:22:00,12:33:00
15-01-26,UR722,Belt 3,11:45:00,11:34:00,35,34,11:41:00,11:53:00
15-01-26,WB112,Belt 1,15:00:00,15:19:00,102,110,15:34:00,15:40:00
15-01-26,ET873,Belt 3,13:10:00,13:17:00,96,90,13:28:00,13:47:00
15-01-26,4Z166,Belt 3,9:40:00,9:48:00,22,28,10:01:00,10:14:00
15-01-26,4Z162,Belt 2,13:30:00,13:22:00,27,24,13:33:00,13:43:00
15-01-26,QR1455,Belt 2,7:50:00,7:39:00,81,84,7:47:00,7:53:00
15-01-26,QR1456,Belt 1,15:00:00,14:56:00,380,385,15:07:00,15:27:00
15-01-26,TK525,Belt 2,1:20:00,1:12:00,132,135,1:19:00,1:30:00
15-01-26,KQ704,Belt 3,17:20:00,17:23:00,81,89,17:31:00,17:44:00
15-01-26,KQ706,Belt 2,9:10:00,8:56:00,105,101,9:11:00,9:27:00
16-01-26,BP312,Belt 3,8:50:00,9:08:00,109,115,9:23:00,9:33:00
16-01-26,ET34,Belt 1,11:45:00,11:50:00,50,60,12:02:00,12:12:00
16-01-26,ET35,Belt 1,13:10:00,13:03:00,-5,42,13:18:00,13:24:00
16-01-26,SA62,Belt 3,12:40:00,12:48:00,99,104,12:55:00,13:15:00
16-01-26,TC212,Belt 1,12:20:00,12:34:00,100,103,12:46:00,12:59:00
16-01-26,UR722,Belt 2,11:45:00,11:41:00,29,25,11:50:00,11:58:00
16-01-26,WB112,Belt 1,15:00:00,15:05:00,128,133,15:12:00,15:19:00
16-01-26,ET873,Belt 2,13:10:00,13:30:00,109,119,13:41:00,14:00:00
16-01-26,4Z166,Belt 2,9:40:00,9:53:00,66,61,10:06:00,10:23:00
16-01-26,4Z162,Belt 2,13:30:00,13:16:00,49,39,13:31:00,13:47:00
16-01-26,QR1455,Belt 3,7:50:00,7:44:00,347,345,7:55:00,8:13:00
16-01-26,QR1456,Belt 3,15:00:00,15:03:00,312,307,15:12:00,15:18:00
16-01-26,TK525,Belt 3,1:20:00,1:07:00,96,87,1:19:00,1:33:00
16-01-26,KQ704,Belt 1,17:20:00,17:33:00,177,175,17:46:00,18:00:00
16-01-26,KQ706,Belt 3,9:10:00,9:28:00,76,76,9:42:00,9:53:00
17-01-26,BP312,Belt 2,8:50:00,9:09:00,-5,125,9:18:00,9:37:00
17-01-26,ET34,Belt 3,11:45:00,12:01:00,-5,60,12:12:00,12:29:00
17-01-26,ET35,Belt 1,13:10:00,13:04:00,9,19,13:14:00,13:33:00
17-01-26,SA62,Belt 1,12:40:00,12:43:00,196,194,12:57:00,13:16:00
17-01-26,TC212,Belt 3,12:20:00,12:10:00,126,122,12:19:00,12:37:00
17-01-26,UR722,Belt 1,11:45:00,11:40:00,19,25,11:48:00,12:02:00
17-01-26,WB112,Belt 2,15:00:00,14:50:00,84,83,15:04:00,15:21:00
17-01-26,ET873,Belt 2,13:10:00,12:59:00,263,271,13:10:00,13:26:00
17-01-26,4Z166,Belt 3,9:40:00,9:42:00,50,45,9:49:00,10:09:00
17-01-26,4Z162,Belt 2,13:30:00,13:23:00,32,32,13:33:00,13:47:00
17-01-26,QR1455,Belt 2,7:50:00,8:06:00,124,134,8:14:00,8:23:00
17-01-26,QR1456,Belt 2,15:00:00,15:20:00,335,337,15:27:00,15:32:00
17-01-26,TK525,Belt 3,1:20:00,1:21:00,171,161,1:36:00,1:52:00
17-01-26,KQ704,Belt 1,17:20:00,17:31:00,186,184,17:43:00,18:02:00
17-01-26,KQ706,Belt 2,9:10:00,9:12:00,152,153,9:24:00,9:30:00
18-01-26,BP312,Belt 2,8:50:00,9:05:00,105,101,9:19:00,9:37:00
18-01-26,ET34,Belt 3,11:45:00,11:37:00,19,12,11:52:00,11:59:00
18-01-26,ET35,Belt 2,13:10:00,12:58:00,71,69,13:10:00,13:29:00
18-01-26,SA62,Belt 3,12:40:00,12:35:00,132,138,12:44:00,12:55:00
18-01-26,TC212,Belt 3,12:20:00,12:27:00,166,168,12:40:00,12:52:00
18-01-26,UR722,Belt 3,11:45:00,11:34:00,11,12,11:41:00,11:50:00
18-01-26,WB112,Belt 3,15:00:00,14:55:00,185,177,15:05:00,15:23:00
18-01-26,ET873,Belt 3,13:10:00,13:18:00,275,268,13:29:00,13:40:00
18-01-26,4Z166,Belt 2,9:40:00,9:58:00,9,14,10:05:00,10:18:00
18-01-26,4Z162,Belt 3,13:30:00,13:25:00,32,40,13:35:00,13:54:00
18-01-26,QR1455,Belt 2,7:50:00,7:47:00,399,394,7:55:00,8:02:00
18-01-26,QR1456,Belt 1,15:00:00,14:52:00,285,285,15:04:00,15:24:00
18-01-26,TK525,Belt 2,1:20:00,1:28:00,352,345,1:43:00,1:58:00
18-01-26,KQ704,Belt 2,17:20:00,17:24:00,-5,153,17:33:00,17:46:00
18-01-26,KQ706,Belt 1,9:10:00,9:09:00,-5,132,9:16:00,9:34:00
19-01-26,BP312,Belt 1,8:50:00,9:02:00,139,139,9:17:00,9:31:00
19-01-26,ET34,Belt 1,11:45:00,11:32:00,58,56,11:39:00,11:53:00
19-01-26,ET35,Belt 3,13:10:00,12:58:00,10,16,13:13:00,13:25:00
19-01-26,SA62,Belt 2,12:40:00,12:44:00,137,133,12:53:00,13:01:00
19-01-26,TC212,Belt 1,12:20:00,12:17:00,200,199,12:30:00,12:47:00
19-01-26,UR722,Belt 3,11:45:00,11:47:00,46,46,11:58:00,12:05:00
19-01-26,WB112,Belt 1,15:00:00,15:00:00,120,111,15:14:00,15:21:00
19-01-26,ET873,Belt 3,13:10:00,13:08:00,82,79,13:21:00,13:39:00
19-01-26,4Z166,Belt 1,9:40:00,9:31:00,41,36,9:38:00,9:53:00
19-01-26,4Z162,Belt 1,13:30:00,13:43:00,16,17,13:53:00,14:13:00
19-01-26,QR1455,Belt 1,7:50:00,7:48:00,260,252,7:58:00,8:15:00
19-01-26,QR1456,Belt 1,15:00:00,14:52:00,169,170,15:02:00,15:12:00
19-01-26,TK525,Belt 3,1:20:00,1:28:00,140,131,1:40:00,1:57:00
19-01-26,KQ704,Belt 3,17:20:00,17:29:00,87,95,17:37:00,17:42:00
19-01-26,KQ706,Belt 3,9:10:00,9:09:00,184,179,9:17:00,9:26:00
20-01-26,BP312,Belt 3,8:50:00,8:39:00,75,70,8:48:00,8:54:00
20-01-26,ET34,Belt 3,11:45:00,12:01:00,29,28,12:13:00,12:20:00
20-01-26,ET35,Belt 3,13:10:00,13:00:00,19,20,13:12:00,13:20:00
20-01-26,SA62,Belt 3,12:40:00,12:31:00,82,91,12:38:00,12:49:00
20-01-26,TC212,Belt 2,12:20:00,12:17:00,-5,170,12:25:00,12:38:00
20-01-26,UR722,Belt 2,11:45:00,11:47:00,37,28,12:02:00,12:09:00
20-01-26,WB112,Belt 2,15:00:00,15:10:00,136,142,15:18:00,15:37:00
20-01-26,ET873,Belt 1,13:10:00,13:11:00,-5,183,13:26:00,13:34:00
20-01-26,4Z166,Belt 1,9:40:00,9:26:00,45,48,9:37:00,9:43:00
20-01-26,4Z162,Belt 1,13:30:00,13:16:00,64,64,13:25:00,13:45:00
20-01-26,QR1455,Belt 2,7:50:00,7:44:00,239,233,7:55:00,8:09:00
20-01-26,QR1456,Belt 2,15:00:00,15:16:00,258,255,15:26:00,15:40:00
20-01-26,TK525,Belt 3,1:20:00,1:36:00,213,217,1:46:00,2:05:00
20-01-26,KQ704,Belt 2,17:20:00,17:07:00,100,109,17:15:00,17:21:00
20-01-26,KQ706,Belt 3,9:10:00,9:23:00,94,100,9:31:00,9:50:00
21-01-26,BP312,Belt 2,8:50:00,8:54:00,100,108,9:05:00,9:20:00
21-01-26,ET34,Belt 1,11:45:00,11:54:00,38,30,12:04:00,12:24:00
21-01-26,ET35,Belt 2,13:10:00,13:30:00,29,36,13:45:00,13:59:00
21-01-26,SA62,Belt 3,12:40:00,12:57:00,128,123,13:04:00,13:20:00
21-01-26,TC212,Belt 3,12:20:00,12:29:00,166,170,12:41:00,12:48:00
21-01-26,UR722,Belt 1,11:45:00,11:32:00,10,12,11:45:00,11:55:00
21-01-26,WB112,Belt 3,15:00:00,15:06:00,190,188,15:18:00,15:37:00
21-01-26,ET873,Belt 3,13:10:00,13:17:00,220,217,13:29:00,13:39:00
21-01-26,4Z166,Belt 3,9:40:00,9:44:00,60,65,9:55:00,10:13:00
21-01-26,4Z162,Belt 3,13:30:00,13:25:00,41,41,13:34:00,13:40:00
21-01-26,QR1455,Belt 3,7:50:00,8:02:00,178,172,8:16:00,8:29:00
21-01-26,QR1456,Belt 2,15:00:00,15:15:00,145,142,15:22:00,15:27:00
21-01-26,TK525,Belt 3,1:20:00,1:25:00,234,234,1:37:00,1:52:00
21-01-26,KQ704,Belt 3,17:20:00,17:36:00,-5,96,17:51:00,18:02:00
21-01-26,KQ706,Belt 2,9:10:00,9:22:00,107,107,9:37:00,9:50:00
22-01-26,BP312,Belt 2,8:50:00,8:48:00,176,170,8:58:00,9:16:00
22-01-26,ET34,Belt 2,11:45:00,11:55:00,52,61,12:09:00,12:23:00
22-01-26,ET35,Belt 1,13:10:00,13:16:00,62,58,13:23:00,13:37:00
22-01-26,SA62,Belt 1,12:40:00,12:52:00,77,74,13:00:00,13:20:00
22-01-26,TC212,Belt 2,12:20:00,12:37:00,197,188,12:47:00,13:02:00
22-01-26,UR722,Belt 2,11:45:00,11:42:00,28,24,11:53:00,12:07:00
22-01-26,WB112,Belt 1,15:00:00,15:14:00,76,79,15:25:00,15:42:00
22-01-26,ET873,Belt 3,13:10:00,13:06:00,58,52,13:16:00,13:22:00
22-01-26,4Z166,Belt 3,9:40:00,9:59:00,74,70,10:09:00,10:26:00
22-01-26,4Z162,Belt 2,13:30:00,13:44:00,28,37,13:52:00,14:05:00
22-01-26,QR1455,Belt 2,7:50:00,8:02:00,332,329,8:09:00,8:23:00
22-01-26,QR1456,Belt 2,15:00:00,15:11:00,380,389,15:25:00,15:36:00
22-01-26,TK525,Belt 3,1:20:00,1:20:00,395,388,1:31:00,1:39:00
22-01-26,KQ704,Belt 2,17:20:00,17:20:00,176,169,17:32:00,17:42:00
22-01-26,KQ706,Belt 1,9:10:00,8:57:00,111,121,9:10:00,9:17:00
23-01-26,BP312,Belt 3,8:50:00,8:51:00,137,132,8:58:00,9:06:00
23-01-26,ET34,Belt 2,11:45:00,11:31:00,67,69,11:40:00,11:54:00
23-01-26,ET35,Belt 3,13:10:00,12:59:00,29,26,13:08:00,13:26:00
23-01-26,SA62,Belt 1,12:40:00,12:50:00,112,111,12:58:00,13:12:00
23-01-26,TC212,Belt 3,12:20:00,12:12:00,79,87,12:21:00,12:29:00
23-01-26,UR722,Belt 3,11:45:00,11:37:00,-5,25,11:48:00,11:58:00
23-01-26,WB112,Belt 2,15:00:00,15:12:00,185,185,15:20:00,15:39:00
23-01-26,ET873,Belt 1,13:10:00,13:23:00,117,112,13:34:00,13:41:00
23-01-26,4Z166,Belt 1,9:40:00,9:59:00,52,60,10:11:00,10:21:00
23-01-26,4Z162,Belt 2,13:30:00,13:45:00,57,61,14:00:00,14:13:00
23-01-26,QR1455,Belt 3,7:50:00,7:58:00,68,59,8:06:00,8:13:00
23-01-26,QR1456,Belt 1,15:00:00,14:48:00,-5,124,14:57:00,15:08:00
23-01-26,TK525,Belt 1,1:20:00,1:28:00,374,373,1:35:00,1:50:00
23-01-26,KQ704,Belt 3,17:20:00,17:21:00,173,180,17:36:00,17:53:00
23-01-26,KQ706,Belt 2,9:10:00,9:23:00,108,112,9:37:00,9:44:00
24-01-26,BP312,Belt 1,8:50:00,9:06:00,133,128,9:21:00,9:40:00
24-01-26,ET34,Belt 3,11:45:00,11:40:00,40,30,11:52:00,12:03:00
24-01-26,ET35,Belt 2,13:10:00,13:30:00,16,12,13:40:00,13:45:00
24-01-26,SA62,Belt 1,12:40:00,12:36:00,150,160,12:48:00,13:03:00
24-01-26,TC212,Belt 3,12:20:00,12:24:00,71,71,12:38:00,12:45:00
24-01-26,UR722,Belt 2,11:45:00,12:03:00,56,63,12:18:00,12:26:00
24-01-26,WB112,Belt 3,15:00:00,14:53:00,109,104,15:07:00,15:22:00
24-01-26,ET873,Belt 1,13:10:00,13:07:00,360,369,13:19:00,13:31:00
24-01-26,4Z166,Belt 3,9:40:00,9:49:00,47,44,10:00:00,10:06:00
24-01-26,4Z162,Belt 1,13:30:00,13:29:00,12,13,13:38:00,13:51:00
24-01-26,QR1455,Belt 3,7:50:00,7:45:00,126,128,7:57:00,8:15:00
24-01-26,QR1456,Belt 1,15:00:00,15:01:00,322,321,15:09:00,15:29:00
24-01-26,TK525,Belt 1,1:20:00,1:12:00,206,203,1:19:00,1:24:00
24-01-26,KQ704,Belt 2,17:20:00,17:19:00,148,153,17:27:00,17:36:00
24-01-26,KQ706,Belt 1,9:10:00,9:03:00,96,95,9:11:00,9:19:00
25-01-26,BP312,Belt 2,8:50:00,8:47:00,155,155,8:55:00,9:05:00
25-01-26,ET34,Belt 3,11:45:00,11:48:00,31,23,11:56:00,12:08:00
25-01-26,ET35,Belt 2,13:10:00,13:18:00,26,27,13:33:00,13:40:00
25-01-26,SA62,Belt 1,12:40:00,12:45:00,153,146,12:56:00,13:04:00
25-01-26,TC212,Belt 2,12:20:00,12:21:00,79,80,12:34:00,12:41:00
25-01-26,UR722,Belt 3,11:45:00,11:51:00,29,31,11:58:00,12:07:00
25-01-26,WB112,Belt 1,15:00:00,14:47:00,102,94,14:54:00,15:02:00
25-01-26,ET873,Belt 2,13:10:00,13:20:00,76,71,13:32:00,13:49:00
25-01-26,4Z166,Belt 3,9:40:00,9:36:00,14,16,9:45:00,9:57:00
25-01-26,4Z162,Belt 2,13:30:00,13:44:00,26,31,13:53:00,14:01:00
25-01-26,QR1455,Belt 3,7:50:00,7:44:00,63,58,7:54:00,8:03:00
25-01-26,QR1456,Belt 3,15:00:00,15:16:00,405,399,15:26:00,15:44:00
25-01-26,TK525,Belt 1,1:20:00,1:21:00,404,398,1:32:00,1:43:00
25-01-26,KQ704,Belt 2,17:20:00,17:14:00,121,130,17:27:00,17:38:00
25-01-26,KQ706,Belt 1,9:10:00,9:09:00,165,169,9:24:00,9:38:00
26-01-26,BP312,Belt 1,8:50:00,9:04:00,106,104,9:17:00,9:31:00
26-01-26,ET34,Belt 1,11:45:00,11:52:00,-5,25,12:00:00,12:18:00
26-01-26,ET35,Belt 3,13:10:00,13:04:00,60,51,13:18:00,13:23:00
26-01-26,SA62,Belt 2,12:40:00,12:36:00,181,173,12:46:00,12:59:00
26-01-26,TC212,Belt 2,12:20:00,12:18:00,110,102,12:27:00,12:35:00
26-01-26,UR722,Belt 3,11:45:00,12:01:00,19,25,12:08:00,12:20:00
26-01-26,WB112,Belt 3,15:00:00,14:52:00,73,81,15:05:00,15:14:00
26-01-26,ET873,Belt 2,13:10:00,12:56:00,184,191,13:03:00,13:14:00
26-01-26,4Z166,Belt 1,9:40:00,9:42:00,7,17,9:55:00,10:03:00
26-01-26,4Z162,Belt 2,13:30:00,13:43:00,27,23,13:52:00,14:01:00
26-01-26,QR1455,Belt 1,7:50:00,7:53:00,374,381,8:05:00,8:20:00
26-01-26,QR1456,Belt 2,15:00:00,15:09:00,249,243,15:20:00,15:39:00
26-01-26,TK525,Belt 1,1:20:00,1:30:00,163,153,1:39:00,1:50:00
26-01-26,KQ704,Belt 1,17:20:00,17:23:00,156,160,17:33:00,17:53:00
26-01-26,KQ706,Belt 3,9:10:00,9:03:00,-5,140,9:10:00,9:23:00
27-01-26,BP312,Belt 3,8:50:00,9:06:00,184,180,9:15:00,9:21:00
27-01-26,ET34,Belt 3,11:45:00,11:57:00,61,57,12:12:00,12:26:00
27-01-26,ET35,Belt 1,13:10:00,13:22:00,29,36,13:33:00,13:42:00
27-01-26,SA62,Belt 1,12:40:00,12:54:00,136,141,13:07:00,13:12:00
27-01-26,TC212,Belt 1,12:20:00,12:38:00,94,86,12:52:00,13:08:00
27-01-26,UR722,Belt 2,11:45:00,12:00:00,48,51,12:14:00,12:25:00
27-01-26,WB112,Belt 3,15:00:00,15:00:00,145,140,15:13:00,15:26:00
27-01-26,ET873,Belt 3,13:10:00,12:59:00,-5,295,13:13:00,13:22:00
27-01-26,4Z166,Belt 3,9:40:00,9:31:00,56,59,9:45:00,10:02:00
27-01-26,4Z162,Belt 3,13:30:00,13:20:00,77,70,13:35:00,13:44:00
27-01-26,QR1455,Belt 2,7:50:00,7:46:00,188,187,8:01:00,8:14:00
27-01-26,QR1456,Belt 2,15:00:00,15:04:00,98,100,15:19:00,15:33:00
27-01-26,TK525,Belt 3,1:20:00,1:21:00,246,256,1:29:00,1:37:00
27-01-26,KQ704,Belt 2,17:20:00,17:11:00,140,142,17:21:00,17:31:00
27-01-26,KQ706,Belt 3,9:10:00,9:05:00,203,197,9:12:00,9:21:00
28-01-26,BP312,Belt 3,8:50:00,9:06:00,-5,153,9:19:00,9:34:00
28-01-26,ET34,Belt 2,11:45:00,11:49:00,36,40,11:58:00,12:06:00
28-01-26,ET35,Belt 2,13:10:00,13:02:00,32,29,13:13:00,13:26:00
28-01-26,SA62,Belt 3,12:40:00,12:34:00,131,121,12:47:00,13:03:00
28-01-26,TC212,Belt 1,12:20:00,12:10:00,172,167,12:20:00,12:32:00
28-01-26,UR722,Belt 3,11:45:00,11:31:00,12,12,11:43:00,12:03:00
28-01-26,WB112,Belt 2,15:00:00,15:15:00,160,155,15:25:00,15:43:00
28-01-26,ET873,Belt 3,13:10:00,13:20:00,50,58,13:28:00,13:37:00
28-01-26,4Z166,Belt 1,9:40:00,9:52:00,27,36,10:02:00,10:21:00
28-01-26,4Z162,Belt 2,13:30:00,13:33:00,36,44,13:41:00,14:00:00
28-01-26,QR1455,Belt 1,7:50:00,8:06:00,-5,119,8:16:00,8:27:00
28-01-26,QR1456,Belt 2,15:00:00,15:05:00,90,99,15:16:00,15:21:00
28-01-26,TK525,Belt 3,1:20:00,1:35:00,252,259,1:46:00,2:05:00
28-01-26,KQ704,Belt 3,17:20:00,17:32:00,93,93,17:42:00,17:50:00
28-01-26,KQ706,Belt 3,9:10:00,9:23:00,143,134,9:38:00,9:50:00
29-01-26,BP312,Belt 2,8:50:00,9:04:00,189,191,9:19:00,9:29:00
29-01-26,ET34,Belt 1,11:45:00,11:53:00,-5,58,12:07:00,12:18:00
29-01-26,ET35,Belt 2,13:10:00,13:00:00,66,66,13:08:00,13:15:00
29-01-26,SA62,Belt 1,12:40:00,12:56:00,136,128,13:07:00,13:12:00
29-01-26,TC212,Belt 3,12:20:00,12:18:00,160,159,12:32:00,12:42:00
29-01-26,UR722,Belt 3,11:45:00,11:52:00,50,57,11:59:00,12:12:00
29-01-26,WB112,Belt 2,15:00:00,15:06:00,109,114,15:16:00,15:22:00
29-01-26,ET873,Belt 3,13:10:00,13:09:00,137,141,13:19:00,13:30:00
29-01-26,4Z166,Belt 3,9:40:00,10:00:00,32,28,10:07:00,10:26:00
29-01-26,4Z162,Belt 2,13:30:00,13:21:00,-5,49,13:28:00,13:36:00
29-01-26,QR1455,Belt 3,7:50:00,7:41:00,155,154,7:52:00,8:10:00
29-01-26,QR1456,Belt 3,15:00:00,14:52:00,-5,82,15:06:00,15:23:00
29-01-26,TK525,Belt 2,1:20:00,1:37:00,138,137,1:44:00,1:54:00
29-01-26,KQ704,Belt 3,17:20:00,17:13:00,170,177,17:21:00,17:31:00
29-01-26,KQ706,Belt 1,9:10:00,9:25:00,82,88,9:38:00,9:46:00
30-01-26,BP312,Belt 1,8:50:00,8:52:00,123,128,9:03:00,9:18:00
30-01-26,ET34,Belt 1,11:45:00,11:45:00,-5,20,12:00:00,12:11:00
30-01-26,ET35,Belt 1,13:10:00,13:21:00,32,37,13:35:00,13:48:00
30-01-26,SA62,Belt 3,12:40:00,12:26:00,145,136,12:36:00,12:41:00
30-01-26,TC212,Belt 3,12:20:00,12:10:00,172,173,12:23:00,12:42:00
30-01-26,UR722,Belt 3,11:45:00,11:33:00,73,65,11:41:00,11:50:00
30-01-26,WB112,Belt 1,15:00:00,14:48:00,135,128,14:56:00,15:16:00
30-01-26,ET873,Belt 2,13:10:00,13:30:00,390,382,13:39:00,13:45:00
30-01-26,4Z166,Belt 3,9:40:00,9:58:00,28,21,10:08:00,10:17:00
30-01-26,4Z162,Belt 3,13:30:00,13:49:00,59,68,14:04:00,14:11:00
30-01-26,QR1455,Belt 2,7:50:00,7:54:00,332,325,8:02:00,8:17:00
30-01-26,QR1456,Belt 1,15:00:00,14:53:00,317,325,15:04:00,15:17:00
30-01-26,TK525,Belt 1,1:20:00,1:40:00,325,331,1:49:00,1:55:00
30-01-26,KQ704,Belt 2,17:20:00,17:39:00,191,195,17:48:00,18:00:00
30-01-26,KQ706,Belt 3,9:10:00,8:58:00,98,92,9:07:00,9:26:00
31-01-26,BP312,Belt 2,8:50:00,8:42:00,188,178,8:57:00,9:04:00
31-01-26,ET34,Belt 2,11:45:00,11:30:00,58,58,11:44:00,11:54:00
31-01-26,ET35,Belt 3,13:10:00,13:29:00,27,27,13:36:00,13:42:00
31-01-26,SA62,Belt 1,12:40:00,12:33:00,66,76,12:40:00,12:47:00
31-01-26,TC212,Belt 2,12:20:00,12:17:00,122,112,12:25:00,12:32:00
31-01-26,UR722,Belt 2,11:45:00,11:56:00,27,22,12:04:00,12:23:00
31-01-26,WB112,Belt 1,15:00:00,15:15:00,156,165,15:22:00,15:31:00
31-01-26,ET873,Belt 1,13:10:00,13:20:00,212,210,13:28:00,13:42:00
31-01-26,4Z166,Belt 2,9:40:00,9:52:00,21,26,10:00:00,10:09:00
31-01-26,4Z162,Belt 1,13:30:00,13:47:00,60,52,14:02:00,14:22:00
31-01-26,QR1455,Belt 3,7:50:00,8:07:00,307,301,8:15:00,8:24:00
31-01-26,QR1456,Belt 1,15:00:00,14:47:00,203,197,14:54:00,15:09:00
31-01-26,TK525,Belt 1,1:20:00,1:12:00,281,290,1:27:00,1:45:00
31-01-26,KQ704,Belt 2,17:20:00,17:12:00,67,76,17:19:00,17:24:00
31-01-26,KQ706,Belt 2,9:10:00,8:56:00,133,136,9:09:00,9:25:00
01-02-26,BP312,Belt 2,8:50:00,8:54:00,149,157,9:06:00,9:19:00
01-02-26,ET34,Belt 3,11:45:00,11:37:00,21,19,11:50:00,11:58:00
01-02-26,ET35,Belt 1,13:10:00,13:25:00,30,36,13:36:00,13:48:00
01-02-26,SA62,Belt 3,12:40:00,12:33:00,155,164,12:45:00,12:59:00
01-02-26,TC212,Belt 2,12:20:00,12:14:00,157,166,12:29:00,12:35:00
01-02-26,UR722,Belt 3,11:45:00,11:56:00,31,40,12:09:00,12:20:00
01-02-26,WB112,Belt 2,15:00:00,14:47:00,184,175,15:02:00,15:21:00
01-02-26,ET873,Belt 3,13:10:00,12:56:00,221,231,13:11:00,13:21:00
01-02-26,4Z166,Belt 3,9:40:00,9:37:00,5,14,9:48:00,9:54:00
01-02-26,4Z162,Belt 2,13:30:00,13:45:00,67,65,13:56:00,14:04:00
01-02-26,QR1455,Belt 2,7:50:00,7:46:00,310,320,7:57:00,8:10:00
01-02-26,QR1456,Belt 3,15:00:00,15:13:00,147,140,15:27:00,15:47:00
01-02-26,TK525,Belt 2,1:20:00,1:36:00,310,314,1:49:00,2:00:00
01-02-26,KQ704,Belt 3,17:20:00,17:38:00,88,86,17:49:00,18:01:00
01-02-26,KQ706,Belt 2,9:10:00,9:29:00,80,86,9:42:00,9:56:00
02-02-26,BP312,Belt 1,8:50:00,8:40:00,119,113,8:51:00,9:09:00
02-02-26,ET34,Belt 2,11:45:00,11:33:00,10,20,11:43:00,12:01:00
02-02-26,ET35,Belt 3,13:10:00,13:19:00,19,18,13:34:00,13:52:00
02-02-26,SA62,Belt 1,12:40:00,12:41:00,95,96,12:52:00,12:59:00
02-02-26,TC212,Belt 3,12:20:00,12:20:00,82,80,12:31:00,12:48:00
02-02-26,UR722,Belt 3,11:45:00,11:50:00,33,32,12:01:00,12:07:00
02-02-26,WB112,Belt 2,15:00:00,15:11:00,170,173,15:23:00,15:38:00
02-02-26,ET873,Belt 2,13:10:00,13:01:00,394,399,13:12:00,13:23:00
02-02-26,4Z166,Belt 1,9:40:00,9:53:00,3,11,10:07:00,10:24:00
02-02-26,4Z162,Belt 3,13:30:00,13:25:00,34,36,13:36:00,13:41:00
02-02-26,QR1455,Belt 1,7:50:00,7:35:00,106,105,7:45:00,7:55:00
02-02-26,QR1456,Belt 2,15:00:00,14:48:00,213,219,15:02:00,15:08:00
02-02-26,TK525,Belt 1,1:20:00,1:29:00,215,224,1:40:00,1:46:00
02-02-26,KQ704,Belt 1,17:20:00,17:15:00,127,131,17:25:00,17:36:00
02-02-26,KQ706,Belt 2,9:10:00,9:03:00,125,119,9:14:00,9:29:00
03-02-26,BP312,Belt 3,8:50:00,9:07:00,103,101,9:17:00,9:26:00
03-02-26,ET34,Belt 2,11:45:00,11:47:00,8,15,12:01:00,12:20:00
03-02-26,ET35,Belt 2,13:10:00,13:16:00,59,66,13:31:00,13:37:00
03-02-26,SA62,Belt 1,12:40:00,12:55:00,117,120,13:03:00,13:14:00
03-02-26,TC212,Belt 3,12:20:00,12:40:00,119,125,12:53:00,13:08:00
03-02-26,UR722,Belt 3,11:45:00,11:34:00,15,12,11:41:00,11:48:00
03-02-26,WB112,Belt 3,15:00:00,14:52:00,-5,199,15:04:00,15:21:00
03-02-26,ET873,Belt 3,13:10:00,12:55:00,292,286,13:08:00,13:13:00
03-02-26,4Z166,Belt 3,9:40:00,9:25:00,63,68,9:35:00,9:40:00
03-02-26,4Z162,Belt 3,13:30:00,13:27:00,40,47,13:39:00,13:57:00
03-02-26,QR1455,Belt 3,7:50:00,7:58:00,325,331,8:13:00,8:18:00
03-02-26,QR1456,Belt 1,15:00:00,14:45:00,243,243,14:59:00,15:19:00
03-02-26,TK525,Belt 3,1:20:00,1:37:00,-5,195,1:45:00,2:03:00
03-02-26,KQ704,Belt 3,17:20:00,17:09:00,126,124,17:21:00,17:37:00
03-02-26,KQ706,Belt 3,9:10:00,9:28:00,76,84,9:39:00,9:46:00
04-02-26,BP312,Belt 3,8:50:00,9:09:00,136,143,9:24:00,9:38:00
04-02-26,ET34,Belt 1,11:45:00,11:33:00,26,24,11:48:00,12:08:00
04-02-26,ET35,Belt 3,13:10:00,13:28:00,53,63,13:37:00,13:55:00
04-02-26,SA62,Belt 3,12:40:00,12:39:00,108,113,12:49:00,12:58:00
04-02-26,TC212,Belt 1,12:20:00,12:25:00,135,131,12:36:00,12:51:00
04-02-26,UR722,Belt 3,11:45:00,11:31:00,-5,36,11:39:00,11:52:00
04-02-26,WB112,Belt 2,15:00:00,14:55:00,139,145,15:10:00,15:28:00
04-02-26,ET873,Belt 3,13:10:00,12:56:00,72,71,13:03:00,13:18:00
04-02-26,4Z166,Belt 2,9:40:00,9:46:00,43,41,9:59:00,10:17:00
04-02-26,4Z162,Belt 2,13:30:00,13:36:00,18,12,13:44:00,13:52:00
04-02-26,QR1455,Belt 3,7:50:00,8:03:00,118,115,8:10:00,8:16:00
04-02-26,QR1456,Belt 1,15:00:00,14:48:00,84,78,14:58:00,15:14:00
04-02-26,TK525,Belt 1,1:20:00,1:08:00,262,253,1:16:00,1:21:00
04-02-26,KQ704,Belt 2,17:20:00,17:09:00,113,109,17:17:00,17:32:00
04-02-26,KQ706,Belt 1,9:10:00,9:20:00,117,124,9:29:00,9:40:00
05-02-26,BP312,Belt 2,8:50:00,8:35:00,158,157,8:42:00,9:00:00
05-02-26,ET34,Belt 1,11:45:00,11:36:00,40,45,11:49:00,11:57:00
05-02-26,ET35,Belt 2,13:10:00,13:07:00,-5,50,13:20:00,13:29:00
05-02-26,SA62,Belt 2,12:40:00,12:37:00,129,123,12:48:00,13:02:00
05-02-26,TC212,Belt 2,12:20:00,12:33:00,-5,80,12:43:00,12:57:00
05-02-26,UR722,Belt 1,11:45:00,11:38:00,16,10,11:52:00,12:03:00
05-02-26,WB112,Belt 1,15:00:00,15:04:00,143,146,15:18:00,15:27:00
05-02-26,ET873,Belt 2,13:10:00,13:16:00,69,73,13:26:00,13:42:00
05-02-26,4Z166,Belt 2,9:40:00,9:34:00,49,56,9:41:00,9:49:00
05-02-26,4Z162,Belt 2,13:30:00,13:42:00,37,33,13:49:00,13:55:00
05-02-26,QR1455,Belt 1,7:50:00,7:39:00,246,238,7:47:00,8:01:00
05-02-26,QR1456,Belt 1,15:00:00,15:14:00,338,343,15:21:00,15:40:00
05-02-26,TK525,Belt 2,1:20:00,1:26:00,343,348,1:39:00,1:57:00
05-02-26,KQ704,Belt 3,17:20:00,17:05:00,165,166,17:20:00,17:39:00
05-02-26,KQ706,Belt 2,9:10:00,9:25:00,139,145,9:40:00,9:56:00
06-02-26,BP312,Belt 1,8:50:00,8:35:00,178,168,8:45:00,8:54:00
06-02-26,ET34,Belt 2,11:45:00,12:05:00,39,46,12:16:00,12:21:00
06-02-26,ET35,Belt 3,13:10:00,13:18:00,65,66,13:28:00,13:38:00
06-02-26,SA62,Belt 3,12:40:00,12:36:00,92,97,12:46:00,13:00:00
06-02-26,TC212,Belt 1,12:20:00,12:20:00,182,180,12:35:00,12:41:00
06-02-26,UR722,Belt 3,11:45:00,11:36:00,39,49,11:51:00,12:11:00
06-02-26,WB112,Belt 1,15:00:00,15:06:00,181,171,15:14:00,15:33:00
06-02-26,ET873,Belt 2,13:10:00,13:05:00,75,65,13:19:00,13:29:00
06-02-26,4Z166,Belt 2,9:40:00,9:33:00,22,23,9:48:00,10:00:00
06-02-26,4Z162,Belt 2,13:30:00,13:38:00,45,48,13:50:00,14:06:00
06-02-26,QR1455,Belt 1,7:50:00,7:47:00,-5,174,7:56:00,8:01:00
06-02-26,QR1456,Belt 3,15:00:00,14:48:00,52,51,15:01:00,15:09:00
06-02-26,TK525,Belt 3,1:20:00,1:18:00,348,339,1:31:00,1:46:00
06-02-26,KQ704,Belt 1,17:20:00,17:37:00,109,107,17:49:00,17:58:00
06-02-26,KQ706,Belt 2,9:10:00,9:15:00,130,138,9:30:00,9:47:00
07-02-26,BP312,Belt 3,8:50:00,9:00:00,167,166,9:13:00,9:20:00
07-02-26,ET34,Belt 3,11:45:00,11:45:00,17,10,11:59:00,12:17:00
07-02-26,ET35,Belt 2,13:10:00,13:05:00,47,53,13:15:00,13:30:00
07-02-26,SA62,Belt 1,12:40:00,12:30:00,149,156,12:41:00,12:52:00
07-02-26,TC212,Belt 2,12:20:00,12:07:00,179,172,12:16:00,12:28:00
07-02-26,UR722,Belt 2,11:45:00,11:57:00,59,60,12:12:00,12:25:00
07-02-26,WB112,Belt 3,15:00:00,15:09:00,70,80,15:18:00,15:38:00
07-02-26,ET873,Belt 2,13:10:00,12:59:00,40,50,13:14:00,13:32:00
07-02-26,4Z166,Belt 3,9:40:00,9:59:00,37,35,10:07:00,10:13:00
07-02-26,4Z162,Belt 3,13:30:00,13:19:00,-5,63,13:34:00,13:45:00
07-02-26,QR1455,Belt 3,7:50:00,7:47:00,87,91,7:59:00,8:04:00
07-02-26,QR1456,Belt 2,15:00:00,14:57:00,85,83,15:12:00,15:18:00
07-02-26,TK525,Belt 2,1:20:00,1:27:00,379,381,1:35:00,1:49:00
07-02-26,KQ704,Belt 1,17:20:00,17:37:00,88,88,17:44:00,18:03:00
07-02-26,KQ706,Belt 2,9:10:00,9:09:00,125,115,9:24:00,9:35:00
08-02-26,BP312,Belt 3,8:50:00,8:55:00,193,183,9:08:00,9:17:00
08-02-26,ET34,Belt 1,11:45:00,11:58:00,57,56,12:08:00,12:21:00
08-02-26,ET35,Belt 2,13:10:00,13:03:00,-5,11,13:17:00,13:36:00
08-02-26,SA62,Belt 2,12:40:00,12:46:00,144,142,12:55:00,13:01:00
08-02-26,TC212,Belt 2,12:20:00,12:39:00,178,184,12:52:00,13:10:00
08-02-26,UR722,Belt 3,11:45:00,11:32:00,27,18,11:41:00,11:57:00
08-02-26,WB112,Belt 3,15:00:00,15:10:00,-5,93,15:24:00,15:41:00
08-02-26,ET873,Belt 3,13:10:00,13:07:00,140,132,13:15:00,13:28:00
08-02-26,4Z166,Belt 3,9:40:00,9:44:00,41,35,9:59:00,10:12:00
08-02-26,4Z162,Belt 3,13:30:00,13:26:00,18,22,13:36:00,13:55:00
08-02-26,QR1455,Belt 2,7:50:00,7:39:00,89,95,7:51:00,8:07:00
08-02-26,QR1456,Belt 3,15:00:00,15:18:00,133,137,15:30:00,15:47:00
08-02-26,TK525,Belt 3,1:20:00,1:05:00,296,289,1:13:00,1:32:00
08-02-26,KQ704,Belt 2,17:20:00,17:13:00,117,122,17:21:00,17:28:00
08-02-26,KQ706,Belt 3,9:10:00,9:03:00,101,111,9:16:00,9:24:00
09-02-26,BP312,Belt 3,8:50:00,8:45:00,175,178,9:00:00,9:15:00
09-02-26,ET34,Belt 1,11:45:00,11:47:00,44,39,12:02:00,12:18:00
09-02-26,ET35,Belt 3,13:10:00,13:20:00,-5,17,13:30:00,13:49:00
09-02-26,SA62,Belt 2,12:40:00,12:54:00,144,145,13:05:00,13:11:00
09-02-26,TC212,Belt 3,12:20:00,12:27:00,121,113,12:39:00,12:45:00
09-02-26,UR722,Belt 3,11:45:00,11:45:00,67,65,11:56:00,12:02:00
09-02-26,WB112,Belt 3,15:00:00,14:56:00,178,180,15:07:00,15:13:00
09-02-26,ET873,Belt 1,13:10:00,13:29:00,277,281,13:40:00,13:48:00
09-02-26,4Z166,Belt 1,9:40:00,10:00:00,47,40,10:08:00,10:17:00
09-02-26,4Z162,Belt 3,13:30:00,13:35:00,62,57,13:50:00,14:00:00
09-02-26,QR1455,Belt 1,7:50:00,8:07:00,78,88,8:16:00,8:23:00
09-02-26,QR1456,Belt 2,15:00:00,15:14:00,358,351,15:23:00,15:31:00
09-02-26,TK525,Belt 3,1:20:00,1:07:00,147,149,1:22:00,1:40:00
09-02-26,KQ704,Belt 1,17:20:00,17:36:00,162,157,17:50:00,18:02:00
09-02-26,KQ706,Belt 2,9:10:00,9:23:00,136,129,9:33:00,9:41:00
10-02-26,BP312,Belt 3,8:50:00,8:36:00,122,115,8:48:00,9:06:00
10-02-26,ET34,Belt 1,11:45:00,11:55:00,28,31,12:09:00,12:14:00
10-02-26,ET35,Belt 1,13:10:00,13:12:00,68,60,13:27:00,13:45:00
10-02-26,SA62,Belt 1,12:40:00,12:27:00,104,100,12:41:00,12:47:00
10-02-26,TC212,Belt 3,12:20:00,12:38:00,194,197,12:51:00,13:00:00
10-02-26,UR722,Belt 3,11:45:00,11:30:00,23,33,11:43:00,11:52:00
10-02-26,WB112,Belt 1,15:00:00,15:00:00,108,113,15:10:00,15:26:00
10-02-26,ET873,Belt 2,13:10:00,13:16:00,390,395,13:24:00,13:41:00
10-02-26,4Z166,Belt 2,9:40:00,9:35:00,66,65,9:42:00,9:57:00
10-02-26,4Z162,Belt 2,13:30:00,13:35:00,31,38,13:46:00,14:03:00
10-02-26,QR1455,Belt 3,7:50:00,8:00:00,118,126,8:15:00,8:25:00
10-02-26,QR1456,Belt 1,15:00:00,15:07:00,336,342,15:19:00,15:36:00
10-02-26,TK525,Belt 3,1:20:00,1:25:00,345,354,1:40:00,1:53:00
10-02-26,KQ704,Belt 2,17:20:00,17:22:00,189,180,17:37:00,17:51:00
10-02-26,KQ706,Belt 1,9:10:00,9:26:00,69,74,9:35:00,9:41:00
11-02-26,BP312,Belt 2,8:50:00,8:55:00,87,78,9:05:00,9:23:00
11-02-26,ET34,Belt 2,11:45:00,11:50:00,46,48,12:05:00,12:19:00
11-02-26,ET35,Belt 2,13:10:00,13:23:00,-5,18,13:35:00,13:42:00
11-02-26,SA62,Belt 2,12:40:00,12:25:00,90,91,12:37:00,12:56:00
11-02-26,TC212,Belt 3,12:20:00,12:20:00,203,199,12:27:00,12:46:00
11-02-26,UR722,Belt 1,11:45:00,11:38:00,27,32,11:48:00,12:05:00
11-02-26,WB112,Belt 3,15:00:00,15:09:00,174,169,15:19:00,15:29:00
11-02-26,ET873,Belt 3,13:10:00,13:16:00,-5,365,13:27:00,13:44:00
11-02-26,4Z166,Belt 2,9:40:00,9:58:00,41,49,10:12:00,10:32:00
11-02-26,4Z162,Belt 2,13:30:00,13:36:00,49,44,13:49:00,13:58:00
11-02-26,QR1455,Belt 2,7:50:00,7:50:00,347,344,8:05:00,8:25:00
11-02-26,QR1456,Belt 1,15:00:00,15:13:00,-5,128,15:25:00,15:36:00
11-02-26,TK525,Belt 2,1:20:00,1:08:00,79,69,1:23:00,1:38:00
11-02-26,KQ704,Belt 1,17:20:00,17:20:00,72,70,17:29:00,17:41:00
11-02-26,KQ706,Belt 1,9:10:00,9:07:00,81,83,9:14:00,9:30:00
12-02-26,BP312,Belt 2,8:50:00,8:54:00,176,167,9:06:00,9:25:00
12-02-26,ET34,Belt 1,11:45:00,12:00:00,2,12,12:08:00,12:18:00
12-02-26,ET35,Belt 1,13:10:00,13:25:00,74,67,13:34:00,13:49:00
12-02-26,SA62,Belt 1,12:40:00,12:34:00,136,138,12:43:00,13:00:00
12-02-26,TC212,Belt 2,12:20:00,12:24:00,-5,170,12:33:00,12:49:00
12-02-26,UR722,Belt 2,11:45:00,11:54:00,23,28,12:04:00,12:13:00
12-02-26,WB112,Belt 2,15:00:00,15:20:00,140,138,15:30:00,15:41:00
12-02-26,ET873,Belt 3,13:10:00,13:04:00,336,343,13:16:00,13:33:00
12-02-26,4Z166,Belt 2,9:40:00,9:56:00,18,26,10:08:00,10:18:00
12-02-26,4Z162,Belt 1,13:30:00,13:46:00,58,58,14:00:00,14:10:00
12-02-26,QR1455,Belt 2,7:50:00,7:59:00,244,249,8:08:00,8:25:00
12-02-26,QR1456,Belt 3,15:00:00,15:17:00,160,163,15:29:00,15:45:00
12-02-26,TK525,Belt 1,1:20:00,1:32:00,170,164,1:40:00,1:57:00
12-02-26,KQ704,Belt 1,17:20:00,17:14:00,153,163,17:28:00,17:41:00
12-02-26,KQ706,Belt 2,9:10:00,9:05:00,-5,153,9:17:00,9:37:00
13-02-26,BP312,Belt 3,8:50:00,9:00:00,141,143,9:10:00,9:15:00
13-02-26,ET34,Belt 3,11:45:00,11:46:00,-5,29,11:54:00,12:01:00
13-02-26,ET35,Belt 3,13:10:00,13:00:00,73,68,13:14:00,13:24:00
13-02-26,SA62,Belt 1,12:40:00,12:50:00,126,120,13:02:00,13:14:00
13-02-26,TC212,Belt 1,12:20:00,12:11:00,71,79,12:23:00,12:34:00
13-02-26,UR722,Belt 1,11:45:00,11:48:00,21,29,12:00:00,12:14:00
13-02-26,WB112,Belt 3,15:00:00,14:53:00,97,97,15:05:00,15:16:00
13-02-26,ET873,Belt 1,13:10:00,13:08:00,155,160,13:20:00,13:31:00
13-02-26,4Z166,Belt 1,9:40:00,9:41:00,46,40,9:49:00,10:01:00
13-02-26,4Z162,Belt 2,13:30:00,13:25:00,38,38,13:32:00,13:37:00
13-02-26,QR1455,Belt 3,7:50:00,7:52:00,180,186,8:00:00,8:14:00
13-02-26,QR1456,Belt 1,15:00:00,15:15:00,69,68,15:24:00,15:43:00
13-02-26,TK525,Belt 2,1:20:00,1:05:00,371,365,1:13:00,1:33:00
13-02-26,KQ704,Belt 3,17:20:00,17:38:00,94,85,17:47:00,18:07:00
13-02-26,KQ706,Belt 2,9:10:00,9:16:00,140,139,9:25:00,9:37:00
14-02-26,BP312,Belt 1,8:50:00,9:00:00,161,159,9:09:00,9:18:00
14-02-26,ET34,Belt 1,11:45:00,11:30:00,48,45,11:43:00,11:49:00
14-02-26,ET35,Belt 1,13:10:00,13:02:00,73,65,13:17:00,13:35:00
14-02-26,SA62,Belt 3,12:40:00,12:55:00,181,183,13:06:00,13:16:00
14-02-26,TC212,Belt 2,12:20:00,12:25:00,196,196,12:40:00,12:55:00
14-02-26,UR722,Belt 2,11:45:00,11:58:00,65,67,12:13:00,12:28:00
14-02-26,WB112,Belt 3,15:00:00,15:07:00,-5,178,15:19:00,15:33:00
14-02-26,ET873,Belt 3,13:10:00,13:07:00,301,307,13:18:00,13:26:00
14-02-26,4Z166,Belt 3,9:40:00,9:44:00,64,61,9:56:00,10:01:00
14-02-26,4Z162,Belt 3,13:30:00,13:45:00,59,69,13:52:00,13:58:00
14-02-26,QR1455,Belt 3,7:50:00,7:40:00,208,207,7:50:00,8:02:00
14-02-26,QR1456,Belt 1,15:00:00,15:09:00,165,171,15:17:00,15:32:00
14-02-26,TK525,Belt 1,1:20:00,1:12:00,81,85,1:19:00,1:34:00
14-02-26,KQ704,Belt 2,17:20:00,17:26:00,184,193,17:41:00,17:52:00
14-02-26,KQ706,Belt 1,9:10:00,9:09:00,185,178,9:18:00,9:26:00
15-02-26,BP312,Belt 1,8:50:00,8:42:00,146,147,8:57:00,9:14:00
15-02-26,ET34,Belt 1,11:45:00,11:53:00,56,47,12:07:00,12:16:00
15-02-26,ET35,Belt 2,13:10:00,13:14:00,61,64,13:27:00,13:46:00
15-02-26,SA62,Belt 2,12:40:00,12:48:00,181,182,13:01:00,13:10:00
15-02-26,TC212,Belt 1,12:20:00,12:39:00,65,71,12:51:00,13:01:00
15-02-26,UR722,Belt 3,11:45:00,12:01:00,24,28,12:09:00,12:20:00
15-02-26,WB112,Belt 3,15:00:00,14:47:00,91,97,14:57:00,15:04:00
15-02-26,ET873,Belt 2,13:10:00,13:25:00,161,152,13:34:00,13:39:00
15-02-26,4Z166,Belt 1,9:40:00,9:46:00,38,29,9:54:00,10:00:00
15-02-26,4Z162,Belt 1,13:30:00,13:46:00,47,57,13:54:00,14:06:00
15-02-26,QR1455,Belt 2,7:50:00,8:10:00,189,184,8:19:00,8:30:00
15-02-26,QR1456,Belt 2,15:00:00,15:07:00,337,333,15:19:00,15:24:00
15-02-26,TK525,Belt 2,1:20:00,1:23:00,139,134,1:36:00,1:43:00
15-02-26,KQ704,Belt 1,17:20:00,17:24:00,-5,186,17:33:00,17:49:00
15-02-26,KQ706,Belt 2,9:10:00,9:13:00,188,188,9:24:00,9:40:00
16-02-26,BP312,Belt 3,8:50:00,8:35:00,143,138,8:44:00,9:01:00
16-02-26,ET34,Belt 3,11:45:00,11:57:00,73,65,12:04:00,12:19:00
16-02-26,ET35,Belt 1,13:10:00,13:06:00,41,49,13:21:00,13:40:00
16-02-26,SA62,Belt 2,12:40:00,12:52:00,124,131,13:05:00,13:11:00
16-02-26,TC212,Belt 3,12:20:00,12:20:00,120,116,12:28:00,12:48:00
16-02-26,UR722,Belt 1,11:45:00,11:54:00,18,14,12:04:00,12:15:00
16-02-26,WB112,Belt 1,15:00:00,15:13:00,133,125,15:22:00,15:27:00
16-02-26,ET873,Belt 2,13:10:00,13:26:00,138,143,13:35:00,13:46:00
16-02-26,4Z166,Belt 1,9:40:00,9:55:00,31,36,10:03:00,10:21:00
16-02-26,4Z162,Belt 3,13:30:00,13:45:00,60,52,13:53:00,14:07:00
16-02-26,QR1455,Belt 3,7:50:00,7:55:00,340,333,8:04:00,8:16:00
16-02-26,QR1456,Belt 2,15:00:00,15:20:00,226,216,15:32:00,15:44:00
16-02-26,TK525,Belt 1,1:20:00,1:39:00,322,326,1:51:00,2:05:00
16-02-26,KQ704,Belt 2,17:20:00,17:05:00,169,176,17:19:00,17:38:00
16-02-26,KQ706,Belt 1,9:10:00,9:08:00,193,196,9:17:00,9:34:00
17-02-26,BP312,Belt 1,8:50:00,8:40:00,123,133,8:52:00,9:05:00
17-02-26,ET34,Belt 1,11:45:00,11:57:00,51,46,12:05:00,12:15:00
17-02-26,ET35,Belt 3,13:10:00,13:13:00,56,48,13:27:00,13:32:00
17-02-26,SA62,Belt 3,12:40:00,12:45:00,118,114,12:53:00,13:03:00
17-02-26,TC212,Belt 2,12:20:00,12:18:00,151,154,12:32:00,12:52:00
17-02-26,UR722,Belt 3,11:45:00,11:39:00,13,17,11:53:00,12:08:00
17-02-26,WB112,Belt 2,15:00:00,14:58:00,126,132,15:07:00,15:12:00
17-02-26,ET873,Belt 2,13:10:00,13:30:00,94,100,13:42:00,13:59:00
17-02-26,4Z166,Belt 3,9:40:00,9:50:00,51,60,10:05:00,10:16:00
17-02-26,4Z162,Belt 2,13:30:00,13:24:00,3,12,13:35:00,13:55:00
17-02-26,QR1455,Belt 1,7:50:00,7:47:00,294,288,8:02:00,8:21:00
17-02-26,QR1456,Belt 3,15:00:00,15:12:00,396,400,15:24:00,15:40:00
17-02-26,TK525,Belt 3,1:20:00,1:22:00,181,171,1:37:00,1:54:00
17-02-26,KQ704,Belt 1,17:20:00,17:26:00,76,80,17:33:00,17:46:00
17-02-26,KQ706,Belt 3,9:10:00,9:12:00,132,130,9:20:00,9:35:00
18-02-26,BP312,Belt 3,8:50:00,8:41:00,179,187,8:53:00,9:03:00
18-02-26,ET34,Belt 3,11:45:00,12:01:00,73,65,12:09:00,12:14:00
18-02-26,ET35,Belt 2,13:10:00,13:12:00,59,51,13:21:00,13:37:00
18-02-26,SA62,Belt 1,12:40:00,12:36:00,68,76,12:47:00,12:58:00
18-02-26,TC212,Belt 3,12:20:00,12:21:00,150,140,12:36:00,12:47:00
18-02-26,UR722,Belt 1,11:45:00,11:54:00,45,49,12:01:00,12:19:00
18-02-26,WB112,Belt 2,15:00:00,15:11:00,87,91,15:25:00,15:32:00
18-02-26,ET873,Belt 2,13:10:00,13:13:00,102,108,13:26:00,13:32:00
18-02-26,4Z166,Belt 3,9:40:00,9:30:00,13,19,9:38:00,9:49:00
18-02-26,4Z162,Belt 2,13:30:00,13:20:00,21,17,13:33:00,13:52:00
18-02-26,QR1455,Belt 3,7:50:00,7:38:00,112,121,7:46:00,7:53:00
18-02-26,QR1456,Belt 3,15:00:00,15:12:00,109,107,15:25:00,15:33:00
18-02-26,TK525,Belt 1,1:20:00,1:39:00,133,142,1:47:00,1:53:00
18-02-26,KQ704,Belt 3,17:20:00,17:32:00,104,104,17:47:00,18:06:00
18-02-26,KQ706,Belt 1,9:10:00,9:23:00,129,120,9:33:00,9:39:00
19-02-26,BP312,Belt 3,8:50:00,8:43:00,122,119,8:56:00,9:11:00
19-02-26,ET34,Belt 2,11:45:00,11:54:00,34,44,12:03:00,12:22:00
19-02-26,ET35,Belt 3,13:10:00,13:10:00,65,66,13:25:00,13:33:00
19-02-26,SA62,Belt 1,12:40:00,12:43:00,137,142,12:51:00,12:58:00
19-02-26,TC212,Belt 1,12:20:00,12:30:00,82,75,12:43:00,12:52:00
19-02-26,UR722,Belt 3,11:45:00,11:59:00,55,65,12:11:00,12:20:00
19-02-26,WB112,Belt 2,15:00:00,15:14:00,145,143,15:23:00,15:28:00
19-02-26,ET873,Belt 3,13:10:00,13:06:00,150,149,13:18:00,13:35:00
19-02-26,4Z166,Belt 2,9:40:00,9:56:00,71,61,10:03:00,10:14:00
19-02-26,4Z162,Belt 2,13:30:00,13:41:00,-5,52,13:53:00,14:02:00
19-02-26,QR1455,Belt 3,7:50:00,7:51:00,353,348,7:58:00,8:06:00
19-02-26,QR1456,Belt 3,15:00:00,15:08:00,275,282,15:17:00,15:30:00
19-02-26,TK525,Belt 2,1:20:00,1:33:00,268,267,1:48:00,2:03:00
19-02-26,KQ704,Belt 3,17:20:00,17:27:00,165,163,17:38:00,17:47:00
19-02-26,KQ706,Belt 3,9:10:00,9:20:00,74,76,9:28:00,9:37:00
20-02-26,BP312,Belt 3,8:50:00,8:47:00,111,106,8:54:00,9:12:00
20-02-26,ET34,Belt 3,11:45:00,12:05:00,42,33,12:14:00,12:34:00
20-02-26,ET35,Belt 3,13:10:00,13:19:00,50,45,13:30:00,13:36:00
20-02-26,SA62,Belt 1,12:40:00,12:34:00,89,85,12:42:00,13:00:00
20-02-26,TC212,Belt 3,12:20:00,12:26:00,78,75,12:36:00,12:45:00
20-02-26,UR722,Belt 1,11:45:00,11:48:00,64,65,12:03:00,12:11:00
20-02-26,WB112,Belt 3,15:00:00,14:54:00,149,151,15:03:00,15:08:00
20-02-26,ET873,Belt 3,13:10:00,13:10:00,187,196,13:20:00,13:26:00
20-02-26,4Z166,Belt 1,9:40:00,9:57:00,20,11,10:09:00,10:26:00
20-02-26,4Z162,Belt 1,13:30:00,13:24:00,56,46,13:38:00,13:54:00
20-02-26,QR1455,Belt 1,7:50:00,7:52:00,216,207,8:00:00,8:16:00
20-02-26,QR1456,Belt 1,15:00:00,14:57:00,353,352,15:09:00,15:23:00
20-02-26,TK525,Belt 3,1:20:00,1:24:00,135,138,1:35:00,1:55:00
20-02-26,KQ704,Belt 3,17:20:00,17:37:00,103,105,17:51:00,18:09:00
20-02-26,KQ706,Belt 3,9:10:00,9:12:00,89,98,9:27:00,9:33:00
21-02-26,BP312,Belt 2,8:50:00,8:46:00,92,101,8:56:00,9:01:00
21-02-26,ET34,Belt 3,11:45:00,11:43:00,63,60,11:58:00,12:10:00
21-02-26,ET35,Belt 1,13:10:00,13:22:00,40,38,13:33:00,13:40:00
21-02-26,SA62,Belt 2,12:40:00,12:44:00,114,111,12:59:00,13:05:00
21-02-26,TC212,Belt 1,12:20:00,12:40:00,79,73,12:48:00,13:04:00
21-02-26,UR722,Belt 1,11:45:00,12:03:00,10,16,12:10:00,12:18:00
21-02-26,WB112,Belt 2,15:00:00,15:09:00,89,85,15:17:00,15:28:00
21-02-26,ET873,Belt 3,13:10:00,12:57:00,74,71,13:11:00,13:19:00
21-02-26,4Z166,Belt 3,9:40:00,9:59:00,17,13,10:09:00,10:24:00
21-02-26,4Z162,Belt 1,13:30:00,13:24:00,12,13,13:36:00,13:49:00
21-02-26,QR1455,Belt 3,7:50:00,7:51:00,199,203,8:04:00,8:14:00
21-02-26,QR1456,Belt 3,15:00:00,14:52:00,140,150,14:59:00,15:17:00
21-02-26,TK525,Belt 1,1:20:00,1:37:00,235,228,1:52:00,2:08:00
21-02-26,KQ704,Belt 3,17:20:00,17:23:00,182,179,17:34:00,17:54:00
21-02-26,KQ706,Belt 1,9:10:00,9:05:00,115,122,9:20:00,9:25:00
22-02-26,BP312,Belt 1,8:50:00,8:52:00,116,120,9:05:00,9:15:00
22-02-26,ET34,Belt 1,11:45:00,11:43:00,67,69,11:56:00,12:13:00
22-02-26,ET35,Belt 2,13:10:00,13:14:00,56,62,13:22:00,13:38:00
22-02-26,SA62,Belt 2,12:40:00,12:35:00,92,86,12:45:00,12:54:00
22-02-26,TC212,Belt 1,12:20:00,12:07:00,-5,191,12:14:00,12:20:00
22-02-26,UR722,Belt 1,11:45:00,11:45:00,38,35,11:58:00,12:06:00
22-02-26,WB112,Belt 3,15:00:00,15:08:00,164,154,15:15:00,15:22:00
22-02-26,ET873,Belt 3,13:10:00,13:13:00,79,75,13:27:00,13:46:00
22-02-26,4Z166,Belt 2,9:40:00,9:39:00,66,68,9:46:00,9:51:00
22-02-26,4Z162,Belt 2,13:30:00,13:21:00,49,51,13:31:00,13:38:00
22-02-26,QR1455,Belt 1,7:50:00,8:10:00,348,338,8:21:00,8:26:00
22-02-26,QR1456,Belt 3,15:00:00,14:58:00,169,177,15:10:00,15:20:00
22-02-26,TK525,Belt 2,1:20:00,1:28:00,189,180,1:43:00,1:49:00
22-02-26,KQ704,Belt 2,17:20:00,17:16:00,156,146,17:30:00,17:47:00
22-02-26,KQ706,Belt 3,9:10:00,8:56:00,206,196,9:06:00,9:13:00
23-02-26,BP312,Belt 1,8:50:00,8:47:00,196,188,9:01:00,9:09:00
23-02-26,ET34,Belt 3,11:45:00,11:59:00,43,34,12:14:00,12:28:00
23-02-26,ET35,Belt 3,13:10:00,13:01:00,38,36,13:09:00,13:18:00
23-02-26,SA62,Belt 1,12:40:00,12:27:00,-5,194,12:34:00,12:54:00
23-02-26,TC212,Belt 1,12:20:00,12:05:00,135,138,12:15:00,12:25:00
23-02-26,UR722,Belt 2,11:45:00,11:42:00,32,37,11:52:00,12:06:00
23-02-26,WB112,Belt 3,15:00:00,15:04:00,108,99,15:18:00,15:23:00
23-02-26,ET873,Belt 3,13:10:00,13:12:00,180,185,13:25:00,13:34:00
23-02-26,4Z166,Belt 2,9:40:00,9:59:00,27,23,10:06:00,10:25:00
23-02-26,4Z162,Belt 1,13:30:00,13:15:00,59,64,13:23:00,13:30:00
23-02-26,QR1455,Belt 3,7:50:00,7:44:00,73,78,7:51:00,8:04:00
23-02-26,QR1456,Belt 2,15:00:00,14:52:00,321,329,15:02:00,15:18:00
23-02-26,TK525,Belt 3,1:20:00,1:23:00,372,364,1:38:00,1:57:00
23-02-26,KQ704,Belt 2,17:20:00,17:10:00,90,98,17:24:00,17:29:00
23-02-26,KQ706,Belt 3,9:10:00,9:06:00,208,198,9:17:00,9:22:00
24-02-26,BP312,Belt 3,8:50:00,8:53:00,170,172,9:04:00,9:13:00
24-02-26,ET34,Belt 2,11:45:00,11:53:00,51,58,12:07:00,12:23:00
24-02-26,ET35,Belt 1,13:10:00,13:04:00,39,42,13:18:00,13:34:00
24-02-26,SA62,Belt 3,12:40:00,12:29:00,79,72,12:38:00,12:44:00
24-02-26,TC212,Belt 1,12:20:00,12:25:00,143,136,12:32:00,12:50:00
24-02-26,UR722,Belt 3,11:45:00,12:01:00,35,30,12:09:00,12:19:00
24-02-26,WB112,Belt 2,15:00:00,15:06:00,175,167,15:14:00,15:28:00
24-02-26,ET873,Belt 2,13:10:00,13:29:00,248,256,13:37:00,13:47:00
24-02-26,4Z166,Belt 2,9:40:00,9:49:00,72,67,10:00:00,10:10:00
24-02-26,4Z162,Belt 1,13:30:00,13:29:00,55,52,13:44:00,13:53:00
24-02-26,QR1455,Belt 1,7:50:00,7:36:00,258,250,7:50:00,7:56:00
24-02-26,QR1456,Belt 2,15:00:00,15:07:00,80,72,15:19:00,15:31:00
24-02-26,TK525,Belt 3,1:20:00,1:40:00,108,110,1:48:00,2:06:00
24-02-26,KQ704,Belt 2,17:20:00,17:12:00,163,160,17:19:00,17:39:00
24-02-26,KQ706,Belt 2,9:10:00,9:01:00,128,133,9:15:00,9:29:00
25-02-26,BP312,Belt 3,8:50:00,8:44:00,127,127,8:57:00,9:13:00
25-02-26,ET34,Belt 1,11:45:00,11:30:00,63,59,11:43:00,11:53:00
25-02-26,ET35,Belt 2,13:10:00,13:28:00,41,50,13:41:00,13:55:00
25-02-26,SA62,Belt 2,12:40:00,12:25:00,168,166,12:40:00,12:52:00
25-02-26,TC212,Belt 1,12:20:00,12:07:00,146,137,12:20:00,12:25:00
25-02-26,UR722,Belt 3,11:45:00,11:59:00,44,38,12:10:00,12:19:00
25-02-26,WB112,Belt 3,15:00:00,14:59:00,173,183,15:08:00,15:23:00
25-02-26,ET873,Belt 2,13:10:00,13:03:00,241,247,13:12:00,13:28:00
25-02-26,4Z166,Belt 2,9:40:00,9:50:00,55,58,10:03:00,10:16:00
25-02-26,4Z162,Belt 1,13:30:00,13:40:00,38,44,13:47:00,13:59:00
25-02-26,QR1455,Belt 2,7:50:00,8:02:00,325,323,8:17:00,8:29:00
25-02-26,QR1456,Belt 1,15:00:00,15:08:00,74,71,15:17:00,15:30:00
25-02-26,TK525,Belt 2,1:20:00,1:39:00,-5,295,1:54:00,2:13:00
25-02-26,KQ704,Belt 3,17:20:00,17:17:00,90,87,17:24:00,17:31:00
25-02-26,KQ706,Belt 2,9:10:00,9:00:00,138,146,9:10:00,9:18:00
26-02-26,BP312,Belt 2,8:50:00,8:40:00,134,133,8:49:00,9:00:00
26-02-26,ET34,Belt 1,11:45:00,12:02:00,29,36,12:12:00,12:23:00
26-02-26,ET35,Belt 3,13:10:00,13:01:00,59,56,13:08:00,13:23:00
26-02-26,SA62,Belt 2,12:40:00,12:34:00,124,133,12:45:00,13:00:00
26-02-26,TC212,Belt 2,12:20:00,12:23:00,193,200,12:36:00,12:51:00
26-02-26,UR722,Belt 1,11:45:00,11:35:00,6,11,11:47:00,12:00:00
26-02-26,WB112,Belt 2,15:00:00,14:55:00,190,196,15:06:00,15:14:00
26-02-26,ET873,Belt 3,13:10:00,13:18:00,102,99,13:30:00,13:36:00
26-02-26,4Z166,Belt 2,9:40:00,9:38:00,53,54,9:49:00,9:54:00
26-02-26,4Z162,Belt 2,13:30:00,13:21:00,38,36,13:29:00,13:49:00
26-02-26,QR1455,Belt 2,7:50:00,8:06:00,289,297,8:21:00,8:30:00
26-02-26,QR1456,Belt 2,15:00:00,14:55:00,191,182,15:10:00,15:16:00
26-02-26,TK525,Belt 2,1:20:00,1:10:00,317,327,1:23:00,1:42:00
26-02-26,KQ704,Belt 1,17:20:00,17:33:00,100,107,17:44:00,17:51:00
26-02-26,KQ706,Belt 3,9:10:00,9:13:00,142,139,9:28:00,9:36:00
